decode_group,title,sku,sku_prefix,mpn_barcode,product_type,tags,partial_signal,why_ambiguous,body_excerpt,storefront_link,real_manufacturer
B · decodable SKU prefix,Dual coloured bookcase (15 sizes available) — 15 sizes,BCMB2429WHTSIDEPANEL,BCMB,,,oecm-eligible,prefix=BCMB,SKU prefix 'BCMB' not in the locked prefix->manufacturer lookup; no product_type set; no brand tag (only category/oecm tags); no manufacturer name in title/body.,"FEATURES: SOLID MATCHING BACK STANDARD All outer panels come in white only. Shown in 72"" High Smaller sizes have less shelves SHIPS ASSEMBLED Made in Canada",https://www.brantbusinessinteriors.com/products/dual-coloured-bookcase-15-sizes-available,
B · decodable SKU prefix,Felt acoustic wall tiles,BEL HWS1212-CIR9,BEL,,Sound dampeners wall tiles,oecm-eligible,prefix=BEL · type=Sound dampeners wall tiles,SKU prefix 'BEL' not in the locked prefix->manufacturer lookup; no brand tag (only category/oecm tags); no manufacturer name in title/body.,Silhouette Tiles Harmonious design and acoustic performance is the goal behind our silhouette tiles. We encourage you to have fun mixing and matching this excit,https://www.brantbusinessinteriors.com/products/felt-acoustic-wall-tiles,Global industrial
B · decodable SKU prefix,Planter,BEL-HFP154829-GVS,BEL,,,brand:brant-business-interiors; oecm-eligible,prefix=BEL,SKU prefix 'BEL' not in the locked prefix->manufacturer lookup; no product_type set; no brand tag (only category/oecm tags); no manufacturer name in title/body.,Made-in-Canada commercial planter with a built-in sound-dampening finish — nature and acoustics working together in your workspace. Brant Business Interiors sou,https://www.brantbusinessinteriors.com/products/planter,Global industrial
B · decodable SKU prefix,Ceiling grids sound acoustic dampeners,BELAIR HCG473608-4DAG12,BELAIR,,,brand:brant-business-interiors; oecm-eligible; type:accessories,prefix=BELAIR,SKU prefix 'BELAIR' not in the locked prefix->manufacturer lookup; no product_type set; no brand tag (only category/oecm tags); no manufacturer name in title/body.,Tame open-plan noise with modern 12mm felt ceiling acoustic panels — available in multiple colours and sizes for any workspace. Brant Business Interiors sources,https://www.brantbusinessinteriors.com/products/ceiling-grids-sound-acoustic-dampeners-copy,Global industrial
B · decodable SKU prefix,Ceiling grids sound acoustic dampeners orb,BELAIR HCG16-ORB12,BELAIR,,,oecm-eligible,prefix=BELAIR,SKU prefix 'BELAIR' not in the locked prefix->manufacturer lookup; no product_type set; no brand tag (only category/oecm tags); no manufacturer name in title/body.,"We offer multiple solutions to dampen the sound in open area's. Made out of 12mm felt, these modern looking products not only dampen the sound, but also create",https://www.brantbusinessinteriors.com/products/ceiling-grids-sound-acoustic-dampeners-orb,Global industrial
B · decodable SKU prefix,"Desk lamp - 5.30 w LED bulb - adjustable - metal, acrylic - desk mountable",BOSVLED500,BOSVLED,,,oecm-eligible,prefix=BOSVLED,SKU prefix 'BOSVLED' not in the locked prefix->manufacturer lookup; no product_type set; no brand tag (only category/oecm tags); no manufacturer name in title/body.,"Boom arm LED desk lamp provides a ""warm"" full spectrum illumination that most closely resembles natural light for reduced eyestrain with excellent color renderi",https://www.brantbusinessinteriors.com/products/desk-lamp-5-30-w-led-bulb-adjustable-metal-acrylic-desk-mountable,
B · decodable SKU prefix,"Boat shaped conference table — 96"" x 36"" x 29""",BURO-CTBO 9636+ HB9636,BURO,,,oecm-eligible,prefix=BURO,SKU prefix 'BURO' not in the locked prefix->manufacturer lookup; no product_type set; no brand tag (only category/oecm tags); no manufacturer name in title/body.,"DESCRIPTION Conference Table is a perfect addition to an home or office where style, comfort, and functionality are combined Ideal & stylish look for your board",https://www.brantbusinessinteriors.com/products/boat-shaped-conference-table-96-x-36-x-29,
B · decodable SKU prefix,"Links custom reception unit — 60""x72""",CAB1622LOBBF-CTS3636G-DSK2436LR-ECU246048CLF-LTS1224G-LTS1236G,CAB,,,oecm-eligible,prefix=CAB,SKU prefix 'CAB' not in the locked prefix->manufacturer lookup; no product_type set; no brand tag (only category/oecm tags); no manufacturer name in title/body.,"Links Workspaces combine contemporary design and ergonomics, offered in a wide selection of beautiful finishes and textiles to enhance every workspace environme",https://www.brantbusinessinteriors.com/products/links-custom-reception-unit-60x72,Links Contract Furniture
B · decodable SKU prefix,Makerspace tables,DIVERSIFIEDAFT48305,DIVERSIFIEDAFT,,,oecm-eligible,prefix=DIVERSIFIEDAFT,SKU prefix 'DIVERSIFIEDAFT' not in the locked prefix->manufacturer lookup; no product_type set; no brand tag (only category/oecm tags); no manufacturer name in title/body.,"Avenue A-Frame Table Features 1-3/4"" Thick Solid Maple Worksurface 11-gauge steel “L” channel welded to the legs and bolted to dual cross-table supports for add",https://www.brantbusinessinteriors.com/products/makerspace-tables,
B · decodable SKU prefix,Student Desk,DSQ1824OAKBLK,DSQ,,,industry:educational; oecm-eligible; room:private-office; type:desks,prefix=DSQ,SKU prefix 'DSQ' not in the locked prefix->manufacturer lookup; no product_type set; no brand tag (only category/oecm tags); no manufacturer name in title/body.,"The Honor Roll Square Leg Desk with Closed Book Box is attractive, sturdy and durable. A budget-minded desk for all grade levels. Legs are welded to the book bo",https://www.brantbusinessinteriors.com/products/student-desk,
B · decodable SKU prefix,Student Desk,DTS1828P,DTS,,,industry:educational; oecm-eligible; room:private-office; type:desks,prefix=DTS,SKU prefix 'DTS' not in the locked prefix->manufacturer lookup; no product_type set; no brand tag (only category/oecm tags); no manufacturer name in title/body.,"Duet high density multi-purpose stacking tables, 29""w x 25""d x 28""h Duet stacking tables for post-secondary and adult levels are easy to configure, stack and st",https://www.brantbusinessinteriors.com/products/student-desk-1,
B · decodable SKU prefix,Student Chairs (3 sizes),EDU-SOFIA-LEG-14,EDU,,,industry:educational; oecm-eligible; type:chairs,prefix=EDU,SKU prefix 'EDU' not in the locked prefix->manufacturer lookup; no product_type set; no brand tag (only category/oecm tags); no manufacturer name in title/body.,"Features: SOFIA Educational Chairs K-12 Available Seat Finishes: • 3 sizes of chairs - 14”, 16”, 18” • Reinforced with 19mm x 1.7mm thick crossbeams • Base fini",https://www.brantbusinessinteriors.com/products/student-chairs-3-sizes,
B · decodable SKU prefix,Corner maker — 2 sizes,ERG-CS25703,ERG,,,oecm-eligible,prefix=ERG,SKU prefix 'ERG' not in the locked prefix->manufacturer lookup; no product_type set; no brand tag (only category/oecm tags); no manufacturer name in title/body.,"CornerShaper™ The single solution designed to turn vacant right angles into convenient useful workspaces. To enable easy selection, the Corner Shaper™ is availa",https://www.brantbusinessinteriors.com/products/corner-maker-2-sizes,
B · decodable SKU prefix,Oci platinum monitor arms,ERGOACCESS-LR72-927B-G1,ERGOACCESS,,,oecm-eligible,prefix=ERGOACCESS,SKU prefix 'ERGOACCESS' not in the locked prefix->manufacturer lookup; no product_type set; no brand tag (only category/oecm tags); no manufacturer name in title/body.,"Adept Series Monitor Arm Utilizing classic and time tested styling, the Adept Series delivers outstanding performance and a value conscious price tag. With its ",https://www.brantbusinessinteriors.com/products/oci-platinum-monitor-arms,
B · decodable SKU prefix,Ganging plates for terina tables gfcngfp,GLC-GFT3072R,GLC,,,oecm-eligible,prefix=GLC,SKU prefix 'GLC' not in the locked prefix->manufacturer lookup; no product_type set; no brand tag (only category/oecm tags); no manufacturer name in title/body.,May only be used with Terina Tables,https://www.brantbusinessinteriors.com/products/ganging-plates-for-terina-tables-gfcngfp,
B · decodable SKU prefix,Felt acoustic room dividers,HCA4747-BAM9-T,HCA,,Sound dampeners,oecm-eligible,prefix=HCA · type=Sound dampeners,SKU prefix 'HCA' not in the locked prefix->manufacturer lookup; no brand tag (only category/oecm tags); no manufacturer name in title/body.,DISTRICT SCREENS Acoustic Panels District screens bring an opportunity to make peaceful spaces without building walls. with an added layer of acrylic between th,https://www.brantbusinessinteriors.com/products/felt-acoustic-room-dividers,
B · decodable SKU prefix,Manual height adjustable table,HTM3058T/KEZLIFT,HTM,,,oecm-eligible,prefix=HTM,SKU prefix 'HTM' not in the locked prefix->manufacturer lookup; no product_type set; no brand tag (only category/oecm tags); no manufacturer name in title/body.,Manually operated height adjustable tables with counterbalanced spring mechanism. Exceptional ergonomic alternative to traditional desking. Sit-Stand design pro,https://www.brantbusinessinteriors.com/products/manual-height-adjustable-table,
B · decodable SKU prefix,Hideaway storage cabinet,JNT5946JC,JNT,,,oecm-eligible,prefix=JNT,SKU prefix 'JNT' not in the locked prefix->manufacturer lookup; no product_type set; no brand tag (only category/oecm tags); no manufacturer name in title/body.,"Large, mobile teacher cabinet is great for storing a multitude of items. Plus, it features a separate, securable storage area for valuables and personal items. ",https://www.brantbusinessinteriors.com/products/hideaway-storage-cabinet-1,
B · decodable SKU prefix,Hardfloor casters,MGE-1091503100000,MGE,,,oecm-eligible,prefix=MGE,SKU prefix 'MGE' not in the locked prefix->manufacturer lookup; no product_type set; no brand tag (only category/oecm tags); no manufacturer name in title/body.,"Merangue 2.5"" 64mm Twin Wheel Caster - 2.50"" Made for Hard Floor Surfaces Sold in 5's",https://www.brantbusinessinteriors.com/products/hardfloor-casters,
B · decodable SKU prefix,Trapezoid tables (3 sizes) — 3 sizes,MYB- AT2448Z,MYB,,,oecm-eligible,prefix=MYB,SKU prefix 'MYB' not in the locked prefix->manufacturer lookup; no product_type set; no brand tag (only category/oecm tags); no manufacturer name in title/body.,"High pressure scratch resistant laminate Chewing gum resistant table backing 3mm vinyl bonded edgeband Rounded corners for safety 16 Gauge 1.25"" diameter steel",https://www.brantbusinessinteriors.com/products/trapezoid-tables-3-sizes,
B · decodable SKU prefix,LED desk lamp with wireless charger - LED,RDL-140QI-B,RDL,,,oecm-eligible,prefix=RDL,SKU prefix 'RDL' not in the locked prefix->manufacturer lookup; no product_type set; no brand tag (only category/oecm tags); no manufacturer name in title/body.,Wireless Charger Key Features Three color temperature modes. Touch control buttons and rotary metallic knob. SMD LED light.,https://www.brantbusinessinteriors.com/products/led-desk-lamp-with-wireless-charger-led,
B · decodable SKU prefix,LED desk lamp with USB and night light,RSIRDL110U,RSIRDL,,,oecm-eligible,prefix=RSIRDL,SKU prefix 'RSIRDL' not in the locked prefix->manufacturer lookup; no product_type set; no brand tag (only category/oecm tags); no manufacturer name in title/body.,"LED Desk Lamp with USB and Night Light - RDL-110U - 22"" (558.80 mm) Height - 7"" (177.80 mm) Width - 8 W LED Bulb - 450 Lumens - ABS - Desk Mountable - Warm Whit",https://www.brantbusinessinteriors.com/products/led-desk-lamp-with-usb-and-night-light,
B · decodable SKU prefix,Sonoma,Sanoma,SANOMA,,,oecm-eligible,prefix=SANOMA,SKU prefix 'SANOMA' not in the locked prefix->manufacturer lookup; no product_type set; no brand tag (only category/oecm tags); no manufacturer name in title/body.,"Sonoma™ patient and resident room furniture was developed with the help of healthcare professionals, designers and patients to meet the evolving needs of people",https://www.brantbusinessinteriors.com/products/sonoma,
B · decodable SKU prefix,Soft pods,Soft Pods-1,SOFT,,,oecm-eligible,prefix=SOFT,SKU prefix 'SOFT' not in the locked prefix->manufacturer lookup; no product_type set; no brand tag (only category/oecm tags); no manufacturer name in title/body.,The all NEW SOFTPOD Please contact our Furniture Dept for more information. furnorders@officecentral.com,https://www.brantbusinessinteriors.com/products/soft-pods,
B · decodable SKU prefix,Sphere power,SP22104P030,SP,,,oecm-eligible,prefix=SP,SKU prefix 'SP' not in the locked prefix->manufacturer lookup; no product_type set; no brand tag (only category/oecm tags); no manufacturer name in title/body.,"Two half-spheres SPHERE, as the name suggests, has a spherical design; conveniently, it can be connected from any angle. It comes with two 72"" (6') power cable",https://www.brantbusinessinteriors.com/products/sphere-power,
B · decodable SKU prefix,Gas lift monitor riser,SPR-LLR99554,SPR,,,oecm-eligible,prefix=SPR,SKU prefix 'SPR' not in the locked prefix->manufacturer lookup; no product_type set; no brand tag (only category/oecm tags); no manufacturer name in title/body.,"Desk riser allows you to go from sitting to standing with ease. Stop at any position from 6-1/4"" x 19-1/2"" when adjusting the height. Desk riser operates with a",https://www.brantbusinessinteriors.com/products/gas-lift-monitor-riser,
B · decodable SKU prefix,Anda seat phantom king gaming style office chair,SYNN-AD18XL-58-B-PVC,SYNN,,,oecm-eligible,prefix=SYNN,SKU prefix 'SYNN' not in the locked prefix->manufacturer lookup; no product_type set; no brand tag (only category/oecm tags); no manufacturer name in title/body.,"Overview Dominate the battlefield with the Anda Seat Phantom 3 gaming chair. Its ergonomic design includes a headrest, lumbar support, and 2D armrests to offer",https://www.brantbusinessinteriors.com/products/anda-seat-phantom-king-gaming-style-office-chair,Andaseat
B · decodable SKU prefix,6 drawer end tab cabinet S128 drawers — 6 drawer,TEK-LLF60L2036D1A 2102204,TEK,,,oecm-eligible,prefix=TEK,SKU prefix 'TEK' not in the locked prefix->manufacturer lookup; no product_type set; no brand tag (only category/oecm tags); no manufacturer name in title/body.,"Made in Canada Cabinets with fixed shelves, receding doors, and looped full pull handles accommodate letter size files and file pockets Includes 3 plate divider",https://www.brantbusinessinteriors.com/products/6-drawer-end-tab-cabinet-s128-drawers,
B · decodable SKU prefix,Dual sided height adjustable table,WS48 AGE2DSD126/#_F INV2448TOP,WS,,,oecm-eligible,prefix=WS,SKU prefix 'WS' not in the locked prefix->manufacturer lookup; no product_type set; no brand tag (only category/oecm tags); no manufacturer name in title/body.,"STANDARD FEATURES • Super quiet, dual synchronized motor; less than 48db noise • Anti-collision protection • Optional upgraded controller displaying exact heigh",https://www.brantbusinessinteriors.com/products/dual-sided-height-adjustable-table,Workspace48
B · decodable SKU prefix,Flip Top Training Tables 7 Sizes,WS48-MFLIP080/BF-WS101003-7981,WS,,,industry:educational; oecm-eligible; room:training-room; type:tables,prefix=WS,SKU prefix 'WS' not in the locked prefix->manufacturer lookup; no product_type set; no brand tag (only category/oecm tags); no manufacturer name in title/body.,Frames: White or Black with Silver Powder coat finish base. Worksurfaces: 1” M2 Grade substrate Studio White Matching 2mm PVC edge High Pressure Laminate Featur,https://www.brantbusinessinteriors.com/products/uni-flip-training-tables-7-sizes,Workspace48
B · decodable SKU prefix,Indoor planter,WS48-PLANTER/B,WS,,,oecm-eligible,prefix=WS,SKU prefix 'WS' not in the locked prefix->manufacturer lookup; no product_type set; no brand tag (only category/oecm tags); no manufacturer name in title/body.,Bring the outdoors in Bring the outdoors in to establish and maintain a positive connection with nature in the office! The Viro modular plant wall provides nece,https://www.brantbusinessinteriors.com/products/indoor-planter,Workspace48
"C · has SKU, weak prefix",Bar height table,900-SQU20BARSIL-INVSQ24,(numeric),,,oecm-eligible,code-led SKU=900-SQU20BARSIL-INVSQ24,SKU '900-SQU20BARSIL-INVSQ24' is code/numeric-led with no manufacturer prefix; no product_type set; no brand tag (only category/oecm tags); no manufacturer name in title/body.,"Bar Height Table Metal Base available in Square or Round Base available in 3 colours: Black, Silver & White 8 Colours Base Height: 41"" Top Thickness 1""=42"" High",https://www.brantbusinessinteriors.com/products/bar-height-table,
"C · has SKU, weak prefix",Duet Tablet Chair,6620TR,(numeric),,,industry:educational; oecm-eligible; type:chairs,code-led SKU=6620TR,SKU '6620TR' is code/numeric-led with no manufacturer prefix; no product_type set; no brand tag (only category/oecm tags); no manufacturer name in title/body.,"Armchair with Right or Left Tablet, Polypropylene Seat & Back",https://www.brantbusinessinteriors.com/products/duet-tablet-chair,
"C · has SKU, weak prefix",Hardware for ceiling tiles,9  HAC-PANCLAMP-PF,(numeric),,,oecm-eligible,code-led SKU=9  HAC-PANCLAMP-PF,SKU '9  HAC-PANCLAMP-PF' is code/numeric-led with no manufacturer prefix; no product_type set; no brand tag (only category/oecm tags); no manufacturer name in title/body.,"Mounting and suspension hardware for acoustic ceiling tiles and drop-ceiling panels. Includes the clips, wires, and brackets required for a clean installation. ",https://www.brantbusinessinteriors.com/products/hardware-for-ceiling-tiles,
"C · has SKU, weak prefix",Stacking chair popcorn — 6711,6621,(numeric),,,oecm-eligible,code-led SKU=6621,SKU '6621' is code/numeric-led with no manufacturer prefix; no product_type set; no brand tag (only category/oecm tags); no manufacturer name in title/body.,"Duet is a high-density stacking chair that is easy to connect, quick to stack and simple to store. Frame is made from durable solid steel rod available in chrom",https://www.brantbusinessinteriors.com/products/stacking-chair-popcorn-6711,
"C · has SKU, weak prefix",Stacking chair sonic — 6508,6508,(numeric),,,oecm-eligible,code-led SKU=6508,SKU '6508' is code/numeric-led with no manufacturer prefix; no product_type set; no brand tag (only category/oecm tags); no manufacturer name in title/body.,"Sonic is ideal for meeting rooms, office guest seating, food facilities, lecture halls, and just about anywhere. The series is offered with or without arms, wit",https://www.brantbusinessinteriors.com/products/stacking-chair-sonic-6508,
"C · has SKU, weak prefix",Student Chair 4 sizes,C-HR-4LEG12,(numeric),,,oecm-eligible,code-led SKU=C-HR-4LEG12,SKU 'C-HR-4LEG12' is code/numeric-led with no manufacturer prefix; no product_type set; no brand tag (only category/oecm tags); no manufacturer name in title/body.,Honor Roll 4-Leg Stacking Chair is developed for use in any learning environment. It is the only chair on the market that can stack fifteen chairs high freestan,https://www.brantbusinessinteriors.com/products/student-chair-4-sizes-1,Alumni Educational Solutions
"C · has SKU, weak prefix",Student Chair 4 sizes,C-AIR-4LEG12,(numeric),,,oecm-eligible,code-led SKU=C-AIR-4LEG12,SKU 'C-AIR-4LEG12' is code/numeric-led with no manufacturer prefix; no product_type set; no brand tag (only category/oecm tags); no manufacturer name in title/body.,"The Air 4-Leg Stacking Chair was developed for use in any learning environment. It can stack five chairs high freestanding, locking into one another when stacke",https://www.brantbusinessinteriors.com/products/student-chair-4-sizes-copy,Alumni Educational Solutions
"C · has SKU, weak prefix",Student Chair 4 sizes,C-SVY-4LEG12,(numeric),,,oecm-eligible,code-led SKU=C-SVY-4LEG12,SKU 'C-SVY-4LEG12' is code/numeric-led with no manufacturer prefix; no product_type set; no brand tag (only category/oecm tags); no manufacturer name in title/body.,"The Savvy 4-Leg Stacking Chair was developed for use in any learning environment. It can stack five chairs high freestanding, locking into one another when stac",https://www.brantbusinessinteriors.com/products/student-chair-4-sizes,Alumni Educational Solutions
"C · has SKU, weak prefix",Supra x chair,5333-3,(numeric),,,oecm-eligible,code-led SKU=5333-3,SKU '5333-3' is code/numeric-led with no manufacturer prefix; no product_type set; no brand tag (only category/oecm tags); no manufacturer name in title/body.,upra X is the perfect complement of affordable ergonomic task seating designed for contemporary appearance and comfort. Famous seating designer Zooey Chu was co,https://www.brantbusinessinteriors.com/products/supra-x-chair-1,B
D · descriptive title only,1 1/2 Drawer High Lateral Cabinet,,(none),,,oecm-eligible,(no usable signal),no SKU on any variant; no product_type set; no brand tag (only category/oecm tags); no manufacturer name in title/body.,"- 30"" x 19.3"" x 21.3"" - 2 x Drawer(s) for Box, File - L- 30"" x 19.3"" x 21.3"" - 2 x Drawer legal, Letter - Lateral - Welded, Eco-friendly, Ball-bearing Suspensio",https://www.brantbusinessinteriors.com/products/1-1-2-drawer-high-lateral-cabinet-4,
D · descriptive title only,Agile double sided 8-pod height adjustable shared desk,,(none),,,oecm-eligible,(no usable signal),no SKU on any variant; no product_type set; no brand tag (only category/oecm tags); no manufacturer name in title/body.,"Each workstation includes: Height Adjustable White Table 48""x24"" Cable Snake Drawers on Wheels Desktop Power Pack (USB,USBC;Duplex) Dividers (Front & Side) Over",https://www.brantbusinessinteriors.com/products/agile-double-sided-8-pod-height-adjustable-shared-desk,
D · descriptive title only,Arm caps for 2330 chair,,(none),,,oecm-eligible,(no usable signal),no SKU on any variant; no product_type set; no brand tag (only category/oecm tags); no manufacturer name in title/body.,Model # 014038973-A for Model # 2330 Chair Sold as eaches. Order 2 ( Left and Right Arm) Not exactly as shown. NON Returnable. Price includes handling,https://www.brantbusinessinteriors.com/products/arm-caps-for-2330-chair,
D · descriptive title only,Boulevard system 3,,(none),,,oecm-eligible,(no usable signal),no SKU on any variant; no product_type set; no brand tag (only category/oecm tags); no manufacturer name in title/body.,Boulevard System 3 Disregard Pricing,https://www.brantbusinessinteriors.com/products/boulevard-system-3,
D · descriptive title only,Caster options,,(none),,Avis-add-charge,bestseller; oecm-eligible; type:accessories,type=Avis-add-charge,no SKU on any variant; no brand tag (only category/oecm tags); no manufacturer name in title/body.,The right caster makes the difference between a chair that moves with you and one that fights you all day. Caster options from Brant Business Interiors are desi,https://www.brantbusinessinteriors.com/products/caster-options,
D · descriptive title only,Ceiling baffles sound acoustic dampeners,,(none),,Sound dampeners,oecm-eligible; type:accessories,type=Sound dampeners,no SKU on any variant; no brand tag (only category/oecm tags); no manufacturer name in title/body.,"Ceiling baffles that bring the noise down without getting in the way of your ceiling grid. Open-plan offices, training rooms, and multi-use facilities generate ",https://www.brantbusinessinteriors.com/products/ceiling-baffles-sound-acoustic-dampeners,
D · descriptive title only,Cluster seating 4,,(none),,,oecm-eligible,(no usable signal),no SKU on any variant; no product_type set; no brand tag (only category/oecm tags); no manufacturer name in title/body.,"Description Comfortably seats 4 adults Size: 24""x48"" 1"" thick 45lb high density particle board High pressure scratch resistant laminate Chewing gum resistant ta",https://www.brantbusinessinteriors.com/products/cluster-seating,
D · descriptive title only,Custom reception unit & accessories,,(none),,,oecm-eligible,(no usable signal),no SKU on any variant; no product_type set; no brand tag (only category/oecm tags); no manufacturer name in title/body.,"As per Drawing, Sizes as shown.",https://www.brantbusinessinteriors.com/products/custom-reception-unit-accessories,
D · descriptive title only,Dolly for sonic chairs — 6517WS,,(none),,,oecm-eligible,(no usable signal),no SKU on any variant; no product_type set; no brand tag (only category/oecm tags); no manufacturer name in title/body.,This dolly is made specifically for the Sonic line of seating. Dimensions: W23.25 x D24.75 x H12.25 IN.,https://www.brantbusinessinteriors.com/products/dolly-for-sonic-chairs-6517ws,
D · descriptive title only,Dual monitor arm,,(none),,,oecm-eligible,(no usable signal),no SKU on any variant; no product_type set; no brand tag (only category/oecm tags); no manufacturer name in title/body.,"Fellowes Platinum Mounting Arm for Monitor - Silver - 2 Display(s) Supported 27"" Screen Support - 18.14 kg Load Capacity In Stock Category Monitor Arms Manufact",https://www.brantbusinessinteriors.com/products/dual-monitor-arm,
D · descriptive title only,Electric desk riser + dual monitor arm,,(none),,,oecm-eligible,(no usable signal),no SKU on any variant; no product_type set; no brand tag (only category/oecm tags); no manufacturer name in title/body.,Electric Desk Riser + Dual Monitor Arm Large 37.25”” x 20.5” work surface. EVR Enhanced Vertical Range from 4.7” to 21.7”. Electric lift system raises up to 40,https://www.brantbusinessinteriors.com/products/electric-desk-riser-dual-monitor-arm,
D · descriptive title only,Evolve workstations,,(none),,,oecm-eligible,(no usable signal),no SKU on any variant; no product_type set; no brand tag (only category/oecm tags); no manufacturer name in title/body.,"Evolve® Stack. Connect. Support. Evolve offers tailored solutions that shape space, connect people and support new ways of working. Evolve provides the backbone",https://www.brantbusinessinteriors.com/products/evolve-workstations,
D · descriptive title only,"Factor mesh back armchair, casters (5545amc) — 5545AMC",,(none),,,oecm-eligible,(no usable signal),no SKU on any variant; no product_type set; no brand tag (only category/oecm tags); no manufacturer name in title/body.,"You just won’t believe the price. New to the series, Factor multi-purpose guest chairs feature a matching picture frame back design and the same finishes as the",https://www.brantbusinessinteriors.com/products/factor-mesh-back-armchair-casters-5545amc-1,
D · descriptive title only,Felt sound dampeners,,(none),,,oecm-eligible,(no usable signal),no SKU on any variant; no product_type set; no brand tag (only category/oecm tags); no manufacturer name in title/body.,"Manufactured in Canada & crafted with impeccable attention to detail using high-quality materials, our acoustic trophies and sculptures not only serve as eye-ca",https://www.brantbusinessinteriors.com/products/felt-sound-dampeners,
D · descriptive title only,Grommet hole & cover,,(none),,,oecm-eligible,(no usable signal),no SKU on any variant; no product_type set; no brand tag (only category/oecm tags); no manufacturer name in title/body.,"2"" Plastic Cover For Local locations only Includes onsite cutting Hole Size: 2"" Cover Size: 1.76""",https://www.brantbusinessinteriors.com/products/grommet-hole-cover,
D · descriptive title only,"Haag Shell Jacket, Men's, 4X-Large, Black",,(none),,,oecm-eligible,(no usable signal),no SKU on any variant; no product_type set; no brand tag (only category/oecm tags); no manufacturer name in title/body.,Unique back frame designed with wrap around mesh back High Back. Pneumatic seat height adjustment. Seat depth adjustment. Tilt lock. Tilt tension adjustment. He,https://www.brantbusinessinteriors.com/products/haag-shell-jacket-mens-4x-large-black-1,
D · descriptive title only,"Haag Shell Jacket, Men's, 4X-Large, Black",,(none),,,oecm-eligible,(no usable signal),no SKU on any variant; no product_type set; no brand tag (only category/oecm tags); no manufacturer name in title/body.,Unique back frame designed with wrap around mesh back High Back. Pneumatic seat height adjustment. Seat depth adjustment. Tilt lock. Tilt tension adjustment. He,https://www.brantbusinessinteriors.com/products/haag-shell-jacket-mens-4x-large-black-2,
D · descriptive title only,High back tilter with arms,,(none),,,oecm-eligible,(no usable signal),no SKU on any variant; no product_type set; no brand tag (only category/oecm tags); no manufacturer name in title/body.,Upholstery Options: Luxhide: Available in various colors,https://www.brantbusinessinteriors.com/products/high-back-tilter-with-arms,
D · descriptive title only,"Honor roll -dsq-1824-pb table desk - square leg base - 4 legs x 24"" table top width x 18"" table top depth 5 each — 18""",,(none),,,oecm-eligible; room:private-office; type:desks,(no usable signal),no SKU on any variant; no product_type set; no brand tag (only category/oecm tags); no manufacturer name in title/body.,"Honor Roll series square-leg base table desk with a 24"" × 18"" work surface. Its compact footprint makes it a fit for training rooms, breakout spaces, touchdown",https://www.brantbusinessinteriors.com/products/honor-roll-dsq-1824-pb-table-desk-square-leg-base-4-legs-x-24-table-top-width-x-18-table-top-depth-5-each,
D · descriptive title only,Lateral file (used) 5 drawer beige nevada — 5 drawer,,(none),,,oecm-eligible,(no usable signal),no SKU on any variant; no product_type set; no brand tag (only category/oecm tags); no manufacturer name in title/body.,Features Levelling glides standard Cam locks with removable cores are standard File bars included Interlock system prevents tipping by allowing only one drawer ,https://www.brantbusinessinteriors.com/products/lateral-file-used-5-drawer-beige-nevada,
D · descriptive title only,"Original ""Hydro"" Parkas, Men's, Medium, Navy Blue",,(none),,,oecm-eligible,(no usable signal),no SKU on any variant; no product_type set; no brand tag (only category/oecm tags); no manufacturer name in title/body.,Unique back frame designed with wrap around mesh back High Back. Pneumatic seat height adjustment. Seat depth adjustment. Tilt lock. Tilt tension adjustment. He,https://www.brantbusinessinteriors.com/products/original-hydro-parkas-mens-medium-navy-blue,
D · descriptive title only,Please select a Finish,,(none),,Avis-add-charge,bestseller; oecm-eligible,type=Avis-add-charge,no SKU on any variant; no brand tag (only category/oecm tags); no manufacturer name in title/body.,,https://www.brantbusinessinteriors.com/products/please-select-a-finish,
D · descriptive title only,Please Select a Finish,,(none),,Avis-add-charge,bestseller; oecm-eligible,type=Avis-add-charge,no SKU on any variant; no brand tag (only category/oecm tags); no manufacturer name in title/body.,,https://www.brantbusinessinteriors.com/products/please-select-a-finish-1,
D · descriptive title only,Pod phone booths,,(none),,,oecm-eligible,(no usable signal),no SKU on any variant; no product_type set; no brand tag (only category/oecm tags); no manufacturer name in title/body.,"POD (Privacy on Demand) is a family of products that are designed for occasional, short-duration privacy from the open plan. It supports technology and helps sh",https://www.brantbusinessinteriors.com/products/pod-phone-booths,
D · descriptive title only,Recliners by Ryno,,(none),,,industry:healthcare; oecm-eligible; type:outdoor,(no usable signal),no SKU on any variant; no product_type set; no brand tag (only category/oecm tags); no manufacturer name in title/body.,FEATURES Reclining motion is controlled with body weight – no controls or power required The internal mechanism is concealed to minimize ligature risks The gene,https://www.brantbusinessinteriors.com/products/recliners-by-ryno,
D · descriptive title only,Ryno patio furniture waterproof polyethylene,,(none),,,oecm-eligible,(no usable signal),no SKU on any variant; no product_type set; no brand tag (only category/oecm tags); no manufacturer name in title/body.,"FEATURES Additional weighting limits potential to weaponize Strength & stability tested for severe contract use Pick proof design UV resistant, waterproof polye",https://www.brantbusinessinteriors.com/products/ryno-patio-furniture-waterproof-polyethylene,
D · descriptive title only,"Solid steel shelving, starter set",,(none),,,oecm-eligible,(no usable signal),no SKU on any variant; no product_type set; no brand tag (only category/oecm tags); no manufacturer name in title/body.,These rugged and dependable T-Bolt™ shelving units deliver real supporting strength for all types of storage uses. Quality shelving for heavy-duty storage solut,https://www.brantbusinessinteriors.com/products/solid-steel-shelving-starter-set,
D · descriptive title only,"Sonic armchair, polypropylene seat & back (6513) — 6513",,(none),,,oecm-eligible,(no usable signal),no SKU on any variant; no product_type set; no brand tag (only category/oecm tags); no manufacturer name in title/body.,"Sonic is ideal for meeting rooms, office guest seating, food facilities, lecture halls, and just about anywhere. Dimensions: W23 x D21.5 x H33 IN.",https://www.brantbusinessinteriors.com/products/sonic-armchair-polypropylene-seat-back-6513,
D · descriptive title only,The halifax collection,,(none),,,oecm-eligible,(no usable signal),no SKU on any variant; no product_type set; no brand tag (only category/oecm tags); no manufacturer name in title/body.,Variety Choose from two unique leg options: A-Leg and V-Leg Seamless height-adjustable table integration Metal features available in 20 colours Design High desi,https://www.brantbusinessinteriors.com/products/the-halifax-collection,
D · descriptive title only,Ultra guest chair,,(none),,,oecm-eligible,(no usable signal),no SKU on any variant; no product_type set; no brand tag (only category/oecm tags); no manufacturer name in title/body.,MVL11743 Ultra | Armless Medium Back Guest Chair Cantilever style base Welded steel frame with Chrome finish Armless Upholstered in LuxPlus vinyl,https://www.brantbusinessinteriors.com/products/ultra-guest-chair,
D · descriptive title only,Ultra | Armless High Back Tilter Black,,(none),,,oecm-eligible,(no usable signal),no SKU on any variant; no product_type set; no brand tag (only category/oecm tags); no manufacturer name in title/body.,Unique back frame designed with wrap around mesh back High Back. Pneumatic seat height adjustment. Seat depth adjustment. Tilt lock. Tilt tension adjustment. He,https://www.brantbusinessinteriors.com/products/ultra-armless-high-back-tilter-black,
D · descriptive title only,Unisource PromeltSlice Ice Melting Compound - Crystal - 20 kg,,(none),,,oecm-eligible,(no usable signal),no SKU on any variant; no product_type set; no brand tag (only category/oecm tags); no manufacturer name in title/body.,Unique back frame designed with wrap around mesh back High Back. Pneumatic seat height adjustment. Seat depth adjustment. Tilt lock. Tilt tension adjustment. He,https://www.brantbusinessinteriors.com/products/unisource-promeltslice-ice-melting-compound-crystal-20-kg,
D · descriptive title only,Wave | High Back Synchro-Tilter,,(none),,,oecm-eligible,(no usable signal),no SKU on any variant; no product_type set; no brand tag (only category/oecm tags); no manufacturer name in title/body.,"Built for professionals who spend long hours at their desk, Wave combines dynamic support with modern design. Featuring a breathable mesh back and many adjustme",https://www.brantbusinessinteriors.com/products/wave-high-back-synchro-tilter,
E · SCN — NEEDS SUPPLIER INVOICE,"Deep hi-boy storage cabinet 72"" h x 36"" w x 24"" d — 24""",SCN-FJ883,SCN,,,oecm-eligible,prefix=SCN,"SKU prefix SCN = lockers / recycled-plastic site furnishings; this is a distributor/category code, not a single OEM. Maps to multiple possible manufacturers — NEEDS SUPPLIER INVOICE to confirm.","Description 4 Fully adjustable shelves Includes recessed handle and cylinder lock Suitable for office, plant, school or institutional storage needs 72""x24""x36""W",https://www.brantbusinessinteriors.com/products/deep-hi-boy-storage-cabinet-72-h-x-36-w-x-24-d,https://www.scnindustrial.com/
E · SCN — NEEDS SUPPLIER INVOICE,"Jumbo storage cabinet assembled 72"" h x48""w x 24"" d — 24""",SCN-FL786,SCN,,,oecm-eligible,prefix=SCN,"SKU prefix SCN = lockers / recycled-plastic site furnishings; this is a distributor/category code, not a single OEM. Maps to multiple possible manufacturers — NEEDS SUPPLIER INVOICE to confirm.","Extra Wide Hi-Boy Storage Cabinet Steel 4 Shelves 72"" H x 48"" W x 24"" D, Grey 3 Point Locking System Arrives Assembled",https://www.brantbusinessinteriors.com/products/jumbo-storage-cabinet-assembled-72-h-x48w-x-24-d,https://www.scnindustrial.com/
E · SCN — NEEDS SUPPLIER INVOICE,"Lockerettes, 6 -tier, bank of 3, 36"" x 18"" x 72"", steel, grey, rivet (assembled) — 36"" x 18"" x 72""",SCN-FJ173,SCN,,,oecm-eligible,prefix=SCN,"SKU prefix SCN = lockers / recycled-plastic site furnishings; this is a distributor/category code, not a single OEM. Maps to multiple possible manufacturers — NEEDS SUPPLIER INVOICE to confirm.","Clean Line™ Lockerettes, 6 -tier, Bank of 2, 24"" x 18"" x 72"", Steel, Grey, Rivet (Assembled) Description Prime grade cold rolled steel locker All welded frame a",https://www.brantbusinessinteriors.com/products/lockerettes-6-tier-bank-of-3-36-x-18-x-72-steel-grey-rivet-assembled,https://www.scnindustrial.com/
E · SCN — NEEDS SUPPLIER INVOICE,Lockers 2 tier (assembled),SCN-FL396,SCN,,,oecm-eligible,prefix=SCN,"SKU prefix SCN = lockers / recycled-plastic site furnishings; this is a distributor/category code, not a single OEM. Maps to multiple possible manufacturers — NEEDS SUPPLIER INVOICE to confirm.","2 Overall Depth 18"" Overall Height 76"" Overall Width Single 12"", Double 24"", Triple 36"", Quad 48""",https://www.brantbusinessinteriors.com/products/lockers-2-tier-assembled,https://www.scnindustrial.com/
E · SCN — NEEDS SUPPLIER INVOICE,Lockers 2-tier,SCN-FN478,SCN,,,oecm-eligible,prefix=SCN,"SKU prefix SCN = lockers / recycled-plastic site furnishings; this is a distributor/category code, not a single OEM. Maps to multiple possible manufacturers — NEEDS SUPPLIER INVOICE to confirm.","Description Keep your workplace tidy while also providing secure storage for personal items. Available in both knocked down and assembled models, lockers featur",https://www.brantbusinessinteriors.com/products/lockers-2-tier,https://www.scnindustrial.com/
E · SCN — NEEDS SUPPLIER INVOICE,Lockers single tier (assembled),SCN-FJ151,SCN,,,oecm-eligible,prefix=SCN,"SKU prefix SCN = lockers / recycled-plastic site furnishings; this is a distributor/category code, not a single OEM. Maps to multiple possible manufacturers — NEEDS SUPPLIER INVOICE to confirm.","1 Overall Depth 18"" Overall Height 72"" Overall Width 36""",https://www.brantbusinessinteriors.com/products/lockers-single-tier-assembled,https://www.scnindustrial.com/
E · SCN — NEEDS SUPPLIER INVOICE,Recycled plastic picnic tables,scn-nd426,SCN,,,oecm-eligible,prefix=SCN,"SKU prefix SCN = lockers / recycled-plastic site furnishings; this is a distributor/category code, not a single OEM. Maps to multiple possible manufacturers — NEEDS SUPPLIER INVOICE to confirm.","Description 100% recycled plastic Guaranteed not to rust or crack, eliminating the need for component replacement Mold-in colour feature means no painting is ev",https://www.brantbusinessinteriors.com/products/recycled-plastic-picnic-tables,https://www.scnindustrial.com/
"F · true unknown (no SKU, generic title)",Coat tree,,(none),,,oecm-eligible,(no usable signal),no SKU on any variant; no product_type set; no brand tag (only category/oecm tags); no manufacturer name in title/body.,"Coordinating coat trees come in three styles, all with stabilizing levelling glides.",https://www.brantbusinessinteriors.com/products/coat-tree,
"F · true unknown (no SKU, generic title)",Colour,,(none),,Avis-add-charge,bestseller; exclude:business-furniture,type=Avis-add-charge,no SKU on any variant; no brand tag (only category/oecm tags); no manufacturer name in title/body.,,https://www.brantbusinessinteriors.com/products/colour,
"F · true unknown (no SKU, generic title)",Desk l-shape with drawers,,(none),,,oecm-eligible,(no usable signal),no SKU on any variant; no product_type set; no brand tag (only category/oecm tags); no manufacturer name in title/body.,"NEWLAND | ""L"" SHAPED DESK WITH PEDESTAL - 66""W X 66""D Newland - simple and modular components combining classic design, quality and value to support a wide rang",https://www.brantbusinessinteriors.com/products/desk-l-shape-with-drawers,
"F · true unknown (no SKU, generic title)",Diet,,(none),,,exclude:business-furniture,(no usable signal),no SKU on any variant; no product_type set; no brand tag (only category/oecm tags); no manufacturer name in title/body.,"Diet Create any size, any colour Made in Canada Disregard Pricing.",https://www.brantbusinessinteriors.com/products/diet,
"F · true unknown (no SKU, generic title)",Keys 2/set,,(none),,,oecm-eligible,(no usable signal),no SKU on any variant; no product_type set; no brand tag (only category/oecm tags); no manufacturer name in title/body.,Keys for Global Cabinets Custom order: Non Returnable Key Shape may differ,https://www.brantbusinessinteriors.com/products/keys-2-set,
"F · true unknown (no SKU, generic title)",Monitor arms,,(none),,Avis-add-charge,oecm-eligible,type=Avis-add-charge,no SKU on any variant; no brand tag (only category/oecm tags); no manufacturer name in title/body.,Single-monitor articulating arm that frees up desk space and supports ergonomic screen positioning. Fits most VESA-compatible displays up to standard office mon,https://www.brantbusinessinteriors.com/products/monitor-arms,
"F · true unknown (no SKU, generic title)",Workstation U Shape,,(none),,,oecm-eligible,(no usable signal),no SKU on any variant; no product_type set; no brand tag (only category/oecm tags); no manufacturer name in title/body.,Unique back frame designed with wrap around mesh back High Back. Pneumatic seat height adjustment. Seat depth adjustment. Tilt lock. Tilt tension adjustment. He,https://www.brantbusinessinteriors.com/products/workstation-u-shape,