product_id,product_handle,current_title,current_vendor,current_body_first_200,detected_manufacturer,classification,confidence,confidence_tier,primary_signal,evidence_summary,recommended_vendor_correction,sub_brand_detected,decision,product_type,sku_sample,sku_prefix,barcode_sample,ambiguous_prefix
9039328477497,ultra-armless-high-back-tilter-black,Ultra | Armless High Back Tilter Black,Brant Business Interiors,Unique back frame designed with wrap around mesh back High Back. Pneumatic seat height adjustment. Seat depth adjustment. Tilt lock. Tilt tension adjustment. Height adjustable arms. Black. Main Featur,NONE,AMBIGUOUS,UNKNOWN,,,no manufacturer signal; sku_prefix=none,NONE,,,,,,,(no-sku)
9039374582073,workstation-u-shape,Workstation U Shape,Brant Business Interiors,Unique back frame designed with wrap around mesh back High Back. Pneumatic seat height adjustment. Seat depth adjustment. Tilt lock. Tilt tension adjustment. Height adjustable arms. Black. Main Featur,NONE,AMBIGUOUS,UNKNOWN,,,no manufacturer signal; sku_prefix=none,NONE,,,,,,,(no-sku)
9039376023865,desk-u-shape-mlp205-1,Desk u-shape,Brant Business Interiors,"NEWLAND | ""U"" SHAPED SUITE - 72""W X 102""D Newland - simple and modular components combining classic design, quality and value to support a wide range of workspace applications. From private offices, o",Global Furniture Group,CONFIDENT,HIGH,tier2,sku_subcode: SKU sub-code NLP (e.g. NLP321) (sku),[HIGH] sku_subcode:'SKU sub-code NLP (e.g. NLP321)' in sku->Global Furniture Group,Global Furniture Group,,,,NLP321,NLP,,
9039381201209,unisource-promeltslice-ice-melting-compound-crystal-20-kg,Unisource PromeltSlice Ice Melting Compound - Crystal - 20 kg,Brant Business Interiors,Unique back frame designed with wrap around mesh back High Back. Pneumatic seat height adjustment. Seat depth adjustment. Tilt lock. Tilt tension adjustment. Height adjustable arms. Black. Main Featur,NONE,AMBIGUOUS,UNKNOWN,,,no manufacturer signal; sku_prefix=none,NONE,,,,,,,(no-sku)
9039398764857,haag-shell-jacket-mens-4x-large-black-1,"Haag Shell Jacket, Men's, 4X-Large, Black",Brant Business Interiors,Unique back frame designed with wrap around mesh back High Back. Pneumatic seat height adjustment. Seat depth adjustment. Tilt lock. Tilt tension adjustment. Height adjustable arms. Black. Main Featur,NONE,AMBIGUOUS,UNKNOWN,,,no manufacturer signal; sku_prefix=none,NONE,,,,,,,(no-sku)
9039399780665,haag-shell-jacket-mens-4x-large-black-2,"Haag Shell Jacket, Men's, 4X-Large, Black",Brant Business Interiors,Unique back frame designed with wrap around mesh back High Back. Pneumatic seat height adjustment. Seat depth adjustment. Tilt lock. Tilt tension adjustment. Height adjustable arms. Black. Main Featur,NONE,AMBIGUOUS,UNKNOWN,,,no manufacturer signal; sku_prefix=none,NONE,,,,,,,(no-sku)
9039401713977,honor-roll-dsq-1824-pb-table-desk-square-leg-base-4-legs-x-24-table-top-width-x-18-table-top-depth-5-each,"Honor roll -dsq-1824-pb table desk - square leg base - 4 legs x 24"" table top width x 18"" table top depth 5 each — 18""",Brant Business Interiors,"Honor Roll series square-leg base table desk with a 24"" × 18"" work surface. Its compact footprint makes it a fit for training rooms, breakout spaces, touchdown stations, and child-sized work areas. Fo",NONE,AMBIGUOUS,UNKNOWN,,,no manufacturer signal; sku_prefix=none,NONE,,,,,,,(no-sku)
9039403024697,1-1-2-drawer-high-lateral-cabinet-4,1 1/2 Drawer High Lateral Cabinet,Brant Business Interiors,"- 30"" x 19.3"" x 21.3"" - 2 x Drawer(s) for Box, File - L- 30"" x 19.3"" x 21.3"" - 2 x Drawer legal, Letter - Lateral - Welded, Eco-friendly, Ball-bearing Suspension, Recyclable, Interlocking, Durable, Ke",NONE,AMBIGUOUS,UNKNOWN,,,no manufacturer signal; sku_prefix=none,NONE,,,,,,,(no-sku)
9039407841593,original-hydro-parkas-mens-medium-navy-blue,"Original ""Hydro"" Parkas, Men's, Medium, Navy Blue",Brant Business Interiors,Unique back frame designed with wrap around mesh back High Back. Pneumatic seat height adjustment. Seat depth adjustment. Tilt lock. Tilt tension adjustment. Height adjustable arms. Black. Main Featur,NONE,AMBIGUOUS,UNKNOWN,,,no manufacturer signal; sku_prefix=none,NONE,,,,,,,(no-sku)
9103188459833,boat-shaped-conference-table-96-x-36-x-29,"Boat shaped conference table — 96"" x 36"" x 29""",Brant Business Interiors,"DESCRIPTION Conference Table is a perfect addition to an home or office where style, comfort, and functionality are combined Ideal & stylish look for your boardroom Boardroom tables are available for ",NONE,AMBIGUOUS,UNKNOWN,,,no manufacturer signal; sku_prefix=BURO,NONE,,,,BURO-CTBO 9636+ HB9636,BURO,,BURO
9114228523321,aktivity-rectangle-height-adjustable-table,Aktivity Rectangle Height Adjustable Table,Brant Business Interiors,"Available in the following sizes: 24"" x 24"", 24"" x 48"", 24"" x 60"" and 30"" x 60"" Available in the following heights: 17"" - 25"", 22"" - 30"" and 30"" - 42"" Maple high pressure scratch resistant laminate Si",MityBilt,CONFIDENT,HIGH,tier1,sku_prefix: SKU prefix MTY (e.g. MTY-IS-AT2424) (sku),[HIGH] sku_prefix:'SKU prefix MTY (e.g. MTY-IS-AT2424)' in sku->MityBilt,MityBilt,,,,MTY-IS-AT2424,MTY,,
9455162884409,desk-double-pedestal,Desk double pedestal,Brant Business Interiors,Box/box/file and file/file pedestal positions are reversible,Global Furniture Group,CONFIDENT,HIGH,tier2,sku_subcode: SKU sub-code NLP (e.g. NLP109) (sku),[HIGH] sku_subcode:'SKU sub-code NLP (e.g. NLP109)' in sku->Global Furniture Group,Global Furniture Group,,,,NLP109,NLP,,
9455233368377,desk-l-shape-with-drawers,Desk l-shape with drawers,Brant Business Interiors,"NEWLAND | ""L"" SHAPED DESK WITH PEDESTAL - 66""W X 66""D Newland - simple and modular components combining classic design, quality and value to support a wide range of workspace applications. From privat",NONE,AMBIGUOUS,UNKNOWN,,,no manufacturer signal; sku_prefix=none,NONE,,,,,,,(no-sku)
9455249195321,table-desk-13-colour-options,Table desk 13 colour options — 13 colour,Brant Business Interiors,"""L"" SHAPED DESK - 72""W X 72""D Simple and modular components combining classic design, quality and value to support a wide range of workspace applications. From private offices, open plan, meeting and ",Global Furniture Group,CONFIDENT,HIGH,tier2,sku_subcode: SKU sub-code NLP (e.g. NLP224 WCR) (sku),[HIGH] sku_subcode:'SKU sub-code NLP (e.g. NLP224 WCR)' in sku->Global Furniture Group,Global Furniture Group,,,,NLP224 WCR,NLP,,
9469554262329,indoor-planter,Indoor planter,Brant Business Interiors,Bring the outdoors in Bring the outdoors in to establish and maintain a positive connection with nature in the office! The Viro modular plant wall provides necessary privacy while improving the air qu,NONE,AMBIGUOUS,UNKNOWN,,,no manufacturer signal; sku_prefix=WS,NONE,,,,WS48-PLANTER/B,WS,,WS
9499674050873,u-shape-height-adjust-desk,U-shape height adjust desk,Brant Business Interiors,"A U-shape workstation that moves with the work — sit, stand, and spread out in a configuration built for full-day output. The Innovations U-Shape Height Adjust Desk gives private-office and executive ",Heartwood,CONFIDENT,HIGH,tier2,sku_subcode: SKU sub-code INNO (e.g. INNO-LAYOUT 67) (sku),[HIGH] sku_subcode:'SKU sub-code INNO (e.g. INNO-LAYOUT 67)' in sku->Heartwood,Heartwood,,,,INNO-LAYOUT 67,INNO,,
9664277971257,high-back-tilter-with-arms,High back tilter with arms,Brant Business Interiors,Upholstery Options: Luxhide: Available in various colors,NONE,AMBIGUOUS,UNKNOWN,,,no manufacturer signal; sku_prefix=none,NONE,,,,,,,(no-sku)
9665393262905,height-adjustable-l-shape-71x71,"Height adjustable l-shape — 71""x71""",Brant Business Interiors,Includes INV-362472ECM Non-Handed Extended Corner Module INV-2436TOP 36” Rectangular Top ATH-E1-3LEG Athena 3 Leg Base INV-MP1-1566PLX Plexiglass Hanging Modesty Panel 100-MMPF Metal Mobile Pedestal -,Heartwood,CONFIDENT,HIGH,tier1,sku_prefix: SKU prefix HDL (e.g. HDL-HT-ADJ-LAYOUT #7) (sku),[HIGH] sku_prefix:'SKU prefix HDL (e.g. HDL-HT-ADJ-LAYOUT #7)' in sku->Heartwood,Heartwood,,,,HDL-HT-ADJ-LAYOUT #7,HDL,,
9665415807289,dual-sided-height-adjustable-table,Dual sided height adjustable table,Brant Business Interiors,"STANDARD FEATURES • Super quiet, dual synchronized motor; less than 48db noise • Anti-collision protection • Optional upgraded controller displaying exact height with 4 preset height settings • Black ",NONE,AMBIGUOUS,UNKNOWN,,,no manufacturer signal; sku_prefix=WS,NONE,,,,WS48 AGE2DSD126/#_F INV2448TOP,WS,,WS
9665676181817,clamp-on-power-bar-and-usb-charging-station,Clamp-on power bar and USB charging station,Brant Business Interiors,"Combine your charging station and power bar to optimize your office space. This ergonomic and easy-to-install power bar is equipped with three 120 V outlets, one USB-A outlet, one USB-C outlet with pl",Richelieu,CONFIDENT,HIGH,tier1,sku_prefix: SKU prefix RIC (e.g. RIC-23213030) (sku),[HIGH] sku_prefix:'SKU prefix RIC (e.g. RIC-23213030)' in sku->Richelieu,Richelieu,,,,RIC-23213030,RIC,,
9665682669881,charging-station-with-a-clamp,Charging station with a clamp,Brant Business Interiors,This triple outlet power strip with a clamp and a USB port organizes your workspace. It is simple to install.,Richelieu,CONFIDENT,HIGH,tier1,sku_prefix: SKU prefix RIC (e.g. RIC-OME0023A1U1C90) (sku),[HIGH] sku_prefix:'SKU prefix RIC (e.g. RIC-OME0023A1U1C90)' in sku->Richelieu,Richelieu,,,,RIC-OME0023A1U1C90,RIC,,
9666375647545,bar-height-table,Bar height table,Brant Business Interiors,"Bar Height Table Metal Base available in Square or Round Base available in 3 colours: Black, Silver & White 8 Colours Base Height: 41"" Top Thickness 1""=42"" High Chairs not included The round base incl",NONE,AMBIGUOUS,UNKNOWN,,,no manufacturer signal; sku_prefix=none,NONE,,,,900-SQU20BARSIL-INVSQ24,,,(no-sku)
9666433220921,dual-monitor-arm,Dual monitor arm,Brant Business Interiors,"Fellowes Platinum Mounting Arm for Monitor - Silver - 2 Display(s) Supported 27"" Screen Support - 18.14 kg Load Capacity In Stock Category Monitor Arms Manufacturer Fellowes, Inc. Increase valuable de",NONE,AMBIGUOUS,UNKNOWN,,,no manufacturer signal; sku_prefix=none,NONE,,,,,,,(no-sku)
9666433876281,keyboard-tray-multi-position,Keyboard tray multi position,Brant Business Interiors,Features Legato Arm Mechanism lift n’ lock TM “leverless” height adjustment 8.88” height adjustment range of 2.38” above and 6.5” below worksurface innovative dial tilt makes angle adjustment quick an,Horizon Furniture,CONFIDENT,HIGH,tier1,sku_prefix: SKU prefix HZN (e.g. HZN-JV01) (sku),[HIGH] sku_prefix:'SKU prefix HZN (e.g. HZN-JV01)' in sku->Horizon Furniture,Horizon Furniture,,,,HZN-JV01,HZN,,
9666434138425,keyboard-tray-multi-adjustable,Keyboard tray multi adjustable,Brant Business Interiors,Features Legato Arm Mechanism lift n’ lockTM “leverless” height adjustment 8.88” height adjustment range of 2.38” above and 6.5” below worksurface innovative dial tilt makes angle adjustment quick and,Horizon Furniture,CONFIDENT,HIGH,tier1,sku_prefix: SKU prefix HZN (e.g. HZN-ECA EB02) (sku),[HIGH] sku_prefix:'SKU prefix HZN (e.g. HZN-ECA EB02)' in sku->Horizon Furniture,Horizon Furniture,,,,HZN-ECA EB02,HZN,,
9666435449145,jax-keyboard-tray,Jax keyboard tray,Brant Business Interiors,"The NEW JAX Sit to Stand is the most innovative keyboard arm in the market. It rises above the desk more than any other to allow typing standing up,and is supplied with a 21.75” fully storable track. ",Richelieu,CONFIDENT,HIGH,tier1,sku_prefix: SKU prefix RIC (e.g. RIC5008479C3) (sku),[HIGH] sku_prefix:'SKU prefix RIC (e.g. RIC5008479C3)' in sku->Richelieu,Richelieu,,,,RIC5008479C3,RIC,,
9666436006201,easy-pull-in-out-keyboard-tray,Easy pull in & out keyboard tray,Brant Business Interiors,"Large 28"" keyboard and mouse surface Low profile platform maximizes knee clearance Wrist rest included for extra comfort",Horizon Furniture,CONFIDENT,HIGH,tier1,sku_prefix: SKU prefix HZN (e.g. HZNKL28SG27) (sku),[HIGH] sku_prefix:'SKU prefix HZN (e.g. HZNKL28SG27)' in sku->Horizon Furniture,Horizon Furniture,,,,HZNKL28SG27,HZNKL,,
9667777626425,stacking-chair-popcorn-6711,Stacking chair popcorn — 6711,Brant Business Interiors,"Duet is a high-density stacking chair that is easy to connect, quick to stack and simple to store. Frame is made from durable solid steel rod available in chrome only. Polypropylene seat and backs wit",NONE,AMBIGUOUS,UNKNOWN,,,no manufacturer signal; sku_prefix=none,NONE,,,,6621,,,(no-sku)
9667781034297,stacking-chair-sonic-6508,Stacking chair sonic — 6508,Brant Business Interiors,"Sonic is ideal for meeting rooms, office guest seating, food facilities, lecture halls, and just about anywhere. The series is offered with or without arms, with or without casters, polypropylene, uph",NONE,AMBIGUOUS,UNKNOWN,,,no manufacturer signal; sku_prefix=none,NONE,,,,6508,,,(no-sku)
9667825598777,gas-lift-monitor-riser,Gas lift monitor riser,Brant Business Interiors,"Desk riser allows you to go from sitting to standing with ease. Stop at any position from 6-1/4"" x 19-1/2"" when adjusting the height. Desk riser operates with a double gas-spring monitor lift for smoo",NONE,AMBIGUOUS,UNKNOWN,,,no manufacturer signal; sku_prefix=SPR,NONE,,,,SPR-LLR99554,SPR,,SPR
9667868524857,soft-pods,Soft pods,Brant Business Interiors,The all NEW SOFTPOD Please contact our Furniture Dept for more information. furnorders@officecentral.com,NONE,AMBIGUOUS,UNKNOWN,,,no manufacturer signal; sku_prefix=SOFT,NONE,,,,Soft Pods-1,SOFT,,SOFT
9669947326777,reception-unit-72x72,"L shape reception unit 72""x72"" 15B — 72""x72""",Brant Business Interiors,Desk shell is part of the Innovations Laminate Series that combines intelligent design and function with lasting durability The series offers high-quality construction with an abundance of components ,Heartwood,CONFIDENT,HIGH,tier1,sku_prefix: SKU prefix HDL (e.g. HDL-Layout # 15) (sku),[HIGH] sku_prefix:'SKU prefix HDL (e.g. HDL-Layout # 15)' in sku->Heartwood,Heartwood,,,,HDL-Layout # 15,HDL,,
9674747117881,upscale-meeting-boardroom-tables-3-sizes-8-colours,"Upscale meeting / boardroom tables 3 sizes, 8 colours — 3 sizes",Brant Business Interiors,"The sturdy all-metal base provides a stable surface for any application. • Whether it’s round 36” tops in a break room or a 192 x 48” racetrack top boardroom table, Upscale will get the job done Easy ",Heartwood,CONFIDENT,HIGH,tier1,sku_prefix: SKU prefix HDL (e.g. HDL-INV-REC9648-MUP) (sku),[HIGH] sku_prefix:'SKU prefix HDL (e.g. HDL-INV-REC9648-MUP)' in sku->Heartwood,Heartwood,,,,HDL-INV-REC9648-MUP,HDL,,
9674761797945,upscale-table-1,Upscale table,Brant Business Interiors,A clean-lined café and breakroom table built to hold up through daily use without taking over the room. The UPSCALE Table combines a sturdy extruded aluminum frame with a refined commercial design tha,Heartwood,CONFIDENT,HIGH,tier1,sku_prefix: SKU prefix HDL (e.g. HDL-INV-R36-MUPBLK) (sku),[HIGH] sku_prefix:'SKU prefix HDL (e.g. HDL-INV-R36-MUPBLK)' in sku->Heartwood,Heartwood,,,,HDL-INV-R36-MUPBLK,HDL,,
9676929270073,banquet-chair-stacking,Banquet chair stacking,Brant Business Interiors,Description Horizon's “New” armless stacking chair is a multi-functional banquet chair which can be used at an array of venues. Ideal for easy storage and 10 high stack capacity (optional dollies avai,Horizon Furniture,CONFIDENT,HIGH,tier1,sku_prefix: SKU prefix HZN (e.g. HZN-A117V) (sku),[HIGH] sku_prefix:'SKU prefix HZN (e.g. HZN-A117V)' in sku->Horizon Furniture,Horizon Furniture,,,,HZN-A117V,HZN,,
9676931498297,recycled-plastic-picnic-tables,Recycled plastic picnic tables,Brant Business Interiors,"Description 100% recycled plastic Guaranteed not to rust or crack, eliminating the need for component replacement Mold-in colour feature means no painting is ever required Impervious to graffiti, dirt",NONE,AMBIGUOUS,UNKNOWN,,,no manufacturer signal; sku_prefix=SCN,NONE,,,,scn-nd426,SCN,,SCN
9680085844281,round-table-29-high,"Round table 29"" high — 29""",Brant Business Interiors,"1"" Table Top Material: Polyvinyl Chloride (PVC) Edge, Metal Leg - Finish: Powder Coated Black Base Colours: 8 Colours Height: 30""",Heartwood,CONFIDENT,HIGH,tier1,sku_prefix: SKU prefix HDL (e.g. HDL-R36RT900CROSS30) (sku),[HIGH] sku_prefix:'SKU prefix HDL (e.g. HDL-R36RT900CROSS30)' in sku->Heartwood,Heartwood,,,,HDL-R36RT900CROSS30,HDL,,
9682147737913,student-chair-4-sizes-1,Student Chair 4 sizes,Brant Business Interiors,"Honor Roll 4-Leg Stacking Chair is developed for use in any learning environment. It is the only chair on the market that can stack fifteen chairs high freestanding, locking into one another when stac",NONE,AMBIGUOUS,UNKNOWN,,,no manufacturer signal; sku_prefix=C,NONE,,,,C-HR-4LEG12,C,,C
9682149048633,student-chair-4-sizes-copy,Student Chair 4 sizes,Brant Business Interiors,"The Air 4-Leg Stacking Chair was developed for use in any learning environment. It can stack five chairs high freestanding, locking into one another when stacked for stability. For volume orders, plea",NONE,AMBIGUOUS,UNKNOWN,,,no manufacturer signal; sku_prefix=C,NONE,,,,C-AIR-4LEG12,C,,C
9682150621497,student-chair-4-sizes,Student Chair 4 sizes,Brant Business Interiors,"The Savvy 4-Leg Stacking Chair was developed for use in any learning environment. It can stack five chairs high freestanding, locking into one another when stacked for stability. Designed with a built",NONE,AMBIGUOUS,UNKNOWN,,,no manufacturer signal; sku_prefix=C,NONE,,,,C-SVY-4LEG12,C,,C
9682495111481,student-desk,Student Desk,Brant Business Interiors,"The Honor Roll Square Leg Desk with Closed Book Box is attractive, sturdy and durable. A budget-minded desk for all grade levels. Legs are welded to the book box providing strength and stability. Hard",NONE,AMBIGUOUS,UNKNOWN,,,no manufacturer signal; sku_prefix=DSQ,NONE,,,,DSQ1824OAKBLK,DSQ,,DSQ
9682497536313,student-desk-1,Student Desk,Brant Business Interiors,"Duet high density multi-purpose stacking tables, 29""w x 25""d x 28""h Duet stacking tables for post-secondary and adult levels are easy to configure, stack and store Can quickly transition from classroo",NONE,AMBIGUOUS,UNKNOWN,,,no manufacturer signal; sku_prefix=DTS,NONE,,,,DTS1828P,DTS,,DTS
9682812207417,boulevard-system-3,Boulevard system 3,Brant Business Interiors,Boulevard System 3 Disregard Pricing,NONE,AMBIGUOUS,UNKNOWN,,,no manufacturer signal; sku_prefix=none,NONE,,,,,,,(no-sku)
9682813813049,diet,Diet,Brant Business Interiors,"Diet Create any size, any colour Made in Canada Disregard Pricing.",NONE,AMBIGUOUS,UNKNOWN,,,no manufacturer signal; sku_prefix=none,NONE,,,,,,,(no-sku)
9683059179833,table-round-height-adjustable,Table round height adjustable,Brant Business Interiors,"Available in the following sizes: 48"" and 60"" Diameter Available in the following heights: 17"" - 25"", 22"" - 30"" and 30"" - 42"" Maple high pressure scratch resistant laminate Silver 3mm vinyl bonded edg",MityBilt,CONFIDENT,HIGH,tier1,sku_prefix: SKU prefix MTY (e.g. MTY-AT48RMPL) (sku),[HIGH] sku_prefix:'SKU prefix MTY (e.g. MTY-AT48RMPL)' in sku->MityBilt,MityBilt,,,,MTY-AT48RMPL,MTY,,
9683080249657,horseshoe-study-table-height-adjustable-c-shape-horseshoe-1,Horseshoe study table height adjustable c-shape horseshoe,Brant Business Interiors,"Available in the following sizes: 36"" x 60"" and 48"" x 72"" Available in the following heights: 17"" - 25"", 22"" - 30"" and 30"" - 42"" Maple high pressure scratch resistant laminate Silver 3mm vinyl bonded ",MityBilt,CONFIDENT,HIGH,tier1,sku_prefix: SKU prefix MTY (e.g. MTY-IS-ATC#3660) (sku),[HIGH] sku_prefix:'SKU prefix MTY (e.g. MTY-IS-ATC#3660)' in sku->MityBilt,MityBilt,,,,MTY-IS-ATC#3660,MTY,,
9683089654073,pod-phone-booths,Pod phone booths,Brant Business Interiors,"POD (Privacy on Demand) is a family of products that are designed for occasional, short-duration privacy from the open plan. It supports technology and helps shape an environment where people want to ",NONE,AMBIGUOUS,UNKNOWN,,,no manufacturer signal; sku_prefix=none,NONE,,,,,,,(no-sku)
9683134611769,ultima-adjustable-stool,Ultima adjustable stool,Brant Business Interiors,"Adjustable height 20"" - 26"" Seat backing steel plate for additional strength Fully welded frame Available in a range of seat colours Durable powder coat finish, for the sake of the environment Black f",MityBilt,CONFIDENT,HIGH,tier1,sku_prefix: SKU prefix MTY (e.g. MTY- IS-S2026) (sku),[HIGH] sku_prefix:'SKU prefix MTY (e.g. MTY- IS-S2026)' in sku->MityBilt,MityBilt,,,,MTY- IS-S2026,MTY,,
9683142836537,metal-desk-laminate-top,Metal desk laminate top,Brant Business Interiors,"The 24"" x 60"" Apex teachers desk is completely mobile and features integral wire management, a modesty panel and a locking box box file pedestal - everything the busy teacher needs! Maple high pressur",MityBilt,CONFIDENT,HIGH,tier1,sku_prefix: SKU prefix MTY (e.g. MTY-IS-AP2460.BBF.MOD) (sku),[HIGH] sku_prefix:'SKU prefix MTY (e.g. MTY-IS-AP2460.BBF.MOD)' in sku->MityBilt,MityBilt,,,,MTY-IS-AP2460.BBF.MOD,MTY,,
9683498795321,sonoma,Sonoma,Brant Business Interiors,"Sonoma™ patient and resident room furniture was developed with the help of healthcare professionals, designers and patients to meet the evolving needs of people in care. Sonoma bedside cabinets suppor",NONE,AMBIGUOUS,UNKNOWN,,,no manufacturer signal; sku_prefix=SANOMA,NONE,,,,Sanoma,SANOMA,,SANOMA
9683645563193,ryno-patio-furniture-waterproof-polyethylene,Ryno patio furniture waterproof polyethylene,Brant Business Interiors,"FEATURES Additional weighting limits potential to weaponize Strength & stability tested for severe contract use Pick proof design UV resistant, waterproof polyethylene construction makes it suitable f",NONE,AMBIGUOUS,UNKNOWN,,,no manufacturer signal; sku_prefix=none,NONE,,,,,,,(no-sku)
9683649954105,recliners-by-ryno,Recliners by Ryno,Brant Business Interiors,FEATURES Reclining motion is controlled with body weight – no controls or power required The internal mechanism is concealed to minimize ligature risks The generous width seat provides comfort while n,NONE,AMBIGUOUS,UNKNOWN,,,no manufacturer signal; sku_prefix=none,NONE,,,,,,,(no-sku)
9685432140089,foundations-next-gen-serenity-safereach-compact-crib,Foundations Next Gen Serenity SafeReach Compact Crib,Brant Business Interiors,"Drop-gate is easy to use for caregiver comfort Advanced teething rail for extra strength and durability 24"" x 38"" sleeping surface with 3"" Infapure mattress Easy assembly required, includes all necess",Foundations,CONFIDENT,HIGH,tier2,direct_name: Foundations Next Gen (title),[HIGH] direct_name:'Foundations Next Gen' in title->Foundations,Foundations,,,,,,,
9686666871097,uni-flip-training-tables-7-sizes,Flip Top Training Tables 7 Sizes,Brant Business Interiors,Frames: White or Black with Silver Powder coat finish base. Worksurfaces: 1” M2 Grade substrate Studio White Matching 2mm PVC edge High Pressure Laminate Features: Swiveling lockable casters QUICK SHI,NONE,AMBIGUOUS,UNKNOWN,,,no manufacturer signal; sku_prefix=WS,NONE,,,,WS48-MFLIP080/BF-WS101003-7981,WS,,WS
9688143266105,sit2stand-series-sit-stand-workstation,Sit2stand series sit-stand workstation,Brant Business Interiors,Effortlessly transition from sitting to standing in seconds - Convert an existing desk or table into a high-quality and affordable sit-to-stand workstation and effortlessly go from sitting to standing,Richelieu,CONFIDENT,HIGH,tier1,sku_prefix: SKU prefix RIC (e.g. RIC-500S2S001R30) (sku),[HIGH] sku_prefix:'SKU prefix RIC (e.g. RIC-500S2S001R30)' in sku->Richelieu,Richelieu,,,,RIC-500S2S001R30,RIC,,
9688164958521,duet-tablet-chair,Duet Tablet Chair,Brant Business Interiors,"Armchair with Right or Left Tablet, Polypropylene Seat & Back",NONE,AMBIGUOUS,UNKNOWN,,,no manufacturer signal; sku_prefix=none,NONE,,,,6620TR,,,(no-sku)
9688170398009,agile-double-sided-8-pod-height-adjustable-shared-desk,Agile double sided 8-pod height adjustable shared desk,Brant Business Interiors,"Each workstation includes: Height Adjustable White Table 48""x24"" Cable Snake Drawers on Wheels Desktop Power Pack (USB,USBC;Duplex) Dividers (Front & Side) Overall Footprint: 190"" x 65"" $2005.00 per P",NONE,AMBIGUOUS,UNKNOWN,,,no manufacturer signal; sku_prefix=none,NONE,,,,,,,(no-sku)
9688173543737,screenflex-5-panel-mobile-light-duty-portable-room-divider-65h-x-95w-fabric-color-stone,"Screenflex 5 panel mobile light-duty portable room divider, 6'5""h x 9'5""w, fabric color: stone — 5""",Brant Business Interiors,"Screenflex Portable Room Dividers are the world's highest quality portable walls and can help you make much better use of your facility, time and budget. Simply roll them into position and set up the ",Screenflex,CONFIDENT,HIGH,tier2,direct_name: Screenflex (title),[HIGH] direct_name:'Screenflex' in title->Screenflex; [HIGH] direct_name:'Screenflex' in body->Screenflex,Screenflex,,,,,,,
9688271159609,bow-front-desk-72x42,"Bow front desk — 72""X42""",Brant Business Interiors,"Bow Front Desk with a supported drawer pedestal. Size: 72""x42"" 3 Week Lead Time. Shown in Royal Mahogany",Intelligent Office Furniture,CONFIDENT,HIGH,tier2,sku_subcode: SKU sub-code UN (e.g. UN7242BWL/BBF) (sku),[HIGH] sku_subcode:'SKU sub-code UN (e.g. UN7242BWL/BBF)' in sku->Intelligent Office Furniture,Intelligent Office Furniture,,,,UN7242BWL/BBF,UN,,
9688274895161,soho-desk-single-pedestal-2-sizes,Soho desk single pedestal — 2 sizes,Brant Business Interiors,"Features: • Commercial grade 1 “ thick laminate • Heat, scratch and dent resistant • Innovative floating top styling • Box drawer stores desk accessories • File drawer stores letter or legal size file",Heartwood,CONFIDENT,HIGH,tier1,sku_prefix: SKU prefix HDL (e.g. HDL-MA11-2448) (sku),[HIGH] sku_prefix:'SKU prefix HDL (e.g. HDL-MA11-2448)' in sku->Heartwood,Heartwood,,,,HDL-MA11-2448,HDL,,
9689001951545,oci-platinum-monitor-arms,Oci platinum monitor arms,Brant Business Interiors,"Adept Series Monitor Arm Utilizing classic and time tested styling, the Adept Series delivers outstanding performance and a value conscious price tag. With its counter-balance mechanism set for the mo",NONE,AMBIGUOUS,UNKNOWN,,,no manufacturer signal; sku_prefix=ERGOACCESS,NONE,,,,ERGOACCESS-LR72-927B-G1,ERGOACCESS,,ERGOACCESS
9690784596281,lockers-single-tier-assembled,Lockers single tier (assembled),Brant Business Interiors,"1 Overall Depth 18"" Overall Height 72"" Overall Width 36""",NONE,AMBIGUOUS,UNKNOWN,,,no manufacturer signal; sku_prefix=SCN,NONE,,,,SCN-FJ151,SCN,,SCN
9690804846905,lockers-2-tier-assembled,Lockers 2 tier (assembled),Brant Business Interiors,"2 Overall Depth 18"" Overall Height 76"" Overall Width Single 12"", Double 24"", Triple 36"", Quad 48""",NONE,AMBIGUOUS,UNKNOWN,,,no manufacturer signal; sku_prefix=SCN,NONE,,,,SCN-FL396,SCN,,SCN
9692198633785,lockerettes-6-tier-bank-of-3-36-x-18-x-72-steel-grey-rivet-assembled,"Lockerettes, 6 -tier, bank of 3, 36"" x 18"" x 72"", steel, grey, rivet (assembled) — 36"" x 18"" x 72""",Brant Business Interiors,"Clean Line™ Lockerettes, 6 -tier, Bank of 2, 24"" x 18"" x 72"", Steel, Grey, Rivet (Assembled) Description Prime grade cold rolled steel locker All welded frame and door Riveted body Frames are resistan",NONE,AMBIGUOUS,UNKNOWN,,,no manufacturer signal; sku_prefix=SCN,NONE,,,,SCN-FJ173,SCN,,SCN
9693064692025,credenza-60x20,"Credenza — 60""x20""",Brant Business Interiors,"CUSTOM CREDENZA 60""W X 20""D X 29""H",Intelligent Office Furniture,CONFIDENT,HIGH,tier1,sku_prefix: SKU prefix IOF (e.g. IOF-Typical #W-066) (sku),[HIGH] sku_prefix:'SKU prefix IOF (e.g. IOF-Typical #W-066)' in sku->Intelligent Office Furniture,Intelligent Office Furniture,,,,IOF-Typical #W-066,IOF,,
9693070721337,lectern-storage-stand,Lectern storage stand,Brant Business Interiors,Available in several colours options. 4 Week Lead Time,Intelligent Office Furniture,CONFIDENT,HIGH,tier1,sku_prefix: SKU prefix IOF (e.g. IOF-Typical #W-020) (sku),[HIGH] sku_prefix:'SKU prefix IOF (e.g. IOF-Typical #W-020)' in sku->Intelligent Office Furniture,Intelligent Office Furniture,,,,IOF-Typical #W-020,IOF,,
9693071737145,drafting-table,Drafting table,Brant Business Interiors,"Designed by an Architect, Made for an Architect This multi function drafting table is made with 1"" thick panels all around. Includes 32 slots each 24"" deep. Available in 24 colour options. Dual colour",Intelligent Office Furniture,CONFIDENT,HIGH,tier1,sku_prefix: SKU prefix IOF (e.g. IOF-Q000111061) (sku),[HIGH] sku_prefix:'SKU prefix IOF (e.g. IOF-Q000111061)' in sku->Intelligent Office Furniture,Intelligent Office Furniture,,,,IOF-Q000111061,IOF,,
9693076390201,drafting-table-custom,Drafting table custom,Brant Business Interiors,"Custom Drafting Table Size: 84"" W x 78"" D Available in Left or Right configurations. Other Colours are available. Please contact us. Lead Time: 4-6 Weeks",Intelligent Office Furniture,CONFIDENT,HIGH,tier1,sku_prefix: SKU prefix IOF (e.g. IOF-Typical #W-021) (sku),[HIGH] sku_prefix:'SKU prefix IOF (e.g. IOF-Typical #W-021)' in sku->Intelligent Office Furniture,Intelligent Office Furniture,,,,IOF-Typical #W-021,IOF,,
9693081895225,felt-sound-dampeners,Felt sound dampeners,Brant Business Interiors,"Manufactured in Canada & crafted with impeccable attention to detail using high-quality materials, our acoustic trophies and sculptures not only serve as eye-catching focal points but also effectively",NONE,AMBIGUOUS,UNKNOWN,,,no manufacturer signal; sku_prefix=none,NONE,,,,,,,(no-sku)
9693140713785,desk-top-dividers,Desk top dividers,Brant Business Interiors,Features Brackets available in Silver (SL) finish Frosted plexiglass panel,Heartwood,CONFIDENT,HIGH,tier1,sku_prefix: SKU prefix HDL (e.g. HDL-OUT-TM1-1530PLX) (sku),[HIGH] sku_prefix:'SKU prefix HDL (e.g. HDL-OUT-TM1-1530PLX)' in sku->Heartwood,Heartwood,,,,HDL-OUT-TM1-1530PLX,HDL,,
9697294090553,installation,Installation,Brant Business Interiors,,NONE,SKIP,UNKNOWN,,,service/non-product line item (delivery/installation/etc.),NONE,,SKIP,Fee,,,,
9698778710329,power-station-with-3-outlets-and-2-usb,Power station with 3 outlets and 2 USB,Brant Business Interiors,"Prices shown include the Power Block & the cutting for each block. With USB The perfect item to free up desks, workstations or conference tables: - Built-in - 3 x 120V outlets - 2 USB A ports Cover si",Richelieu,CONFIDENT,HIGH,tier1,sku_prefix: SKU prefix RIC (e.g. RIC-201314100) (sku),[HIGH] sku_prefix:'SKU prefix RIC (e.g. RIC-201314100)' in sku->Richelieu,Richelieu,,,,RIC-201314100,RIC,,
9700992221497,tower-charging-station-with-usb-ports-2-colour-options,Tower charging station with USB ports. 2 colour options. — 2 colour,Brant Business Interiors,"Vertical charging station. This versatile power unit features two power bars, one on each side. Each power bar contains three 120 V outlets, one USB-A port, and one USB-C port, for a total of six 120 ",Richelieu,CONFIDENT,HIGH,tier1,sku_prefix: SKU prefix RIC (e.g. RIC-PBK2WAY2030) (sku),[HIGH] sku_prefix:'SKU prefix RIC (e.g. RIC-PBK2WAY2030)' in sku->Richelieu,Richelieu,,,,RIC-PBK2WAY2030,RIC,,
9710311440697,sit-stand-1,Sit stand,Brant Business Interiors,100-DTHA Convert a traditional desk to a standing desk with Desk Top Height Adjustable unit One handed paddle gas lift for easy height adjustment Adjusts to heights between 6.5” and 16.5” Sturdy base ,Heartwood,CONFIDENT,HIGH,tier1,sku_prefix: SKU prefix HDL (e.g. HDL-100-DTHA) (sku),[HIGH] sku_prefix:'SKU prefix HDL (e.g. HDL-100-DTHA)' in sku->Heartwood,Heartwood,,,,HDL-100-DTHA,HDL,,
9712829890873,caster-options,Caster options,Brant Business Interiors,"The right caster makes the difference between a chair that moves with you and one that fights you all day. Caster options from Brant Business Interiors are designed to match your flooring type, chair ",NONE,AMBIGUOUS,UNKNOWN,,,no manufacturer signal; sku_prefix=none,NONE,,,Avis-add-charge,,,,(no-sku)
9720592138553,factor-mesh-back-armchair-casters-5545amc-1,"Factor mesh back armchair, casters (5545amc) — 5545AMC",Brant Business Interiors,"You just won’t believe the price. New to the series, Factor multi-purpose guest chairs feature a matching picture frame back design and the same finishes as the highly popular task chair. When specifi",NONE,AMBIGUOUS,UNKNOWN,,,no manufacturer signal; sku_prefix=none,NONE,,,,,,,(no-sku)
9720842944825,u-shape-d-top-workstation,U-shape d-top workstation,Brant Business Interiors,Features + benefits • simple to create workstations to suit your needs • ease of assembly built into design with metal-to-metal connectors • 10 standard laminate finish options • 1” thick thermally fu,NONE,SKIP,UNKNOWN,,,service/non-product line item (delivery/installation/etc.),NONE,,SKIP,,Asstd-see website,ASSTD,,
9722789822777,credenza-sliding-doors,Credenza sliding doors,Brant Business Interiors,Credenza with 2 sliding doors. Lockable 1 Adjustable Shelf Available in 1 or 2 colour combinations,Intelligent Office Furniture,CONFIDENT,HIGH,tier1,sku_prefix: SKU prefix IOF (e.g. IOF-UN6024SC/SC/SLD2) (sku),[HIGH] sku_prefix:'SKU prefix IOF (e.g. IOF-UN6024SC/SC/SLD2)' in sku->Intelligent Office Furniture,Intelligent Office Furniture,,,,IOF-UN6024SC/SC/SLD2,IOF,,
9722802536761,wardrobe-with-lock,Wardrobe with lock,Brant Business Interiors,Locking Wardrobe Size: 30W” x 72H” x 24D” No Assembly Required 4 Week Lead Time,Intelligent Office Furniture,CONFIDENT,HIGH,tier1,sku_prefix: SKU prefix IOF (e.g. IOF-UN3072SC/WD/24) (sku),[HIGH] sku_prefix:'SKU prefix IOF (e.g. IOF-UN3072SC/WD/24)' in sku->Intelligent Office Furniture,Intelligent Office Furniture,,,,IOF-UN3072SC/WD/24,IOF,,
9722804863289,storage-wardrobe-unit,Storage wardrobe unit,Brant Business Interiors,Wardrobe 30W” x 72H” x 21D” 2 Locking Doors No Assembly Required,Intelligent Office Furniture,CONFIDENT,HIGH,tier1,sku_prefix: SKU prefix IOF (e.g. IOF-UN3072WD/21) (sku),[HIGH] sku_prefix:'SKU prefix IOF (e.g. IOF-UN3072WD/21)' in sku->Intelligent Office Furniture,Intelligent Office Furniture,,,,IOF-UN3072WD/21,IOF,,
9722809811257,storage-right-ff-sc-left-wardrobe,Storage / right ff & sc / left wardrobe,Brant Business Interiors,STORAGE / RIGHT FF & SC / LEFT WARDROBE Lockable 30W” x 72H” x 21D”,Intelligent Office Furniture,CONFIDENT,HIGH,tier2,sku_subcode: SKU sub-code UN (e.g. UN3072FF/SC/WD/21) (sku),[HIGH] sku_subcode:'SKU sub-code UN (e.g. UN3072FF/SC/WD/21)' in sku->Intelligent Office Furniture,Intelligent Office Furniture,,,,UN3072FF/SC/WD/21,UN,,
9723829223737,desk-lamp-5-30-w-led-bulb-adjustable-metal-acrylic-desk-mountable,"Desk lamp - 5.30 w LED bulb - adjustable - metal, acrylic - desk mountable",Brant Business Interiors,"Boom arm LED desk lamp provides a ""warm"" full spectrum illumination that most closely resembles natural light for reduced eyestrain with excellent color rendering. It is adjustable to provide great li",NONE,AMBIGUOUS,UNKNOWN,,,no manufacturer signal; sku_prefix=BOSVLED,NONE,,,,BOSVLED500,BOSVLED,,BOSVLED
9723830337849,led-desk-lamp-with-wireless-charger-led,LED desk lamp with wireless charger - LED,Brant Business Interiors,Wireless Charger Key Features Three color temperature modes. Touch control buttons and rotary metallic knob. SMD LED light.,NONE,AMBIGUOUS,UNKNOWN,,,no manufacturer signal; sku_prefix=RDL,NONE,,,,RDL-140QI-B,RDL,,RDL
9723832435001,led-desk-lamp-with-usb-and-night-light,LED desk lamp with USB and night light,Brant Business Interiors,"LED Desk Lamp with USB and Night Light - RDL-110U - 22"" (558.80 mm) Height - 7"" (177.80 mm) Width - 8 W LED Bulb - 450 Lumens - ABS - Desk Mountable - Warm White, Cool Daylight, Black, Bright White, T",NONE,AMBIGUOUS,UNKNOWN,,,no manufacturer signal; sku_prefix=RSIRDL,NONE,,,,RSIRDL110U,RSIRDL,,RSIRDL
9723863007545,desk-power-grommet,Desk power grommet,Brant Business Interiors,"Combine your charging station and power bar to optimize your office space, living room or bedroom. This ergonomic and easy to install power bar is equipped with 120V outlets, USB-A outlets, USB-C outl",Richelieu,CONFIDENT,HIGH,tier1,sku_prefix: SKU prefix RIC (e.g. RIC- DS86101P1A1C90) (sku),[HIGH] sku_prefix:'SKU prefix RIC (e.g. RIC- DS86101P1A1C90)' in sku->Richelieu,Richelieu,,,,RIC- DS86101P1A1C90,RIC,,
9723869462841,sphere-power,Sphere power,Brant Business Interiors,"Two half-spheres SPHERE, as the name suggests, has a spherical design; conveniently, it can be connected from any angle. It comes with two 72"" (6') power cable and is available in four ports - 4 elect",NONE,AMBIGUOUS,UNKNOWN,,,no manufacturer signal; sku_prefix=SP,NONE,,,,SP22104P030,SP,,SP
9724674277689,taper-leg-table,Taper leg table,Brant Business Interiors,"Innovation TAPER Tables include multiple size tops available many colour options Top: 1"" Thick Edge: Matching PVC Edge Legs: Grey Tops: 9 Colours",Heartwood,CONFIDENT,HIGH,tier1,sku_prefix: SKU prefix HDL (e.g. HDL-INV-2436TBL-TAPER) (sku),[HIGH] sku_prefix:'SKU prefix HDL (e.g. HDL-INV-2436TBL-TAPER)' in sku->Heartwood,Heartwood,,,,HDL-INV-2436TBL-TAPER,HDL,,
9725776691513,anda-seat-phantom-king-gaming-style-office-chair,Anda seat phantom king gaming style office chair,Brant Business Interiors,"Overview Dominate the battlefield with the Anda Seat Phantom 3 gaming chair. Its ergonomic design includes a headrest, lumbar support, and 2D armrests to offer hours of comfortable gameplay. Set on a ",NONE,AMBIGUOUS,UNKNOWN,,,no manufacturer signal; sku_prefix=SYNN,NONE,,,,SYNN-AD18XL-58-B-PVC,SYNN,,SYNN
9728150241593,tucana-elite-training-nesting-tables,Tucana elite training nesting tables,Brant Business Interiors,"Features: Flip-up top for easy nesting storage - industry leading space save in nested position with only 4"" of space between nested units Removable, textured, modesty panel Smooth glide locking caste",Heartwood,CONFIDENT,HIGH,tier1,sku_prefix: SKU prefix HDL (e.g. HDL TU-98B-2448TBL) (sku),[HIGH] sku_prefix:'SKU prefix HDL (e.g. HDL TU-98B-2448TBL)' in sku->Heartwood,Heartwood,,,,HDL TU-98B-2448TBL,HDL,,
9729952809273,dual-coloured-bookcase-15-sizes-available,Dual coloured bookcase (15 sizes available) — 15 sizes,Brant Business Interiors,"FEATURES: SOLID MATCHING BACK STANDARD All outer panels come in white only. Shown in 72"" High Smaller sizes have less shelves SHIPS ASSEMBLED Made in Canada",NONE,AMBIGUOUS,UNKNOWN,,,no manufacturer signal; sku_prefix=BCMB,NONE,,,,BCMB2429WHTSIDEPANEL,BCMB,,BCMB
9733369233721,hideaway-storage-cabinet-1,Hideaway storage cabinet,Brant Business Interiors,"Large, mobile teacher cabinet is great for storing a multitude of items. Plus, it features a separate, securable storage area for valuables and personal items. Four, full-width storage areas - includi",NONE,AMBIGUOUS,UNKNOWN,,,no manufacturer signal; sku_prefix=JNT,NONE,,,,JNT5946JC,JNT,,JNT
9744712171833,two-stage-electric-height-adjustable-table,Two-stage electric height adjustable table,Brant Business Interiors,"Adjustable height table and two-stage height-adjustable base - The desk in a box is a complete height-adjustable desk. - Ideal for working both sitting and standing. - Perfect for small offices, your ",Richelieu,CONFIDENT,HIGH,tier1,sku_prefix: SKU prefix RIC (e.g. RIC 5002L2S244890) (sku),[HIGH] sku_prefix:'SKU prefix RIC (e.g. RIC 5002L2S244890)' in sku->Richelieu,Richelieu,,,,RIC 5002L2S244890,RIC,,
9746670092601,delivery-charge-85-00,Delivery charge $85. — 00,Brant Business Interiors,This price includes delivery only.,NONE,SKIP,UNKNOWN,,,service/non-product line item (delivery/installation/etc.),NONE,,SKIP,,Delivery85,DELIVERY,,
9746789433657,installation475,Installation475,Brant Business Interiors,Price includes Delivery & Installation,NONE,SKIP,UNKNOWN,,,service/non-product line item (delivery/installation/etc.),NONE,,SKIP,,Installation475,INSTALLATION,,
9746802016569,installation1000,Installation1000,Brant Business Interiors,"Professional delivery and installation, handled from start to finish. When furniture arrives at your facility, the real work begins — unboxing, assembly, placement, levelling, and debris removal. This",NONE,SKIP,UNKNOWN,,,service/non-product line item (delivery/installation/etc.),NONE,,SKIP,Services,Installation1000,INSTALLATION,,
9747754320185,levels-suite,Levels suite,Brant Business Interiors,"Description Introducing Leves, our new multi-tiered, layered office furniture series that combines contemporary metal details with durable laminate designs. Choose from over 80 IN-STOCK, high quality,",Heartwood,CONFIDENT,HIGH,tier2,sku_subcode: SKU sub-code LEVELS (e.g. Levels Layout 1) (sku),[HIGH] sku_subcode:'SKU sub-code LEVELS (e.g. Levels Layout 1)' in sku->Heartwood,Heartwood,,,,Levels Layout 1,LEVELS,,
9751461036345,credenza-storage-hutch,Credenza storage & hutch,Brant Business Interiors,"Storage Credenza with hutch. Hutch is available with or without doors. Bottom Credenza comes with locking doors and drawers. Shown & Prices using 72"" W x 24"" Deep Credenza and 36"" high hutch. Availabl",Intelligent Office Furniture,CONFIDENT,HIGH,tier1,sku_prefix: SKU prefix IOF (e.g. IOF-UN7224/MP/SC) (sku),[HIGH] sku_prefix:'SKU prefix IOF (e.g. IOF-UN7224/MP/SC)' in sku->Intelligent Office Furniture,Intelligent Office Furniture,,,,IOF-UN7224/MP/SC,IOF,,
9753608388921,planter,Planter,Brant Business Interiors,Made-in-Canada commercial planter with a built-in sound-dampening finish — nature and acoustics working together in your workspace. Brant Business Interiors sources custom Canadian-made commercial pla,NONE,AMBIGUOUS,UNKNOWN,,,no manufacturer signal; sku_prefix=BEL,NONE,,,,BEL-HFP154829-GVS,BEL,,BEL
9754651525433,shoptech-099rx,Shoptech — 099RX,Brant Business Interiors,Features Clean Room Class 100 Seating designed for this application is highly cleanable and meets a more intensive standard for environmental contamination. Cushions are polyurethane or vinyl upholste,Horizon Furniture,CONFIDENT,HIGH,tier2,direct_name: Shoptech (title),[HIGH] direct_name:'Shoptech' in title->Horizon Furniture,Horizon Furniture,,,,,,,
9754654245177,shoptech-2410,Shoptech — 2410,Brant Business Interiors,"Features Pneumatic seat height adjustment Injection molded polyurethane seat and backrest cushions Height and depth adjustable backrest Heavy duty, steel step base with low profile glides Wipe down Se",Horizon Furniture,CONFIDENT,HIGH,tier1,sku_prefix: SKU prefix HZN (e.g. HZN-2410) (sku),[HIGH] sku_prefix:'SKU prefix HZN (e.g. HZN-2410)' in sku->Horizon Furniture; [HIGH] direct_name:'Shoptech' in title->Horizon Furniture,Horizon Furniture,,,,HZN-2410,HZN,,
9754654933305,shoptech-082,Shoptech — 082,Brant Business Interiors,"Features Seat covered in hardwearing vinyl upholstery Black steel heavy duty frame with footring Non slip glides Wipe down stool Seat height: 33"" Seat width: 14"" Seat depth: 14"" Back height: N/A"" Weig",Horizon Furniture,CONFIDENT,HIGH,tier1,sku_prefix: SKU prefix HZN (e.g. HZN-082) (sku),[HIGH] sku_prefix:'SKU prefix HZN (e.g. HZN-082)' in sku->Horizon Furniture; [HIGH] direct_name:'Shoptech' in title->Horizon Furniture,Horizon Furniture,,,,HZN-082,HZN,,
9757974364473,screenflex-room-dividers,Screenflex room dividers,Brant Business Interiors,"Screenflex Portable Room Dividers are the world's highest quality portable walls and can help you make much better use of your facility, time and budget. Simply roll them into position and set up the ",Screenflex,CONFIDENT,HIGH,tier2,direct_name: Screenflex (title),[HIGH] direct_name:'Screenflex' in title->Screenflex; [HIGH] direct_name:'Screenflex' in body->Screenflex,Screenflex,,,,GLI T9AB226455,GLI,,
9763429646649,credenza-lflf-1,Credenza lflf,Brant Business Interiors,"Credenza 72"" Wide x 22"" Deep x 29"" High 4 Drawer Lateral File Full Suspension Glides",Heartwood,CONFIDENT,HIGH,tier1,sku_prefix: SKU prefix HDL (e.g. HDL-2@INV2236LFX+2272TOP) (sku),[HIGH] sku_prefix:'SKU prefix HDL (e.g. HDL-2@INV2236LFX+2272TOP)' in sku->Heartwood,Heartwood,,,,HDL-2@INV2236LFX+2272TOP,HDL,,
9763460579641,credenza-lfmsu,Credenza lfmsu,Brant Business Interiors,"Credenza 72"" Wide x 22"" Deep x 29"" High 4 Drawer Lateral File Full Suspension Glides",Heartwood,CONFIDENT,HIGH,tier1,sku_prefix: SKU prefix HDL (e.g. HDL-2@INV2236LFX+2272TOP) (sku),[HIGH] sku_prefix:'SKU prefix HDL (e.g. HDL-2@INV2236LFX+2272TOP)' in sku->Heartwood,Heartwood,,,,HDL-2@INV2236LFX+2272TOP,HDL,,
9763504587065,wardrobe,Wardrobe,Brant Business Interiors,"Wardrobe Storage Unit Size: 65"" High x 18"" Wide x 24"" Deep Left Hinged Assembly Required",Heartwood,CONFIDENT,HIGH,tier1,sku_prefix: SKU prefix HDL (e.g. HDL-INV6518WCL) (sku),[HIGH] sku_prefix:'SKU prefix HDL (e.g. HDL-INV6518WCL)' in sku->Heartwood,Heartwood,,,,HDL-INV6518WCL,HDL,,
9766928220473,hardfloor-casters,Hardfloor casters,Brant Business Interiors,"Merangue 2.5"" 64mm Twin Wheel Caster - 2.50"" Made for Hard Floor Surfaces Sold in 5's",NONE,AMBIGUOUS,UNKNOWN,,,no manufacturer signal; sku_prefix=MGE,NONE,,,,MGE-1091503100000,MGE,,MGE
9769268871481,trapezoid-tables-3-sizes,Trapezoid tables (3 sizes) — 3 sizes,Brant Business Interiors,"High pressure scratch resistant laminate Chewing gum resistant table backing 3mm vinyl bonded edgeband Rounded corners for safety 16 Gauge 1.25"" diameter steel tube Fully welded leg construction with ",NONE,AMBIGUOUS,UNKNOWN,,,no manufacturer signal; sku_prefix=MYB,NONE,,,,MYB- AT2448Z,MYB,,MYB
9769301311801,aktivity-puddle,Aktivity Puddle,Brant Business Interiors,"A round activity table built for the floor where early learners actually work — spill-ready, safety-conscious, and sized for group engagement. The Aktivity Puddle is a 60"" diameter round table designe",MityBilt,CONFIDENT,HIGH,tier2,metafield_manufacturer: specs.manufacturer=MityBilt (metafield),[HIGH] metafield_manufacturer:'specs.manufacturer=MityBilt' in metafield->MityBilt,MityBilt,,,,MYB-AT60PUD,MYB,,
9769384116537,please-select-a-finish,Please select a Finish,Brant Business Interiors,,NONE,AMBIGUOUS,UNKNOWN,,,no manufacturer signal; sku_prefix=none,NONE,,,Avis-add-charge,,,,(no-sku)
9776397713721,jumbo-storage-cabinet-assembled-72-h-x48w-x-24-d,"Jumbo storage cabinet assembled 72"" h x48""w x 24"" d — 24""",Brant Business Interiors,"Extra Wide Hi-Boy Storage Cabinet Steel 4 Shelves 72"" H x 48"" W x 24"" D, Grey 3 Point Locking System Arrives Assembled",NONE,AMBIGUOUS,UNKNOWN,,,no manufacturer signal; sku_prefix=SCN,NONE,,,,SCN-FL786,SCN,,SCN
9776398729529,deep-hi-boy-storage-cabinet-72-h-x-36-w-x-24-d,"Deep hi-boy storage cabinet 72"" h x 36"" w x 24"" d — 24""",Brant Business Interiors,"Description 4 Fully adjustable shelves Includes recessed handle and cylinder lock Suitable for office, plant, school or institutional storage needs 72""x24""x36""W Colour: Beige",NONE,AMBIGUOUS,UNKNOWN,,,no manufacturer signal; sku_prefix=SCN,NONE,,,,SCN-FJ883,SCN,,SCN
9778549653817,momentum-series-combos-keyboard-arm-premium-quality,Momentum series combos keyboard arm (premium quality),Brant Business Interiors,Fully stores under desk These Convenience Combos combine our most popular trays with our #1 selling Momentum arm ADVANTAGES AND BENEFITS - The Momentum articulating keyboard arm incorporates dial knob,Richelieu,CONFIDENT,HIGH,tier1,sku_prefix: SKU prefix RIC (e.g. RIC 5007438C3) (sku),[HIGH] sku_prefix:'SKU prefix RIC (e.g. RIC 5007438C3)' in sku->Richelieu,Richelieu,,,,RIC 5007438C3,RIC,,
9778565120313,delivery-charge-175-00,Delivery charge 175. — 00,Brant Business Interiors,"Due to the location of your delivery address, the charge is $175.00 plus tax",NONE,SKIP,UNKNOWN,,,service/non-product line item (delivery/installation/etc.),NONE,,SKIP,,OCD175,OCD,,
9785193038137,makerspace-tables,Makerspace tables,Brant Business Interiors,"Avenue A-Frame Table Features 1-3/4"" Thick Solid Maple Worksurface 11-gauge steel “L” channel welded to the legs and bolted to dual cross-table supports for additional strength 2-1/2"" x 2-1/2"" thick w",NONE,AMBIGUOUS,UNKNOWN,,,no manufacturer signal; sku_prefix=DIVERSIFIEDAFT,NONE,,,,DIVERSIFIEDAFT48305,DIVERSIFIEDAFT,,DIVERSIFIEDAFT
9785822609721,triple-monitor-and-ipad-holder,Triple monitor and ipad holder,Brant Business Interiors,"Accommodates 2 Monitors and 1 Laptop or Ipad The most versatile monitor arm solution for your needs - The Flexa Pro single and dual monitor arms are a high-end floating monitor arm solution, ideal for",Richelieu,CONFIDENT,HIGH,tier1,sku_prefix: SKU prefix RIC (e.g. RIC 500FP23100 & FEL 8044101) (sku),[HIGH] sku_prefix:'SKU prefix RIC (e.g. RIC 500FP23100 & FEL 8044101)' in sku->Richelieu,Richelieu,,,,RIC 500FP23100 & FEL 8044101,RIC,,
9786994098489,installation-chairs,Installation Chairs,Brant Business Interiors,,NONE,SKIP,UNKNOWN,,,service/non-product line item (delivery/installation/etc.),NONE,,SKIP,,,,,
9788103917881,credenza-with-sliding-doors-36-high,"Credenza with sliding doors 36"" high — 36""",Brant Business Interiors,"2 Sliding Door Credenza with lock Available in 1 or 2 colours Available in 3 Sizes: 60"" W x 24"" D x 36"" H 66"" W x 24"" D x 36"" H 72"" W x 24"" D x 36"" H Made in Canada",Intelligent Office Furniture,CONFIDENT,HIGH,tier2,sku_subcode: SKU sub-code UN (e.g. UN6024SC/SC/SLD2/36H) (sku),[HIGH] sku_subcode:'SKU sub-code UN (e.g. UN6024SC/SC/SLD2/36H)' in sku->Intelligent Office Furniture,Intelligent Office Furniture,,,,UN6024SC/SC/SLD2/36H,UN,,
9788589900089,lateral-file-wood-laminate-2-3-4-drawer-options,"Lateral file wood laminate (2, 3 & 4 drawer options) — 4 drawer",Brant Business Interiors,Made in Canada Includes hanging bars and lock Durable laminate finish available in many wood and solid colours. Assortment of optional handles available. Full Suspension Glides,Intelligent Office Furniture,CONFIDENT,HIGH,tier1,sku_prefix: SKU prefix IOF (e.g. IOFUN3624LF2) (sku),[HIGH] sku_prefix:'SKU prefix IOF (e.g. IOFUN3624LF2)' in sku->Intelligent Office Furniture,Intelligent Office Furniture,,,,IOFUN3624LF2,IOFUN,,
9788847030585,modern-grigio-reception-desk,Modern grigio reception desk,Brant Business Interiors,"Made in Canada Size: 84"" Wide x 36"" Deep Includes: 1 Set of drawers",Intelligent Office Furniture,CONFIDENT,HIGH,tier1,sku_prefix: SKU prefix IOF (e.g. IOFW10R) (sku),[HIGH] sku_prefix:'SKU prefix IOF (e.g. IOFW10R)' in sku->Intelligent Office Furniture,Intelligent Office Furniture,,,,IOFW10R,IOFW,,
9788850307385,nutmeg-reception,Nutmeg reception,Brant Business Interiors,Modern style reception unit. Made in Canada DESCRIPTION WARDROBE - 16”W X 30”D X 46”H STORAGE - 16”W X 30”D X 46”H CUSTOM GALLERY DESK - 52”W X 24”D X 43”H CUSTOM GALLERY DESK - 55”W X 24”D X 43”H CUS,Intelligent Office Furniture,CONFIDENT,HIGH,tier1,sku_prefix: SKU prefix IOF (e.g. IOFW19R) (sku),[HIGH] sku_prefix:'SKU prefix IOF (e.g. IOFW19R)' in sku->Intelligent Office Furniture,Intelligent Office Furniture,,,,IOFW19R,IOFW,,
9795527344441,supra-x-chair-1,Supra x chair,Brant Business Interiors,upra X is the perfect complement of affordable ergonomic task seating designed for contemporary appearance and comfort. Famous seating designer Zooey Chu was commissioned to create the ultimate chair.,NONE,AMBIGUOUS,UNKNOWN,,,no manufacturer signal; sku_prefix=none,NONE,,,,5333-3,,,(no-sku)
9795576660281,manual-height-adjustable-table,Manual height adjustable table,Brant Business Interiors,"Manually operated height adjustable tables with counterbalanced spring mechanism. Exceptional ergonomic alternative to traditional desking. Sit-Stand design promotes increased circulation, improving p",NONE,AMBIGUOUS,UNKNOWN,,,no manufacturer signal; sku_prefix=HTM,NONE,,,,HTM3058T/KEZLIFT,HTM,,HTM
9795588981049,hutch-5-sizes,Hutch — 5 sizes,Brant Business Interiors,Hutches pre-drilled for optional hutch doors Available in 8 laminate wood colours Requires Assembly,Heartwood,CONFIDENT,HIGH,tier1,sku_prefix: SKU prefix HDL (e.g. HDLINV3636H) (sku),[HIGH] sku_prefix:'SKU prefix HDL (e.g. HDLINV3636H)' in sku->Heartwood,Heartwood,,,,HDLINV3636H,HDLINV,,
9800589377849,plexiglass-modesty-panels,Plexiglass modesty panels,Brant Business Interiors,"Features Sized to be inset 2"" on each side when installed on like size work surface Ships in two cartons Brackets Included 6mm radius corner on plexiglass panel 14"" High Table not included",Heartwood,CONFIDENT,HIGH,tier1,sku_prefix: SKU prefix HDL (e.g. HDLINV-MP1-1530PLX) (sku),[HIGH] sku_prefix:'SKU prefix HDL (e.g. HDLINV-MP1-1530PLX)' in sku->Heartwood,Heartwood,,,,HDLINV-MP1-1530PLX,HDLINV,,
9800598552889,laminate-modesty-panels,Laminate modesty panels,Brant Business Interiors,"Features Sized to be full-width modesty panel Ships in two cartons Finished with 3mm PVC on all sides 14"" High Brackets included",Heartwood,CONFIDENT,HIGH,tier1,sku_prefix: SKU prefix HDL (e.g. HDLINV-MP2-1430LAPBLK) (sku),[HIGH] sku_prefix:'SKU prefix HDL (e.g. HDLINV-MP2-1430LAPBLK)' in sku->Heartwood,Heartwood,,,,HDLINV-MP2-1430LAPBLK,HDLINV,,
9800687845689,levels-l-shape,Levels l-shape,Brant Business Interiors,Features Series Overview Modern tiered design components with stylish optional 7’’ storage riser feet All laminate doors include soft close hinges New silver locks and silver keys are now standard on ,Heartwood,CONFIDENT,HIGH,tier1,sku_prefix: SKU prefix HDL (e.g. HDL-LEVELS LAYOUT2) (sku),[HIGH] sku_prefix:'SKU prefix HDL (e.g. HDL-LEVELS LAYOUT2)' in sku->Heartwood,Heartwood,,,,HDL-LEVELS LAYOUT2,HDL,,
9817942851897,the-halifax-collection,The halifax collection,Brant Business Interiors,"Variety Choose from two unique leg options: A-Leg and V-Leg Seamless height-adjustable table integration Metal features available in 20 colours Design High design, high function, highly adaptable Made",NONE,AMBIGUOUS,UNKNOWN,,,no manufacturer signal; sku_prefix=none,NONE,,,,,,,(no-sku)
9818040172857,delivery-charge-125,Delivery Charge 125,Brant Business Interiors,,NONE,SKIP,UNKNOWN,,,service/non-product line item (delivery/installation/etc.),NONE,,SKIP,,Delivery $125.00,DELIVERY,,
9819011055929,delivery-installation-charge-250-00,Delivery & installation Charge 250.00,Brant Business Interiors,,NONE,SKIP,UNKNOWN,,,service/non-product line item (delivery/installation/etc.),NONE,,SKIP,,D&I 250,D,,
9819013022009,delivery-installation-250,Delivery & Installation,Brant Business Interiors,,NONE,SKIP,UNKNOWN,,,service/non-product line item (delivery/installation/etc.),NONE,,SKIP,,D&I 250,D,,
9822327505209,laminate-lockers-1,Laminate lockers,Brant Business Interiors,"Canadian Made wood or solid colour lockers. Available in many shapes and sizes. Size: 72""H x 16'W x 21""D (Available in other sizes) 4 Week Lead Time",Intelligent Office Furniture,CONFIDENT,HIGH,tier1,sku_prefix: SKU prefix IOF (e.g. IOF-Lock#003) (sku),[HIGH] sku_prefix:'SKU prefix IOF (e.g. IOF-Lock#003)' in sku->Intelligent Office Furniture,Intelligent Office Furniture,,,,IOF-Lock#003,IOF,,
9822363451705,dolly-for-sonic-chairs-6517ws,Dolly for sonic chairs — 6517WS,Brant Business Interiors,This dolly is made specifically for the Sonic line of seating. Dimensions: W23.25 x D24.75 x H12.25 IN.,NONE,AMBIGUOUS,UNKNOWN,,,no manufacturer signal; sku_prefix=none,NONE,,,,,,,(no-sku)
9822444749113,delivery-charge-65,Delivery Charge $65,Brant Business Interiors,,NONE,SKIP,UNKNOWN,,,service/non-product line item (delivery/installation/etc.),NONE,,SKIP,,Delivery $65.00,DELIVERY,,
9824093798713,aktivity-environ-table,Aktivity Environ table,Brant Business Interiors,"A wood-grain worktable built for busy daycare rooms — without the solid-wood price tag. The Aktivity Environ table brings a natural, warm aesthetic to early-learning and childcare environments. Its st",MityBilt,CONFIDENT,HIGH,tier1,sku_prefix: SKU prefix MTY (e.g. MTY-EN30R) (sku),[HIGH] sku_prefix:'SKU prefix MTY (e.g. MTY-EN30R)' in sku->MityBilt; [HIGH] metafield_manufacturer:'specs.manufacturer=MityBilt' in metafield->MityBilt,MityBilt,,,,MTY-EN30R,MTY,,
9828101783865,ganging-plates-for-terina-tables-gfcngfp,Ganging plates for terina tables gfcngfp,Brant Business Interiors,May only be used with Terina Tables,NONE,AMBIGUOUS,UNKNOWN,,,no manufacturer signal; sku_prefix=GLC,NONE,,,,GLC-GFT3072R,GLC,,GLC
9831568867641,delivery-35,DELIVERY 35,Brant Business Interiors,,NONE,SKIP,UNKNOWN,,,service/non-product line item (delivery/installation/etc.),NONE,,SKIP,,DELIVERY35,DELIVERY,,
9832199749945,felt-acoustic-room-dividers,Felt acoustic room dividers,Brant Business Interiors,"DISTRICT SCREENS Acoustic Panels District screens bring an opportunity to make peaceful spaces without building walls. with an added layer of acrylic between the acoustic panels, this design driven pr",NONE,AMBIGUOUS,UNKNOWN,,,no manufacturer signal; sku_prefix=HCA,NONE,,,Sound dampeners,HCA4747-BAM9-T,HCA,,HCA
9832223867193,felt-acoustic-wall-tiles,Felt acoustic wall tiles,Brant Business Interiors,Silhouette Tiles Harmonious design and acoustic performance is the goal behind our silhouette tiles. We encourage you to have fun mixing and matching this exciting offering of acoustical tiles. They a,NONE,AMBIGUOUS,UNKNOWN,,,no manufacturer signal; sku_prefix=BEL,NONE,,,Sound dampeners wall tiles,BEL HWS1212-CIR9,BEL,,BEL
9832616821049,ceiling-grids-sound-acoustic-dampeners-copy,Ceiling grids sound acoustic dampeners,Brant Business Interiors,Tame open-plan noise with modern 12mm felt ceiling acoustic panels — available in multiple colours and sizes for any workspace. Brant Business Interiors sources custom 12mm felt ceiling acoustic panel,NONE,AMBIGUOUS,UNKNOWN,,,no manufacturer signal; sku_prefix=BELAIR,NONE,,,,BELAIR HCG473608-4DAG12,BELAIR,,BELAIR
9832623735097,ceiling-grids-sound-acoustic-dampeners-orb,Ceiling grids sound acoustic dampeners orb,Brant Business Interiors,"We offer multiple solutions to dampen the sound in open area's. Made out of 12mm felt, these modern looking products not only dampen the sound, but also create a flair in the working enviroment. Avail",NONE,AMBIGUOUS,UNKNOWN,,,no manufacturer signal; sku_prefix=BELAIR,NONE,,,,BELAIR HCG16-ORB12,BELAIR,,BELAIR
9832764408121,hardware-for-ceiling-tiles,Hardware for ceiling tiles,Brant Business Interiors,"Mounting and suspension hardware for acoustic ceiling tiles and drop-ceiling panels. Includes the clips, wires, and brackets required for a clean installation. Compatible with standard T-grid ceiling ",NONE,AMBIGUOUS,UNKNOWN,,,no manufacturer signal; sku_prefix=none,NONE,,,,9  HAC-PANCLAMP-PF,,,(no-sku)
9833161556281,ceiling-baffles-sound-acoustic-dampeners,Ceiling baffles sound acoustic dampeners,Brant Business Interiors,"Ceiling baffles that bring the noise down without getting in the way of your ceiling grid. Open-plan offices, training rooms, and multi-use facilities generate reflected sound that compounds throughou",NONE,AMBIGUOUS,UNKNOWN,,,no manufacturer signal; sku_prefix=none,NONE,,,Sound dampeners,,,,(no-sku)
9834039345465,mobile-pedestal-file-file,Mobile pedestal file / file,Brant Business Interiors,Mobile Drawer Unit 2 File Drawers Files Letter or Legal Locking Wheels,Intelligent Office Furniture,CONFIDENT,HIGH,tier1,sku_prefix: SKU prefix IOF (e.g. IOF IFFM21) (sku),[HIGH] sku_prefix:'SKU prefix IOF (e.g. IOF IFFM21)' in sku->Intelligent Office Furniture,Intelligent Office Furniture,,,,IOF IFFM21,IOF,,
9834060742969,delivery-75,Delivery 75,Brant Business Interiors,,NONE,SKIP,UNKNOWN,,,service/non-product line item (delivery/installation/etc.),NONE,,SKIP,,Delivery75,DELIVERY,,
9841829478713,round-table-cross-base-8-colours,Round table cross base — 8 colours,Brant Business Interiors,Heavy duty durable 27” wide base Low profile adjustable glides Available in two heights - 28.5” and 34.5” Base available in Black or Silver 8 Different Colour Tops,Heartwood,CONFIDENT,HIGH,tier1,sku_prefix: SKU prefix HDL (e.g. HDLINVR36+	900-CROSS-B-27) (sku),[HIGH] sku_prefix:'SKU prefix HDL (e.g. HDLINVR36+	900-CROSS-B-27)' in sku->Heartwood,Heartwood,,,,HDLINVR36+	900-CROSS-B-27,HDLINVR,,
9841866506553,jax-sit-to-stand,Jax sit to stand,Brant Business Interiors,The NEW JAX Sit to Stand is the most innovative keyboard arm on the market - The Jax Sit to Stand rises above the desk more than any other to allow typing standing up. - Allows end user to type at the,Richelieu,CONFIDENT,HIGH,tier1,sku_prefix: SKU prefix RIC (e.g. RIC-5008479C3) (sku),[HIGH] sku_prefix:'SKU prefix RIC (e.g. RIC-5008479C3)' in sku->Richelieu,Richelieu,,,,RIC-5008479C3,RIC,,
9842388468025,power-plant-500222pp90-daisychaining,Power plant 500222PP90 daisychaining,Brant Business Interiors,"9' SJT #14 cord 90° plug Input: 110 V 12 A USB output: 5 V 2.4 A charging only Aluminum construction Wire distance between the socket box and the adjustable box is 18"" SJT #14 cord Ideal for groupings",Richelieu,CONFIDENT,HIGH,tier1,sku_prefix: SKU prefix RIC (e.g. RIC500222PP90) (sku),[HIGH] sku_prefix:'SKU prefix RIC (e.g. RIC500222PP90)' in sku->Richelieu,Richelieu,,,,RIC500222PP90,RIC,,
9843066274105,circular-reception-unit-w-41-r,Circular reception unit — W-41-R,Brant Business Interiors,"This stylish reception unit is built to sit up to 2-3 people. Functionality and Design. Made in Canada, this unit is available in many colours and several different sizes. Lead Time: 4-6 weeks Size: 1",Intelligent Office Furniture,CONFIDENT,HIGH,tier1,sku_prefix: SKU prefix IOF (e.g. IOF-W41R) (sku),[HIGH] sku_prefix:'SKU prefix IOF (e.g. IOF-W41R)' in sku->Intelligent Office Furniture,Intelligent Office Furniture,,,,IOF-W41R,IOF,,
9846115074361,av-stand-sa-81-3016,Av stand — SA-81-3016,Brant Business Interiors,"A purpose-built AV cart that keeps your equipment organized, stable, and ready to work. The Subra Series SA-81-3016 is a commercial-grade AV stand engineered for offices, boardrooms, training rooms, a",Heartwood,CONFIDENT,HIGH,tier1,sku_prefix: SKU prefix HDL (e.g. HDL-SA81-3016) (sku),[HIGH] sku_prefix:'SKU prefix HDL (e.g. HDL-SA81-3016)' in sku->Heartwood,Heartwood,,,,HDL-SA81-3016,HDL,,
9851749335353,monitor-arms,Monitor arms,Brant Business Interiors,"Single-monitor articulating arm that frees up desk space and supports ergonomic screen positioning. Fits most VESA-compatible displays up to standard office monitor sizes. Full-motion tilt, swivel, an",NONE,AMBIGUOUS,UNKNOWN,,,no manufacturer signal; sku_prefix=none,NONE,,,Avis-add-charge,,,,(no-sku)
9851761426745,racetrack-conference-table-1-top,"Racetrack conference table 1"" top — 1""",Brant Business Interiors,"Canadian made tables come with 2 to 3 slab legs based on table size. 1"" thick top available in several colours. Easy Assembly Required",Intelligent Office Furniture,CONFIDENT,HIGH,tier1,sku_prefix: SKU prefix IOF (e.g. IOFRAPB3660) (sku),[HIGH] sku_prefix:'SKU prefix IOF (e.g. IOFRAPB3660)' in sku->Intelligent Office Furniture,Intelligent Office Furniture,,,,IOFRAPB3660,IOFRAPB,,
9852995436857,display-shelving,Display shelving,Brant Business Interiors,Custom Display Rack Shown Size: 30”W x 16.5”D x 48”H This unit can be made any size to fit your available space. Several colour options. Lead Time: 4-6 Weeks. Made in Canada.,Intelligent Office Furniture,CONFIDENT,HIGH,tier1,sku_prefix: SKU prefix IOF (e.g. IOF-B2016-17 X 2) (sku),[HIGH] sku_prefix:'SKU prefix IOF (e.g. IOF-B2016-17 X 2)' in sku->Intelligent Office Furniture,Intelligent Office Furniture,,,,IOF-B2016-17 X 2,IOF,,
9853010051385,storage-cabinet-with-doors,Storage cabinet with doors,Brant Business Interiors,Custom Storage Cabinet Shown Size: 4872”W x 48”D x 42”H This unit can be made any size to fit your available space. Locking Doors. Several colour options. Lead Time: 4-6 Weeks. Made in Canada.,Intelligent Office Furniture,CONFIDENT,HIGH,tier1,sku_prefix: SKU prefix IOF (e.g. IOF-B2016-87) (sku),[HIGH] sku_prefix:'SKU prefix IOF (e.g. IOF-B2016-87)' in sku->Intelligent Office Furniture,Intelligent Office Furniture,,,,IOF-B2016-87,IOF,,
9853059694905,meeting-table,Meeting table,Brant Business Interiors,"Innovation tables include multiple size tops available many colour options Top: 1"" Thick Edge: Matching PVC Edge Legs: 4 Colour options",Heartwood,CONFIDENT,HIGH,tier1,sku_prefix: SKU prefix HDL (e.g. HDL-INV-2436TBL-SQ2OFT) (sku),[HIGH] sku_prefix:'SKU prefix HDL (e.g. HDL-INV-2436TBL-SQ2OFT)' in sku->Heartwood,Heartwood,,,,HDL-INV-2436TBL-SQ2OFT,HDL,,
9855858245945,height-adjustable-l-shape-table-1,Height adjustable l-shape table,Brant Business Interiors,"Features: • Quick assembly design. Sturdy, 2-stage steel frame construction • 4 programmable memory positions • Actuator system with a dual synchronized motor driving each leg • Includes adjustable gl",Heartwood,CONFIDENT,HIGH,tier1,sku_prefix: SKU prefix HDL (e.g. HDL-CLI-E1-3LEG-3060+2448 Top) (sku),[HIGH] sku_prefix:'SKU prefix HDL (e.g. HDL-CLI-E1-3LEG-3060+2448 Top)' in sku->Heartwood,Heartwood,,,,HDL-CLI-E1-3LEG-3060+2448 Top,HDL,,
9858778431801,cabinet-file-file-right-wardrobe-inv-6524cffwr-24,Cabinet / file / file / right wardrobe — INV-6524CFFWR-24,Brant Business Interiors,"Overview Cabinet / File / File / Right Wardrobe 23.75"" W x 23.75"" D x 64.5"" H 2 Adjustable shelves in upper cabinet Locking upper cabinet and file drawers Non-locking wardrobe Coat-rod and hat-shelf i",Heartwood,CONFIDENT,HIGH,tier1,sku_prefix: SKU prefix HDL (e.g. HDL- INV-6524CFFWR-24) (sku),[HIGH] sku_prefix:'SKU prefix HDL (e.g. HDL- INV-6524CFFWR-24)' in sku->Heartwood,Heartwood,,,,HDL- INV-6524CFFWR-24,HDL,,
9858891776313,links-custom-reception-unit-60x72,"Links custom reception unit — 60""x72""",Brant Business Interiors,"Links Workspaces combine contemporary design and ergonomics, offered in a wide selection of beautiful finishes and textiles to enhance every workspace environment. Size: 60"" x 72"" Available in 60"", 66",NONE,AMBIGUOUS,UNKNOWN,,,no manufacturer signal; sku_prefix=CAB,NONE,,,,CAB1622LOBBF-CTS3636G-DSK2436LR-ECU246048CLF-LTS1224G-LTS1236G,CAB,,CAB
9859466658105,credenza-storage-storage-with-locks,Credenza storage / storage with locks,Brant Business Interiors,"Two door Credenza Made in Canada Available in many colours and sizes. Height: 29""",Intelligent Office Furniture,CONFIDENT,HIGH,tier1,sku_prefix: SKU prefix IOF (e.g. IOF-UN6024/SC/SC) (sku),[HIGH] sku_prefix:'SKU prefix IOF (e.g. IOF-UN6024/SC/SC)' in sku->Intelligent Office Furniture,Intelligent Office Furniture,,,,IOF-UN6024/SC/SC,IOF,,
9862922142009,coffee-table-1,Coffee table,Brant Business Interiors,"Made in Canada, 1″ laminated top, steel legs — a reception coffee table built for institutional daily use. This Canadian-made coffee table pairs a 1″ laminated top with a steel leg base for reception ",Heartwood,CONFIDENT,HIGH,tier2,sku_subcode: SKU sub-code INVCOFREC (e.g. INVCOFREC2436) (sku),[HIGH] sku_subcode:'SKU sub-code INVCOFREC (e.g. INVCOFREC2436)' in sku->Heartwood,Heartwood,,,,INVCOFREC2436,INVCOFREC,,
9864578040121,indigenous-medicine-wheel-huddl,Indigenous medicine wheel huddl,Brant Business Interiors,Graphic Medicine Wheel Huddl incorporates a unique graphic high pressure laminate design of the Medicine Wheel. Paired with ingeniously crafted soft seating in matching colours that nest neatly beneat,MityBilt,CONFIDENT,HIGH,tier1,sku_prefix: SKU prefix MTY (e.g. MTY-HDDLGMED#) (sku),[HIGH] sku_prefix:'SKU prefix MTY (e.g. MTY-HDDLGMED#)' in sku->MityBilt,MityBilt,,,,MTY-HDDLGMED#,MTY,,
9868797346105,lockers-2-tier,Lockers 2-tier,Brant Business Interiors,"Description Keep your workplace tidy while also providing secure storage for personal items. Available in both knocked down and assembled models, lockers feature durable steel construction and magneti",NONE,AMBIGUOUS,UNKNOWN,,,no manufacturer signal; sku_prefix=SCN,NONE,,,,SCN-FN478,SCN,,SCN
9874943738169,metal-cross-base-with-levelers,Metal cross base with levelers,Brant Business Interiors,"Features Heavy-duty, durable 27"" wide base Low-profile adjustable glides Perfect for lunchrooms and cafeterias Black (BL) or Silver (SL) powder coat finish 2 Base Height available (not including top) ",Heartwood,CONFIDENT,HIGH,tier1,sku_prefix: SKU prefix HDL (e.g. HDL-900-CROSS-B-27 SIL) (sku),[HIGH] sku_prefix:'SKU prefix HDL (e.g. HDL-900-CROSS-B-27 SIL)' in sku->Heartwood,Heartwood,,,,HDL-900-CROSS-B-27 SIL,HDL,,
9874945835321,metal-round-metal-base,Metal round metal base,Brant Business Interiors,"Features Heavy-duty, Low-profile adjustable glides Perfect for lunchrooms and cafeterias Black (BL) or Silver (SL) powder coat finish 3 Base Height available (not including top) Ships in two cartons",Heartwood,CONFIDENT,HIGH,tier1,sku_prefix: SKU prefix HDL (e.g. HDL-900-ROU20-SIL) (sku),[HIGH] sku_prefix:'SKU prefix HDL (e.g. HDL-900-ROU20-SIL)' in sku->Heartwood,Heartwood,,,,HDL-900-ROU20-SIL,HDL,,
9874949079353,metal-square-metal-base,Metal square metal base,Brant Business Interiors,"Features Heavy-duty, Low-profile adjustable glides Perfect for lunchrooms and cafeterias Black (BL), White or Silver (SL) powder coat finish 3 Base Height available (not including top) Ships in two ca",Heartwood,CONFIDENT,HIGH,tier1,sku_prefix: SKU prefix HDL (e.g. HDL-900-SQB20-SIL) (sku),[HIGH] sku_prefix:'SKU prefix HDL (e.g. HDL-900-SQB20-SIL)' in sku->Heartwood,Heartwood,,,,HDL-900-SQB20-SIL,HDL,,
9882644414777,manual-height-adjustable-base,Manual height adjustable base (tops sold separately),Brant Business Interiors,TO ORDER TOPS FEATURES: • Compact manual sit-to-stand desk frame (base only) • Foldable handle prevents interference • Top Size Range: 42”min - 60”max width (larger than 60” wide is not recommended) •,Heartwood,CONFIDENT,HIGH,tier1,sku_prefix: SKU prefix HDL (e.g. HDL-900-CRANK) (sku),[HIGH] sku_prefix:'SKU prefix HDL (e.g. HDL-900-CRANK)' in sku->Heartwood,Heartwood,,,,HDL-900-CRANK,HDL,,
9884899213625,desk-shells,Desk shells,Brant Business Interiors,Desk Shells Available in 7 sizes and colours Requires assembly Quick Ship,Heartwood,CONFIDENT,HIGH,tier1,sku_prefix: SKU prefix HDL (e.g. HDLINV2448DS) (sku),[HIGH] sku_prefix:'SKU prefix HDL (e.g. HDLINV2448DS)' in sku->Heartwood,Heartwood,,,,HDLINV2448DS,HDLINV,,
9893597905209,l-shape-desk-with-hutch,"L-shape desk with hutch — 72""X72""",Brant Business Interiors,"Desk with Return and Hutch Size: 72"" x 72"" Mobile Drawer Unit with lock/key Several colour options",Intelligent Office Furniture,CONFIDENT,HIGH,tier1,sku_prefix: SKU prefix IOF (e.g. IOF-UN72HUTDO43-UN7230TD-UN4224EROPRH-IBBFM24) (sku),[HIGH] sku_prefix:'SKU prefix IOF (e.g. IOF-UN72HUTDO43-UN7230TD-UN4224EROPRH-IBBFM24)' in sku->Intelligent Office Furniture,Intelligent Office Furniture,,,,IOF-UN72HUTDO43-UN7230TD-UN4224EROPRH-IBBFM24,IOF,,
9893783208249,please-select-a-finish-1,Please Select a Finish,Brant Business Interiors,,NONE,AMBIGUOUS,UNKNOWN,,,no manufacturer signal; sku_prefix=none,NONE,,,Avis-add-charge,,,,(no-sku)
9897109848377,staxx-chair,STAXX Chair,Brant Business Interiors,ACTIV™ STAXX™ SERIES • Functional and versatile • Can be stacked 10 high or nested for storage (armless) • Integrated carrying handle molded in the underside of seat • Ganging connectors are integrate,Horizon Furniture,CONFIDENT,HIGH,tier1,sku_prefix: SKU prefix HZN (e.g. HZN-NK03) (sku),[HIGH] sku_prefix:'SKU prefix HZN (e.g. HZN-NK03)' in sku->Horizon Furniture,Horizon Furniture,,,,HZN-NK03,HZN,,
9903963603257,hutch-with-doors,Hutch with doors (assembled),Brant Business Interiors,Available in several Sizes and Colours Made in Canada,Intelligent Office Furniture,CONFIDENT,HIGH,tier2,sku_subcode: SKU sub-code UN (e.g. UN36HUTDO/43) (sku),[HIGH] sku_subcode:'SKU sub-code UN (e.g. UN36HUTDO/43)' in sku->Intelligent Office Furniture,Intelligent Office Furniture,,,,UN36HUTDO/43,UN,,
9905594925369,dispose,Disposal program,Brant Business Interiors,"Price includes: Dismantling (if required) Removal Disposal (Parts may be recycled or sent to ""Dump Site"")",NONE,SKIP,UNKNOWN,,,service/non-product line item (delivery/installation/etc.),NONE,,SKIP,,OCI-DISPOSAL PROGRAM,OCI,,
9911112433977,metal-apex-desk,Metal apex desk,Brant Business Interiors,"The Apex teachers desk features integral wire management, a modesty panel and 2 locking box box file pedestals - everything the busy teacher needs! High pressure laminate work surface Chewing gum resi",MityBilt,CONFIDENT,HIGH,tier1,sku_prefix: SKU prefix MTY (e.g. MTYB AP3060.BBF2) (sku),[HIGH] sku_prefix:'SKU prefix MTY (e.g. MTYB AP3060.BBF2)' in sku->MityBilt,MityBilt,,,,MTYB AP3060.BBF2,MTYB,,
9911124263225,contemporary-metal-desk,Contemporary metal desk,Brant Business Interiors,This desk features sturdy 3-inch diameter legs reinforced with 3/8-inch solid bar supports for exceptional strength. It includes a decorative perforated modesty panel to ensure user privacy. The desk ,MityBilt,CONFIDENT,HIGH,tier1,sku_prefix: SKU prefix MTY (e.g. MTY- TUT2448.MPL) (sku),[HIGH] sku_prefix:'SKU prefix MTY (e.g. MTY- TUT2448.MPL)' in sku->MityBilt; [HIGH] direct_name:'MityBilt' in body->MityBilt,MityBilt,,,,MTY- TUT2448.MPL,MTY,,
9916922233145,additional-services-dismantle-re-assemble,Additional services-dismantle & re-assemble,Brant Business Interiors,Dismantle 1 U-Shape workstation and move it to another office and re-assemble.,NONE,SKIP,UNKNOWN,,,service/non-product line item (delivery/installation/etc.),NONE,,SKIP,,Dismantle & Re-Assemble,DISMANTLE,,
9924895768889,cluster-seating,Cluster seating 4,Brant Business Interiors,"Description Comfortably seats 4 adults Size: 24""x48"" 1"" thick 45lb high density particle board High pressure scratch resistant laminate Chewing gum resistant table backing 3mm vinyl bonded edgeband Ro",NONE,AMBIGUOUS,UNKNOWN,,,no manufacturer signal; sku_prefix=none,NONE,,,,,,,(no-sku)
9936909893945,mobile-machine-stand-with-shelf-on-wheels,Mobile machine stand with shelf on wheels,Brant Business Interiors,"30.75"" Height x 28"" Width x 19.25"" Depth - Mahogany - Laminated Particleboard - Mahogany Generous countertop sized to fit most office machines 2 doors with elegant pull handles Concealed compartment w",Intelligent Office Furniture,CONFIDENT,HIGH,tier1,sku_prefix: SKU prefix IOF (e.g. IOF-C901221) (sku),[HIGH] sku_prefix:'SKU prefix IOF (e.g. IOF-C901221)' in sku->Intelligent Office Furniture,Intelligent Office Furniture,,,,IOF-C901221,IOF,,
9942359015737,desk-top-dividers-1,Desk top dividers,Brant Business Interiors,"Features 12mm thick tackable acoustic frameless PET felt panels made from recycled eco-friendly material (100% polyester) A-level permanent fire protection Mountable above or below worksurfaces 24"" an",Heartwood,CONFIDENT,HIGH,tier1,sku_prefix: SKU prefix HDL (e.g. HDL-OUTEM1-1524PETST) (sku),[HIGH] sku_prefix:'SKU prefix HDL (e.g. HDL-OUTEM1-1524PETST)' in sku->Heartwood,Heartwood,,,,HDL-OUTEM1-1524PETST,HDL,,
9943309746489,new-pneumatic-single-arm-monitor-stand,"""new"" pneumatic single-arm monitor stand",Brant Business Interiors,"Pneumatic Single or Double Monitor Arm Stand This new monitor stand features the same sleek look as our existing 100-MA2C, with a neutral black frame and blue accents. The 100-MA1C is perfect for free",Heartwood,CONFIDENT,HIGH,tier1,sku_prefix: SKU prefix HDL (e.g. HDL-100-MA1C) (sku),[HIGH] sku_prefix:'SKU prefix HDL (e.g. HDL-100-MA1C)' in sku->Heartwood,Heartwood,,,,HDL-100-MA1C,HDL,,
9943316529465,laptop-holder-for-100-ma1c-100-ma2c-monitor-arms,Laptop holder for 100-MA1C & 100-MA2C monitor arms only,Brant Business Interiors,Laptop mounting tray that attaches to the 100-MA1C and 100-MA2C monitor arms only . Swap the tray onto the arm in place of a monitor to mount a laptop for flexible dual-use workstations. Secure retent,Heartwood,CONFIDENT,HIGH,tier1,sku_prefix: SKU prefix HDL (e.g. HDL-100LPTP) (sku),[HIGH] sku_prefix:'SKU prefix HDL (e.g. HDL-100LPTP)' in sku->Heartwood,Heartwood,,,Laptop Holder,HDL-100LPTP,HDL,,
9944186683705,delivery-charge-tailgate,Delivery Charge (Tailgate),Brant Business Interiors,,NONE,SKIP,UNKNOWN,,,service/non-product line item (delivery/installation/etc.),NONE,,SKIP,,Delivery300,DELIVERY,,
9952132563257,delivery-installation,Delivery & Installation,Brant Business Interiors,Delivery & Installation,NONE,SKIP,UNKNOWN,,,service/non-product line item (delivery/installation/etc.),NONE,,SKIP,,Delivery & Installation$50,DELIVERY,,
9960567046457,keys-2-set,Keys 2/set,Brant Business Interiors,Keys for Global Cabinets Custom order: Non Returnable Key Shape may differ,NONE,AMBIGUOUS,UNKNOWN,,,no manufacturer signal; sku_prefix=none,NONE,,,,,,,(no-sku)
9963313004857,levels-bookcase,Levels bookcase,Brant Business Interiors,"Introducing Levels, HDL’s new multi-tiered, layered office furniture series that combines contemporary metal details with durable laminate designs. Choose from over 80 IN-STOCK , high quality, modular",Heartwood,CONFIDENT,HIGH,tier1,sku_prefix: SKU prefix HDL (e.g. HDL LEV-6532BK) (sku),[HIGH] sku_prefix:'SKU prefix HDL (e.g. HDL LEV-6532BK)' in sku->Heartwood,Heartwood,,,,HDL LEV-6532BK,HDL,,
9968003612985,round-metal-base,Round metal base,Brant Business Interiors,"Features Heavy-duty, Low-profile adjustable glides Perfect for lunchrooms and cafeterias Black (BL), White or Silver (SL) powder coat finish 3 Base Height available (not including top) Ships in two ca",Heartwood,CONFIDENT,HIGH,tier1,sku_prefix: SKU prefix HDL (e.g. HDL-900-ROU20SIL) (sku),[HIGH] sku_prefix:'SKU prefix HDL (e.g. HDL-900-ROU20SIL)' in sku->Heartwood,Heartwood,,,,HDL-900-ROU20SIL,HDL,,
9968013639993,fax-printer-machine-stand,"Fax, printer, machine stand",Brant Business Interiors,"Heavy-duty mobile stand built for printers, fax machines, and multi-function copiers. A stable steel base and lockable casters make it easy to reposition without unplugging or lifting the machine. Sup",Heartwood,CONFIDENT,HIGH,tier1,sku_prefix: SKU prefix HDL (e.g. HDL-SA-84-3220) (sku),[HIGH] sku_prefix:'SKU prefix HDL (e.g. HDL-SA-84-3220)' in sku->Heartwood,Heartwood,,,,HDL-SA-84-3220,HDL,,
9968549429561,temptations-office-suite,Temptations office suite,Brant Business Interiors,"This suite offers style and functionality Available in many colours, Temptations is available in many sizes, made to order. Dimensions: Back Wall 120"" x 76"" High / Table Desk 72"" x 30"" Made in Canada ",Intelligent Office Furniture,CONFIDENT,HIGH,tier1,sku_prefix: SKU prefix IOF (e.g. IOF-B2016-62) (sku),[HIGH] sku_prefix:'SKU prefix IOF (e.g. IOF-B2016-62)' in sku->Intelligent Office Furniture,Intelligent Office Furniture,,,,IOF-B2016-62,IOF,,
9968549888313,temptations-office-suite-copy,The corporate office suite,Brant Business Interiors,"This suite offers style and functionality Available in many colours, The Corporate"" is available in many sizes, made to order. Dimensions: Back Wall 86"" wide x 72"" High / Desk 132"" x 24"" Made in Canad",Intelligent Office Furniture,CONFIDENT,HIGH,tier1,sku_prefix: SKU prefix IOF (e.g. IOF-B2016-49) (sku),[HIGH] sku_prefix:'SKU prefix IOF (e.g. IOF-B2016-49)' in sku->Intelligent Office Furniture,Intelligent Office Furniture,,,,IOF-B2016-49,IOF,,
9982113481017,eor-guest-chair-mvl3920b,Eor guest chair — MVL3920B,Brant Business Interiors,Eor | Upholstered Guest Chair multi-purpose guest chair bonded Black Leather durable steel four-legged frame contoured back and seat cushions with waterfall seat edge welcoming soft self-skinned polyu,Global Furniture Group,CONFIDENT,HIGH,tier2,model_code: MVL3920B (MVL Ibex line) (title),[HIGH] model_code:'MVL3920B (MVL Ibex line)' in title->Global Furniture Group,Global Furniture Group,,,,,,,
9983628968249,l-shape-suite-layout-41c,L-shape suite layout # — 41C,Brant Business Interiors,Includes: Rectangular Bullet Top Desk 48” Rectangle Top Laminate. Hanging Modesty Panel Freestanding Pedestal - No Top Wardrobe / Storage Cabinet Open Overhead Storage Laminate Doors For Overhead Stor,Heartwood,CONFIDENT,HIGH,tier1,sku_prefix: SKU prefix HDL (e.g. HDL-Layout 41C) (sku),[HIGH] sku_prefix:'SKU prefix HDL (e.g. HDL-Layout 41C)' in sku->Heartwood,Heartwood,,,,HDL-Layout 41C,HDL,,
10008720867641,custom-reception-unit-accessories,Custom reception unit & accessories,Brant Business Interiors,"As per Drawing, Sizes as shown.",NONE,AMBIGUOUS,UNKNOWN,,,no manufacturer signal; sku_prefix=none,NONE,,,,,,,(no-sku)
10012482797881,student-chairs-3-sizes,Student Chairs (3 sizes),Brant Business Interiors,"Features: SOFIA Educational Chairs K-12 Available Seat Finishes: • 3 sizes of chairs - 14”, 16”, 18” • Reinforced with 19mm x 1.7mm thick crossbeams • Base finish is Chrome plated • One piece injectio",NONE,AMBIGUOUS,UNKNOWN,,,no manufacturer signal; sku_prefix=EDU,NONE,,,,EDU-SOFIA-LEG-14,EDU,,EDU
10023161004345,arm-caps-for-2330-chair,Arm caps for 2330 chair,Brant Business Interiors,Model # 014038973-A for Model # 2330 Chair Sold as eaches. Order 2 ( Left and Right Arm) Not exactly as shown. NON Returnable. Price includes handling,NONE,AMBIGUOUS,UNKNOWN,,,no manufacturer signal; sku_prefix=none,NONE,,,,,,,(no-sku)
10029504528697,cord-cover,Cord cover snake,Brant Business Interiors,Wire Management Snake for Height Adjustable Units length can be easily changed moves with your unit 3 Colour options,Heartwood,CONFIDENT,HIGH,tier1,sku_prefix: SKU prefix HDL (e.g. HDL-100-WM1300) (sku),[HIGH] sku_prefix:'SKU prefix HDL (e.g. HDL-100-WM1300)' in sku->Heartwood,Heartwood,,,,HDL-100-WM1300,HDL,,
10030448312633,white-board-magnetic-mobile-on-wheels,White board magnetic (mobile) on wheels,Brant Business Interiors,"Features 35.6 x 43.4"" Magnetic Glass (Streak-free) Whiteboard (Side 1) & Tack-able Felt (Side 2) surface 34.2 x 3.2"" Storage tray 37.7 x 26.4"" Footprint mobile aluminum base with locking casters Each ",Heartwood,CONFIDENT,HIGH,tier1,sku_prefix: SKU prefix HDL (e.g. HDL 100-7138MWF) (sku),[HIGH] sku_prefix:'SKU prefix HDL (e.g. HDL 100-7138MWF)' in sku->Heartwood,Heartwood,,,,HDL 100-7138MWF,HDL,,
10040680808761,pneumatic-single-table,Pneumatic single table,Brant Business Interiors,"The Pneumatic Sit-Stand Mobile Desk lets you move seamlessly from sitting to standing with a smooth, lever-operated pneumatic lift. A sturdy aluminum frame is finished in sleek silver or black Adjust ",Intelligent Office Furniture,CONFIDENT,HIGH,tier1,sku_prefix: SKU prefix IOF (e.g. IOF-PN2420) (sku),[HIGH] sku_prefix:'SKU prefix IOF (e.g. IOF-PN2420)' in sku->Intelligent Office Furniture,Intelligent Office Furniture,,,,IOF-PN2420,IOF,,
10043552071993,sonic-armchair-polypropylene-seat-back-6513,"Sonic armchair, polypropylene seat & back (6513) — 6513",Brant Business Interiors,"Sonic is ideal for meeting rooms, office guest seating, food facilities, lecture halls, and just about anywhere. Dimensions: W23 x D21.5 x H33 IN.",NONE,AMBIGUOUS,UNKNOWN,,,no manufacturer signal; sku_prefix=none,NONE,,,,,,,(no-sku)
10046412554553,solid-steel-shelving-starter-set,"Solid steel shelving, starter set",Brant Business Interiors,These rugged and dependable T-Bolt™ shelving units deliver real supporting strength for all types of storage uses. Quality shelving for heavy-duty storage solutions. Offset angle post support heavy lo,NONE,AMBIGUOUS,UNKNOWN,,,no manufacturer signal; sku_prefix=none,NONE,,,,,,,(no-sku)
10052613177657,colour,Colour,Brant Business Interiors,,NONE,AMBIGUOUS,UNKNOWN,,,no manufacturer signal; sku_prefix=none,NONE,,,Avis-add-charge,,,,(no-sku)
10053881692473,l-shape-workstations,"L-shape workstations (9 sizes, 8 colours) — 9 sizes",Brant Business Interiors,"Quality, choice and value are key ingredients that define the Innovations series. Combining high quality furniture with an abundance of components and finishes to choose from, along with our exception",Heartwood,CONFIDENT,HIGH,tier2,sku_subcode: SKU sub-code INV (e.g. INV3060DS-INVHPF-INV2430RSBR) (sku),[HIGH] sku_subcode:'SKU sub-code INV (e.g. INV3060DS-INVHPF-INV2430RSBR)' in sku->Heartwood,Heartwood,,,,INV3060DS-INVHPF-INV2430RSBR,INV,,
10084137697593,lateral-file-used-5-drawer-beige-nevada,Lateral file (used) 5 drawer beige nevada — 5 drawer,Brant Business Interiors,Features Levelling glides standard Cam locks with removable cores are standard File bars included Interlock system prevents tipping by allowing only one drawer to open at a time Counterweights availab,NONE,AMBIGUOUS,UNKNOWN,,,no manufacturer signal; sku_prefix=none,NONE,,,,,,,(no-sku)
10085789335865,grommet-hole-cover,Grommet hole & cover,Brant Business Interiors,"2"" Plastic Cover For Local locations only Includes onsite cutting Hole Size: 2"" Cover Size: 1.76""",NONE,AMBIGUOUS,UNKNOWN,,,no manufacturer signal; sku_prefix=none,NONE,,,,,,,(no-sku)
10085804048697,table-tops,Table tops (17 shapes & sizes),Brant Business Interiors,"Construction Tops and Gables are 1"" thick. All are thermally fused melamine on a 45 pound, industrial particle board core. Leveling glides are standard on all floor models. Edge Details All INV series",Intelligent Office Furniture,CONFIDENT,HIGH,tier1,sku_prefix: SKU prefix IOF (e.g. IOF-UN3624TOP/NGM) (sku),[HIGH] sku_prefix:'SKU prefix IOF (e.g. IOF-UN3624TOP/NGM)' in sku->Intelligent Office Furniture,Intelligent Office Furniture,,,,IOF-UN3624TOP/NGM,IOF,,
10086725615929,table-desk-height-adjustable,Table desk height adjustable,Brant Business Interiors,"This Canadian made Table Desk is available in 6 sizes. Base Quick assembly 2-leg, 3-stage electric height adjustable table base beam and leg columns with motors are all preassembled unfold leg columns",Intelligent Office Furniture,CONFIDENT,HIGH,tier1,sku_prefix: SKU prefix IOF (e.g. IOF-HA#014-2460) (sku),[HIGH] sku_prefix:'SKU prefix IOF (e.g. IOF-HA#014-2460)' in sku->Intelligent Office Furniture,Intelligent Office Furniture,,,,IOF-HA#014-2460,IOF,,
10086763954489,lateral-file-storage-cabinet-with-shelves-copy,Lateral file & storage cabinet with shelves,Brant Business Interiors,"Made in Canada Framed with 1"" thick construction with locking drawers and doors. Adjustable shelves Frosted Plexi-Glass door fronts with Aluminum Frame Full Suspension drawers 4-5 Week Lead time.",Intelligent Office Furniture,CONFIDENT,HIGH,tier1,sku_prefix: SKU prefix IOF (e.g. IOF-UN3066LF/SC/GD/21) (sku),[HIGH] sku_prefix:'SKU prefix IOF (e.g. IOF-UN3066LF/SC/GD/21)' in sku->Intelligent Office Furniture,Intelligent Office Furniture,,,,IOF-UN3066LF/SC/GD/21,IOF,,
10102429090105,corner-maker-12,Corner maker — 12,Brant Business Interiors,"Features Stamped steel construction Adjustable design fits 1"" - 2.25"" thick work surfaces 12"" wide design for minimum setback from work surface Track mounting capability allows attachment of keyboard ",Horizon Furniture,CONFIDENT,HIGH,tier1,sku_prefix: SKU prefix HZN (e.g. HZN-CM2) (sku),[HIGH] sku_prefix:'SKU prefix HZN (e.g. HZN-CM2)' in sku->Horizon Furniture,Horizon Furniture,,,,HZN-CM2,HZN,,
10102435873081,i-pad-holders,Ipad holders,Brant Business Interiors,"Anti-Theft, floor mounted enclosure/stand for iPad tablet Features Lock and key secured case for tablet Home button accessible 90 degree rotation and 75 degree tilt adjustable Interior cable managemen",Horizon Furniture,CONFIDENT,HIGH,tier1,sku_prefix: SKU prefix HZN (e.g. HZN-ECAPSF02) (sku),[HIGH] sku_prefix:'SKU prefix HZN (e.g. HZN-ECAPSF02)' in sku->Horizon Furniture,Horizon Furniture,,,,HZN-ECAPSF02,HZN,,
10102505341241,coat-tree,Coat tree,Brant Business Interiors,"Coordinating coat trees come in three styles, all with stabilizing levelling glides.",NONE,AMBIGUOUS,UNKNOWN,,,no manufacturer signal; sku_prefix=none,NONE,,,,,,,(no-sku)
10102691627321,corner-maker-2-sizes,Corner maker — 2 sizes,Brant Business Interiors,"CornerShaper™ The single solution designed to turn vacant right angles into convenient useful workspaces. To enable easy selection, the Corner Shaper™ is available in three widths, 26” (660mm), 19½” (",NONE,AMBIGUOUS,UNKNOWN,,,no manufacturer signal; sku_prefix=ERG,NONE,,,,ERG-CS25703,ERG,,ERG
10107361100089,folding-chair-cart,Folding chair cart,Brant Business Interiors,Cart will stack & hold 32pcs TLT-FC6 chairs or 26pcs TLT-FCB6 chairs TLT-FCB6 chairs stack in alternating directions Same durable finish as chairs Hard locking casters (suitable for carpet or other so,Heartwood,CONFIDENT,HIGH,tier1,sku_prefix: SKU prefix HDL (e.g. HDL-TLT-CCART) (sku),[HIGH] sku_prefix:'SKU prefix HDL (e.g. HDL-TLT-CCART)' in sku->Heartwood,Heartwood,,,,HDL-TLT-CCART,HDL,,
10111254855993,6-drawer-end-tab-cabinet-s128-drawers,6 drawer end tab cabinet S128 drawers — 6 drawer,Brant Business Interiors,"Made in Canada Cabinets with fixed shelves, receding doors, and looped full pull handles accommodate letter size files and file pockets Includes 3 plate dividers per shelf and easily accessible lock P",NONE,AMBIGUOUS,UNKNOWN,,,no manufacturer signal; sku_prefix=TEK,NONE,,,,TEK-LLF60L2036D1A 2102204,TEK,,TEK
10128782164281,round-table-29-high-8-colours,"Round table 29"" high (8 colours) — 8 colours",Brant Business Interiors,"Round Table Square Flat Base (Silver or Black) 1"" Thick Top Usually ships in 1 week",Heartwood,CONFIDENT,HIGH,tier2,sku_subcode: SKU sub-code INV (e.g. INV900-SQB20-BLK R30) (sku),[HIGH] sku_subcode:'SKU sub-code INV (e.g. INV900-SQB20-BLK R30)' in sku->Heartwood,Heartwood,,,,INV900-SQB20-BLK R30,INV,,
10128802709817,electric-desk-riser-dual-monitor-arm,Electric desk riser + dual monitor arm,Brant Business Interiors,Electric Desk Riser + Dual Monitor Arm Large 37.25”” x 20.5” work surface. EVR Enhanced Vertical Range from 4.7” to 21.7”. Electric lift system raises up to 40 lbs. Rear grommet for optional monitor a,NONE,AMBIGUOUS,UNKNOWN,,,no manufacturer signal; sku_prefix=none,NONE,,,,,,,(no-sku)
10132451787065,round-table-42,Round table — 42,Brant Business Interiors,"42″ round, X-base, 8 finishes — a meeting room table that fits where a rectangular table won’t. This 42″ round meeting table seats four to five attendees comfortably in a footprint that works in consu",Heartwood,CONFIDENT,HIGH,tier1,sku_prefix: SKU prefix HDL (e.g. HDL-INV42RT-INV-XB26) (sku),[HIGH] sku_prefix:'SKU prefix HDL (e.g. HDL-INV42RT-INV-XB26)' in sku->Heartwood,Heartwood,,,,HDL-INV42RT-INV-XB26,HDL,,
10158668710201,demeter-mid-back-ergonomic-chair-buyers-choice-award,"Demeter mid back ergonomic chair ""buyers choice award""",Brant Business Interiors,"Features: • Upholstered, high density moulded foam fabric seat & mesh back • Seat depth adjustment • 3D arms • Pneumatic seat height adjustment • Dual nylon casters, ideal for soft or hard floors • AN",Horizon Furniture,CONFIDENT,HIGH,tier1,sku_prefix: SKU prefix HZN (e.g. HZN-DEM HB) (sku),[HIGH] sku_prefix:'SKU prefix HZN (e.g. HZN-DEM HB)' in sku->Horizon Furniture,Horizon Furniture,,,,HZN-DEM HB,HZN,,
10159634022713,educational-student-tables-5-shapes-sizes,Educational Student Tables (5 Shapes & Sizes),Brant Business Interiors,Educational Tables Available Finish: Maple (HIGH PRESSURE LAMINATE MPL) • High Pressure Laminate Tops • Radius corners • Grey 2mm edge banding • Height adjustable pin height legs range from 21.5” - 30,Heartwood,CONFIDENT,HIGH,tier1,sku_prefix: SKU prefix HDL (e.g. HDL-EDU-SQ48-RPH2) (sku),[HIGH] sku_prefix:'SKU prefix HDL (e.g. HDL-EDU-SQ48-RPH2)' in sku->Heartwood,Heartwood,,,,HDL-EDU-SQ48-RPH2,HDL,,
10170849231161,evolve-workstations,Evolve workstations,Brant Business Interiors,"Evolve® Stack. Connect. Support. Evolve offers tailored solutions that shape space, connect people and support new ways of working. Evolve provides the backbone to building complete office landscapes.",NONE,AMBIGUOUS,UNKNOWN,,,no manufacturer signal; sku_prefix=none,NONE,,,,,,,(no-sku)
10179884024121,delivery,Delivery,Brant Business Interiors,Delivery service for Office Central / Brant Business Interiors orders. Select the option that matches your destination and delivery needs. Our team confirms scheduling and access requirements after yo,NONE,SKIP,UNKNOWN,,,service/non-product line item (delivery/installation/etc.),NONE,,SKIP,Service,,,,
10179884155193,installation-1,Installation,Brant Business Interiors,On-site installation service for furniture delivered by Office Central. Pick the option that matches what you ordered — a member of our team will confirm the appointment after checkout. Standard Insta,NONE,SKIP,UNKNOWN,,,service/non-product line item (delivery/installation/etc.),NONE,,SKIP,Service,,,,
10192184049977,ultra-guest-chair,Ultra guest chair,Brant Business Interiors,MVL11743 Ultra | Armless Medium Back Guest Chair Cantilever style base Welded steel frame with Chrome finish Armless Upholstered in LuxPlus vinyl,NONE,AMBIGUOUS,UNKNOWN,,,no manufacturer signal; sku_prefix=none,NONE,,,,,,,(no-sku)
10197035385145,wave-high-back-synchro-tilter,Wave | High Back Synchro-Tilter,Brant Business Interiors,"Built for professionals who spend long hours at their desk, Wave combines dynamic support with modern design. Featuring a breathable mesh back and many adjustments, this ergonomic task chair promotes ",NONE,AMBIGUOUS,UNKNOWN,,,no manufacturer signal; sku_prefix=none,NONE,,,,,,,(no-sku)
10212197105977,upscale-meeting-boardroom-tables-3-sizes-8-colours-3-sizes-copy,"Upscale meeting / boardroom tables 3 sizes, 8 colours — 3 sizes (Copy)",Brant Business Interiors,"Features Inset extruded black aluminum frame creates a sturdy, lightweight, base without compromising leg space and allows for maximizing seating capacity Features sleek contoured angled legs in your ",Heartwood,CONFIDENT,HIGH,tier1,sku_prefix: SKU prefix HDL (e.g. HDL-INV-RT9648-MUP) (sku),[HIGH] sku_prefix:'SKU prefix HDL (e.g. HDL-INV-RT9648-MUP)' in sku->Heartwood,Heartwood,,,,HDL-INV-RT9648-MUP,HDL,,
