handle,primary_sku,manufacturer_guess,status,still_missing,filled,research_notes
lotus-dx-sit-stand-workstation-dual-monitor-arm-extra,FEL8080201,Fellowes,PARTIAL,weight,dimensions,"Model FEL8080201 = Fellowes Lotus DX Sit-Stand Workstation. Dimensions taken verbatim from the Fellowes-domain dimensional drawing PDF, which explicitly lists model 8080201. Platform width is 31.75""/806mm at lowest position and 32.75""/832mm at highest position; depth 24.25""/616mm; height range 5.5""/140mm to 22.35""/568mm. Base footprint is 30.5""/774.7mm x 16""/406.4mm. No product or shipping WEIGHT "
lectern-podium,GLO-Z2444LEC,Global Furniture Group,PARTIAL,weight,dimensions,"Model Z2444LEC (GLO-Z2444LEC) verified on Global Furniture Group's own Zira Tables model detail page (JS-rendered). Page shows only overall dimensions W 24.00"" x D 18.00"" x H 44.30""; no weight is published anywhere on the manufacturer domain. Reseller officeanything.com lists this as the 'Global Zira Lectern' but weight was not found there either. Dimensions match exactly to this SKU."
atlas-sit-to-stand-height-adjustable-desk,HTWATL2436TBL,Heartwood Manufacturing,PARTIAL,weight,dimensions,"SKU HTWATL2436TBL = Atlas single-leg base (ATL-E1-1LEG) + 24""x36"" laminate top (CAL-REC2436). Dimensions from the official Heartwood Manufacturing (HML) Atlas Sell Sheet PDF on heartwood.ca: compatible 24x36 top is verbatim '23.75 x 35.5 x 1' (W is 35.5 / D is 23.75), height range '24.5""- 50"" (including 1"" top)'. NO product or shipping weight is published anywhere on the manufacturer domains (hear"
bookcase-31-5-wide-x-13-75-deep,HTWINV4832BK,Heartwood Manufacturing,PARTIAL,weight,dimensions,"Primary SKU HTWINV4832BK = Heartwood Innovations bookcase INV-4832BK. Dimensions verified VERBATIM in the Heartwood Distributors (manufacturer-brand domain, heartwooddl.com) Innovations 2025 brochure: INV-4832BK = 31.5w x 13.75d x 47.75h. (Other listed sizes: INV-6532BK 31.5x13.75x64.5h, INV-7232BK 31.5x13.75x71.5h — matches the product's 3 size variants.) WEIGHT: not present anywhere on the manuf"
l-shape-suite-layout-41c,HDL-Layout 41C,Heartwood Manufacturing,PARTIAL,weight,dimensions,"SKU HDL-Layout 41C = Heartwood Innovations Layout #41C, read verbatim from the manufacturer's own layout brochure PDF on heartwooddl.com. The drawing labels the overall L-shape footprint as 94.5"" (long extent) x 65"" (perpendicular extent); 23.75"" and 29.5"" are component depths. Desk surface height is the Innovations standard 29"". CAUTION: the brochure presents these as drawing callouts on a plan v"
levels-bookcase,HDL LEV-6532BK,Heartwood Manufacturing,PARTIAL,weight,dimensions,"Dimensions are for the primary SKU LEV-6532BK (BOOKCASE), read verbatim from Heartwood's own Levels series brochure PDF on heartwooddl.com (manufacturer/distributor domain). The second variant LEV-SR7232BK (BOOKCASE WITH STORAGE RISER FEET) is listed on the same brochure as '31.5w x 13.75d x 71.5h'. The brochure contains NO weight data for any bookcase model; weight left empty per strict rule. (He"
levels-l-shape,HDL-LEVELS LAYOUT2,Heartwood Manufacturing,PARTIAL,weight,dimensions,"SKU HDL-LEVELS LAYOUT2 = Heartwood Levels Series Layout #2, a dealer layout code. Manufacturer brochure on heartwood.ca (LEV-LAYOUT_2.pdf) lists the component build-out (tiered desk + credenza units + file cabinet top) and shows the overall footprint as 71"" x 71"" (W x D). NO height and NO weight are stated anywhere on the manufacturer page; brochure is component-list only. Reseller desknfile.ca li"
loop-leg-table,HDL-INV-2436TBL-LOOP,Heartwood Manufacturing,PARTIAL,weight,dimensions,Primary SKU HDL-INV-2436TBL-LOOP = Innovations INV-2436TOP (24x36) + 900 loop legs. All 6 worklist sizes are confirmed available with loop legs in the official Heartwood Innovations 'Tops & Bases' brochure on heartwooddl.com. Verbatim top dims from that brochure: INV-2436TOP 35.5w x 23.75d x 1h; INV-2442TOP 41.5w x 23.75d x 1h; INV-2448TOP 47.25w x 23.75d x 1h; INV-3060TOP 59.25w x 29.5d x 1h; INV
reception-unit-72x72,HDL-Layout # 15,Heartwood Manufacturing,PARTIAL,weight,dimensions,"MANUFACTURER MATCH: This is Heartwood 'Reception series — Layout # 15', the exact config behind SKU 'HDL-Layout # 15'. Dimensions read VERBATIM from the dimensioned line drawing in Heartwood's own Layout 15 brochure PDF on heartwood.ca (the official catalog domain; heartwoodmfg.com is the same company). NOTE: the manufacturer drawing shows a 90""x90"" overall footprint, NOT the 72""x72"" in the Shopif"
indigenous-medicine-wheel-huddl,MTY-HDDLGMED#,MityBilt,PARTIAL,weight,dimensions,"SKU MTY-HDDLGMED# matches model HDDLGMED# on the manufacturer product page https://www.mitybilt.com/first-nations/graphic-medicine-wheel-huddl (Graphic Medicine Wheel Huddl). Page states Diameter 48"", Table height 29"", Seat height 18""; the manufacturer spec sheet (MedicineWheelHuddl_SpecSheet.pdf on mitybilt.com platform-os uploads CDN, model code HDDLMED#) confirms the same 48"" diameter / 29"" tab"
table-round-height-adjustable,MTY-AT48RMPL,MityBilt,PARTIAL,weight,dimensions,"SKU AT48RMPL = Aktivity Round, 48"" diameter, Maple top, AT (Aktivity) leg. Manufacturer page (mitybilt.com/aktivity/aktivity/aktivity-round) confirms 48"" diameter as an available size and lists two AT adjustable-leg height ranges (17""-25"" and 22""-30"") on the same page; reported both since the SKU does not encode which leg height. No product or shipping weight is stated anywhere on the MityBilt man"
charging-station-with-a-clamp,RIC-OME0023A1U1C90,Richelieu,PARTIAL,weight,dimensions,Manufacturer page for primary SKU OME0023A1U1C90 (Richelieu). Dimensions confirmed verbatim from the technical specs table (the depth figure is labelled 'Recessed Depth'). No product/shipping weight listed on the Richelieu manufacturer page. Mm-to-inch conversions added for reference; raw mm figures are the verbatim source.
clamp-on-power-bar-and-usb-charging-station,RIC-23213030,Richelieu,PARTIAL,weight,dimensions,"Manufacturer page for primary SKU 23213030 (Richelieu). Dimensions confirmed verbatim from the technical specs table. No product/shipping weight is listed anywhere on the Richelieu manufacturer page. The print spec PDF (m-1228437) returned HTTP 403, so could not be checked. Mm-to-inch conversions added for reference; raw mm figures are the verbatim source."
desk-power-grommet,RIC- DS86101P1A1C90,Richelieu,PARTIAL,weight,dimensions,"Matched primary SKU DS86101P1A1C90 on richelieu.com. Dimensions published in mm only: Height 69 mm, overall diameter 60 mm, bore hole 60 mm; power cable length 1 500 mm (59 in). No product/shipping weight on the manufacturer page, so weight left empty. Second variant SKU DS63202P2A1C90 is a separate config (richelieuergo.com page exists) and not measured here."
jax-keyboard-tray,RIC5008479C3,Richelieu,PARTIAL,weight,dimensions,"Manufacturer page confirmed for the exact variant SKU 5008479C3 (Jax Series Combos Keyboard Arm, Richelieu). The verbatim technical-specs table lists Depth 21.75 in and Height 6 to 16 in but NO Width line, so overall width is left out (an earlier search snippet showed a 'Width 27.25 in' / '20 in' figure but it could not be tied verbatim to the C3 spec table, so it is omitted to avoid wrong data). "
jax-sit-to-stand,RIC-5008479C3,Richelieu,PARTIAL,weight,dimensions,"SKU 5008479C3 exact match on manufacturer page (richelieu.com 'Jax Series Combos Keyboard Arm', sku-5008479C3). Technical Specifications table gives overall W/D/H plus track length verbatim. Height adjustability range 22 in (16 in above track, 6 in below). The word 'weight' does not appear anywhere on the manufacturer product page, so weight left empty."
momentum-series-combos-keyboard-arm-premium-quality,RIC 5007438C3,Richelieu,PARTIAL,weight,dimensions,"SKU 5007438C3 exact match on manufacturer page (richelieu.com). Technical Specifications table gives overall W/D/H plus track length verbatim. The word 'weight' does not appear anywhere on the manufacturer product page, so weight left empty."
power-station-with-3-outlets-and-2-usb,RIC-201314100,Richelieu,PARTIAL,weight,dimensions,"Manufacturer page (richelieu.com, SKU 201314100) lists dimensions only in mm: Height 68 mm, Width 118 mm, Length 266 mm, Recess Depth 67 mm. No product or shipping weight is published anywhere on the manufacturer page, so weight left empty."
two-stage-electric-height-adjustable-table,RIC 5002L2S244890,Richelieu,PARTIAL,weight,dimensions,"Matched primary SKU 5002L2S244890 (Desk in a Box Series, 48x24 top) on richelieu.com. Dimensions verbatim from manufacturer spec table; load capacity 176 lb listed but that is capacity, not product weight. No product or shipping weight published on the manufacturer page, so weight left empty. Second SKU 5002L2S244860 is the 48x24 (60mm? -60) variant; this row reflects the 244890 primary."
halifax-executive-suite,TAYCO-Typical 1A,Tayco,PARTIAL,weight,dimensions,"SKU 'TAYCO-Typical 1A' maps to Tayco's 'Halifax Typical 1A' multi-component room-layout configuration, not a single boxed product. Dimension reported is the layout FOOTPRINT (8' x 3' 3/4"") stated verbatim on Tayco's own Typicals resource page tied to the exact 'Typical 1A' name; not a packed-product W x D x H. WEIGHT: none on any Tayco-domain page. Halifax Pricebook lists weight per individual com"
halifax-typical-9,TAY-Halifax TYPICAL9,Tayco,PARTIAL,weight,dimensions,"Tayco 'Halifax Typical 9' is a multi-component room-layout configuration, not a single boxed product. The dimension reported is the layout FOOTPRINT (12' x 6' 1"") stated verbatim on Tayco's own Typicals resource page tied to the exact 'Typical 9' name; it is not a packed-product W x D x H. WEIGHT: none available on any Tayco-domain page. Tayco's own Halifax Pricebook (Jan 2025) states 'Tayco can p"
bar-leaner-1-span-collaborative,WS48-AXBL1260BLKWHI,Axis,UNSOURCEABLE,weight,(none),"Manufacturer = Workspace48 (SKU prefix WS48; brand 'Axis' is the Workspace48 product line, workspace48.com). Primary SKU WS48-AXBL1260BLKWHI -> base code AXBL1260, which the Workspace48 USA Pricebook 2024 (manufacturer domain) maps to a 48""w x 24""d single-span worktop. Overall height of 42"" is from the manufacturer's Axis Bar Leaner sell sheet (https://workspace48.com/wp-content/uploads/2025/06/WS"
fellowes-array-recess-ar-air-purifier-1,FEL 5889501,Fellowes,UNSOURCEABLE,dimensions+weight,(none),"Primary SKU FEL 5889501 = Array Recess AR1 UVC (a distinct long-plenum ceiling UVC unit); secondary SKU FEL 5888901 = Array Recess AR2. The two SKUs are physically different units, so per match-exactly rule no single dim/weight applies to the whole product. I could NOT verify the primary SKU 5889501 (UVC) dimensions/weight on any Fellowes domain - resellers (idmproducts.com, odpbusiness.com) list "
triple-monitor-arm,FEL8042601,Fellowes,UNSOURCEABLE,dimensions+weight,(none),"Model FEL8042601 = Fellowes Platinum Series Triple Monitor Arm. The only Fellowes-domain spec doc is a dimensional cut sheet (https://assets.fellowes.com/manuals/8042601_Dims_PlatSeries_MonitorArm_Triple.pdf) titled 'Platinum Series Triple Monitor Arm (8042601)'. It is a component-by-component engineering drawing (e.g. '705mm / 27.76' full reach span, '458mm / 18.03' pole height, '280mm / 11.02' h"
4-person-workstation,GLO-NEW1001KITS,Global Furniture Group,UNSOURCEABLE,weight,(none),SKU GLO-NEW1001KITS is a Global/Offices to Go 'newland' configured 4-person workstation KIT (the 'NEW1001KITS' designation). No standalone manufacturer model page (globalfurnituregroup.com or officestogo.com) for NEW1001 / NEW1001KITS could be located via search or direct fetch; the Newland line pages describe the series generally but carry no model NEW1001 with a weight or dimensions. Kit-level p
6-person-workstation-chairs-bridges,GLB-BRID3,Global Furniture Group,UNSOURCEABLE,weight,(none),"SKU GLB-BRID3 is a Global Bridges II multi-person cluster workstation configuration (a 'typical' assembly of many components), not a single catalog part. Manufacturer page globalfurnituregroup.com/products/bridges and /series/bridges-ii/models describe the series but list no model 'BRID3' and no single weight or overall dimensions for it. Resellers (e.g. officeanything.com) sell comparable Bridges"
basics-ergo-boss-executie-back-multi-tilter-chairs-bao28703,GLB-BAO28703,Global Furniture Group,UNSOURCEABLE,dimensions+weight,(none),"Ergo Boss (model 2870-3 / SKU BAO28703) is a Global 'Basics' sub-brand product. A series stub exists at globalfurnituregroup.com/series/ergo-boss, but its /resources page publishes NO spec sheet, brochure, or price list on the manufacturer domain (same empty result as ObusForme Elite; verified against the working Granada Deluxe resources for contrast). No dimensions or weight available on globalfu"
basics-preto-swivel-tilt-chair-1,GLB-OTG10720,Global Furniture Group,UNSOURCEABLE,dimensions+weight,(none),"SKU GLB-OTG10720 (OTG / Offices to Go model 10720, BBI name 'Preto'). Could NOT verify on any manufacturer domain. Model 10720 does not appear on officestogo.com (the OTG model URL resolves only to a generic JS 'Series | Offices to Go' template, no 10720 product), does not appear in Global Furniture Group's full Seating Price List PDF (admin.globalfurnituregroup.com/storage/102199/Seating_Price_Li"
bungee-tables-rectangular-flip-top-table-spider-legs-wheels,GLB-BX2442RES45BS,Global Furniture Group,UNSOURCEABLE,weight,(none),"Global Bungee flip-top rectangular table, spider legs with casters; SKU GLB-BX2442RES45BS (and sibling sizes BX2448/BX2460/BX3060/etc). The manufacturer pages (globalfurnituregroup.com/series/bungee-tables, /products/bungee-tables, /products/bungee-sl-tables) describe the series and leg options (tapered vs spider) but publish NO per-model dimensions or weight; the product-specifications resources "
concorde-high-back-executive-multi-tilter-2424,GLB-2400-18 PC60,Global Furniture Group,UNSOURCEABLE,weight,(none),"Manufacturer detail page (globalfurnituregroup.com) for model 2400-18 (High Back Executive Multi-Tilter) lists ONLY Model / Model No. / Dimensions / Resources. Dimensions verbatim 'W 26.00"" x D 28.00"" x H 48.00""'. NO product or shipping weight published anywhere on the Global manufacturer domain (no numeric weight field in page or embedded JSON; only generic quote-form 'Total weight' label). The o"
d-top-table,UN6030/DT/EG/MP,Global Furniture Group,UNSOURCEABLE,weight,(none),"Weight NOT found on any manufacturer domain. SKUs are UN6030/DT/EG/MP, UN7230/DT/EG, etc. The worklist tags vendor/manufacturer_guess as Global Furniture Group (site_hint globalfurnituregroup.com), but no D-top / UN-series page exists on globalfurnituregroup.com or officestogo.com matching these exact SKUs. The 'UN' prefix and slash-delimited SKU format (UN6030/DT/EG/MP) matches the 'Universal' la"
desk-top-divider-divide,GLO-DGP1224TUN-2@DPOST12TUN,Global Furniture Group,UNSOURCEABLE,weight,(none),"Product needs weight only. Found in Global Furniture Group's own 'Benching-and-Panels' price list (Divide section), hosted on the manufacturer domain admin.globalfurnituregroup.com (linked from globalfurnituregroup.com/series/divide/resources). This is a configurable 'Divide' glazed-panel product line: all_skus span DGP1224 through DGP2472 panels (each a different WT/LBS, e.g. DGP1224=3, DGP2424=4"
echo-3670-3-task-chair,GLB36703,Global Furniture Group,UNSOURCEABLE,weight,(none),"Dimensions confirmed verbatim on the Global Furniture Group manufacturer model page for Echo 3670-3 (High Back Multi-Tilter): 'W 26.00"" x D 26.50"" x H 50.00""' (page rendered via JS; captured through DataForSEO content parsing). The manufacturer model page lists overall dims only and does NOT include a seat-height range or any product/shipping weight. Reseller pages (newmarketofficefurniture.com, g"
ergo-boss-high-back-multi-tilter-chair-1,GLB=BAO2872-3,Global Furniture Group,UNSOURCEABLE,dimensions+weight,(none),"SKU GLB=BAO2872-3 is the 'Basics' brand Ergo Boss High Back Multi-Tilter (model 2872-3). Although the BBI vendor field says 'Global Furniture Group', this product is NOT on globalfurnituregroup.com (that site only carries the separate 'Ergo Select'/'G1 Ergo Select' lines; a search of the Global site returned no 'Ergo Boss' or BAO2872 product). The 'Basics' brand belongs to Canadian Workplace Solut"
ergo-boss-multi-tilter-chair-2,GLB2869-3G6,Global Furniture Group,UNSOURCEABLE,dimensions+weight,(none),"SKUs GLB2869-3G6 / GLB2872-3G6 / GLB2874-3G6 = Global 'Basics' Ergo Boss Multi-Tilter Chair (2869-3 medium back, 2872-3 high back, 2874-3 executive back). Manufacturer is Global Furniture Group, but the 'Basics' Ergo Boss line is NOT published on the manufacturer's own domain globalfurnituregroup.com (no Ergo Boss product page exists there; searched and fetched, only G1 Ergo Select / Tritek Ergo S"
flap-folding-chair-6775-1,GLB-6775,Global Furniture Group,UNSOURCEABLE,dimensions+weight,(none),"Model 6775 (Global Furniture Group Flap folding chair). Checked globalfurnituregroup.com/series/flap, /series/flap/models, /workplace/products/flap, /en-ca/series/flap/models, and product-specifications resource page. Manufacturer pages are JS-rendered; the only manufacturer text found is 'Flap measures just 2.5""' (folded thickness only) — no W/D/H, seat height, or weight in extractable text. Glob"
freefit-benching-height-adjustable-176w-x-62-5d-ffhab506-2,GLC-FFHAB506,Global Furniture Group,UNSOURCEABLE,weight,(none),Worklist only needs weight. Model FFHAB506 could NOT be found in any current manufacturer document. The FFHAB nomenclature belongs to the retired 2019 FreeFit HAB price list (https://www.globalfurnituregroup.com/assets/files/resources/pricelist_us/desking/freefit/FreeFit_HAB_Price_List_US_04.19.pdf) which now returns HTTP 404. The current Global FreeFit Benching product-spec PDF (admin.globalfurni
global-accord-back-knee-tilter-chair-1,GLB-2670-2,Global Furniture Group,UNSOURCEABLE,weight,(none),"Manufacturer detail page (globalfurnituregroup.com) for model 2670-2 lists ONLY Model / Model No. / Dimensions / Resources. Dimensions verbatim 'W 25.00"" x D 25.00"" x H 44.00""' (also in embedded JSON dimensions:{height:44.00,width:25.00,depth:25.00}). NO product or shipping weight is published anywhere on the Global manufacturer domain — the only 'weight' strings on the page are a quote-form label"
global-obusforme-elite-multi-tilter-chair-high-back,GLB2770-3G3,Global Furniture Group,UNSOURCEABLE,dimensions+weight,(none),"ObusForme Elite (model 2770-3) is a Global 'Basics' sub-brand product. A series stub exists at globalfurnituregroup.com/series/obusforme-elite, but its /resources page publishes NO spec sheet, brochure, or price list (only the generic graded-in-textile key list; the page returns a 404 placeholder). Confirmed by comparing the same scrape method against Granada Deluxe, which DID return real spec PDF"
kate-medium-back-armchair-2813,GLO-2813,Global Furniture Group,UNSOURCEABLE,weight,(none),"Manufacturer = Global Furniture Group. Kate model 2813 ('Medium Back Armchair', internal model id 218) confirmed on globalfurnituregroup.com/products/kate and the per-model detail page globalfurnituregroup.com/series/kate/models/2813. NO dimensions or weight obtainable from the manufacturer domain: the RSC/server payloads contain only UI i18n labels ('width':'Width','height':'Height','weight':'Wei"
l-shape-desk-with-36h-privacy-panel,GLB-DGP1272X3 - HDL-INN2436RSBR-3672CM-FPUF,Global Furniture Group,UNSOURCEABLE,dimensions+weight,(none),"Composite custom configuration, not a single catalog model. SKU 'GLB-DGP1272X3 - HDL-INN2436RSBR-3672CM-FPUF' combines Global Divide privacy panels (DGP1272 = 12""H x 72""W glazed panel, x3) with a Heartwood (HDL) L-shape desk (Innovations series, 36x72 + 24x36 return) and FPUF pedestal. No single manufacturer page publishes an OVERALL dimension or weight for this assembled product, and components s"
l-shape-desk-with-36h-privacy-panel-1,GLB-DGP1272X6 + DPOST36 x 2 - HDL-INN2436RSBR-3672CM-FPUF,Global Furniture Group,UNSOURCEABLE,weight,(none),"Composite custom configuration, not a single catalog model. SKU 'GLB-DGP1272X6 + DPOST36 x 2 - HDL-INN2436RSBR-3672CM-FPUF' combines Global Divide components (DGP1272 panels x6 + DPOST36 posts x2 = 36""H total panel stack) with a Heartwood (HDL) L-shape desk (Innovations 36x72 + 24x36 return) and FPUF pedestal. Title states overall '72""W x 72""D' but that is a derived title figure, not a verbatim ma"
loover-high-back-synchro-tilter,GLB-26618,Global Furniture Group,UNSOURCEABLE,weight,(none),"SKU GLB-26618 = Global Loover model 2661-8 (High Back Weight Sensing Synchro-Tilter). Dimensions confirmed verbatim on the Global Furniture Group manufacturer model page: 'W 25.50"" x D 24.00"" x H 42.50""' (JS-rendered page, captured via DataForSEO content parsing). The manufacturer model page lists overall dims only, no seat-height range and no product/shipping weight. No weight figure found on the"
management-u-shaped-suite-72w-x-102d,GLO-NLP103,Global Furniture Group,UNSOURCEABLE,weight,(none),Worklist SKU GLO-NLP103. Manufacturer = Global Furniture Group / Offices to Go (officestogo.com). PROBLEM: model number 'NLP103' does NOT exist in the current Newland Desking Packages catalog on officestogo.com (verified via DataForSEO content-parser full catalog dump; the .../NLP103 model URL redirects to the series listing). Under strict rule 3 I cannot fill values for a non-resolving SKU. CANDI
partitions-66-high,GLB-1@ML6660+2@ML6648FFP,Global Furniture Group,UNSOURCEABLE,dimensions+weight,(none),"This product's SKU GLB-1@ML6660+2@ML6648FFP is a MULTI-PANEL LAYOUT/BUNDLE = 1x ML6660FFP (60"" panel) + 2x ML6648FFP (48"" panels), all Offices to Go 66""-high freestanding fabric panels. The manufacturer site (officestogo.com) only publishes specs for the INDIVIDUAL component panels, not for this assembled bundle, so no single overall dimension or weight can be reported for the product as a whole ("
partitions-66-high-2-offices-1,GLB-2@ML6660+3@ML6648FFP,Global Furniture Group,UNSOURCEABLE,weight,(none),"Product SKU is a multi-panel BUNDLE: GLB-2@ML6660+3@ML6648FFP (2x ML6660 60""W panels + 3x ML6648FFP 48""W panels), a dealer-created configuration that does NOT exist as a single product on the manufacturer domain. The manufacturer (Offices to Go / Global, officestogo.com) publishes only per-component weights, not a bundle total. Verified component figures on the manufacturer domain: ML6660FFP = 59 "
partitions-66-high-3-offices-1,GLB-3@ML6660+4@ML6648FFP,Global Furniture Group,UNSOURCEABLE,weight,(none),"Product SKU is a multi-panel BUNDLE: GLB-3@ML6660+4@ML6648FFP (3x ML6660 60""W panels + 4x ML6648FFP 48""W panels), a dealer-created configuration not published as a single product on the manufacturer domain. Manufacturer (Offices to Go / Global, officestogo.com) publishes only per-component weights. Verified component figures on manufacturer domain: ML6660FFP = 59 lbs / 26.76 kg, 60""W x 1.3""D x 66"""
partitions-66-high-6-offices,GLB-3@ML6660+8@ML6648FFP,Global Furniture Group,UNSOURCEABLE,weight,(none),"Product SKU is a multi-panel BUNDLE: GLB-3@ML6660+8@ML6648FFP (3x ML6660 60""W panels + 8x ML6648FFP 48""W panels), a dealer-created configuration not published as a single product on the manufacturer domain. Manufacturer (Offices to Go / Global, officestogo.com) publishes only per-component weights. Verified component figures on manufacturer domain: ML6660FFP = 59 lbs / 26.76 kg, 60""W x 1.3""D x 66"""
privacy-desk-top-dividers,GLB-PT9PP3013-1,Global Furniture Group,UNSOURCEABLE,weight,(none),"SKUs GLB-PT9PP3013-1 through GLB-PT9PP7213-1 (desktop privacy dividers, sizing pattern appears to be width x 13""H: 30/36/42/48/54/60/66/72 wide). The model code 'PT9PP' returns NO Global Furniture Group product page in any search, and could not be tied to a manufacturer-domain spec page. The Global 'Universal Privacy Panels' (globalfurnituregroup.com/products/universal-panels) is a DIFFERENT, free"
rebound-armchair-polypropylene-seat-1,GLB-R5APPG,Global Furniture Group,UNSOURCEABLE,weight,(none),"Model R5APPG (Global Furniture Group Rebound armchair, polypropylene seat, with arms). Checked globalfurnituregroup.com/products/rebound, /series/rebound/models, and the official Rebound brochure PDF (files.globalfurnituregroup.com/.../23.0033_Rebound_WEB_BROC_04FA-US.pdf). The product/models pages are JavaScript-rendered and expose no text-readable dimension or weight table; the brochure PDF is i"
rebound-armchair-upholstered-seat-r5apug,GLB-R5APUG,Global Furniture Group,UNSOURCEABLE,weight,(none),"Model R5APUG (Global Furniture Group Rebound, armchair upholstered seat/poly back) only NEEDS weight. R5APUG is confirmed a real current model on the manufacturer domain — it is listed in Global's Fast Ship price brochure (files.globalfurnituregroup.com/files/resources/brochures/quick_delivery/fast5-fast10/fast_Quick_Ship_05.24_sm.pdf: 'R5APUG Armchair, Upholstered Seat/Poly Back ... $764'), but t"
regalia-task-mesh-chair-otg10892,GLBOTG10892,Global Furniture Group,UNSOURCEABLE,dimensions+weight,(none),"Model OTG10892 (Regalia, OTG = Offices To Go, a Global Furniture Group brand) does NOT appear anywhere on either manufacturer domain. Checked officestogo.com product pages (JS-rendered, no OTG10892 listing found via site search), the OTG resources/product-specifications cut-sheet list (no OTG10892 cut sheet exists; tried OTG10892_Cut_Sheet*.pdf variants -> all HTTP 404), and the current master cat"
robust-high-back-multi-tilter-chair-2526,GLB 2526,Global Furniture Group,UNSOURCEABLE,weight,(none),"Weight NOT found on the manufacturer domain (globalfurnituregroup.com). The Robust series, models, and resources pages were all fetched; they describe the 500 lb weight capacity and design features but the per-model spec table (with product/shipping weight) is dynamically rendered and not extractable as verbatim text via fetch, and no spec-sheet PDF URL for model 2526 could be located. Per strict "
stream-armchair-polypropylene-seat-back-2075app-1,GLO-2075APP,Global Furniture Group,UNSOURCEABLE,weight,(none),"SKU GLO-2075APP = Global Stream 'Armchair, Polypropylene Seat & Back' (model 2075APP). Dimensions verified verbatim on Global Furniture Group's own Stream model detail page (JS-rendered). Manufacturer publishes only W x D x H (no seat height, no weight). The official Stream brochure PDF on files.globalfurnituregroup.com contains no per-model dimension/weight table. Reseller officeanything.com list"
stream-armless-chair-polypropylene-seat-back-2075app,GLB-2075APP,Global Furniture Group,UNSOURCEABLE,weight,(none),"SKU MISMATCH CAUTION: worklist SKU is GLB-2075APP but the title says 'armless'. On Global's own site, 2075APP is the ARM chair; the ARMLESS polypropylene Stream model is 2075NPP (N=armless). Dimensions reported here (20.5""W x 25""D x 33.25""H) are for the correct armless model 2075NPP, verified verbatim on Global's Stream model detail page (JS-rendered). If the product is truly the armless chair, 20"
the-erin-armless-chair-wood-legs-gc36530,GLO-GC36530,Global Furniture Group,UNSOURCEABLE,weight,(none),"Manufacturer = Global Furniture Group. Erin (GC36530) confirmed on globalfurnituregroup.com/ca/products/erin and series/erin/models (model labeled 'Armless guest chair, wood legs'). NO dimensions or weight obtainable from the manufacturer domain: the Global site is a client-rendered Next.js app — product/model pages render only marketing copy and i18n label keys ('Width':'Width' etc.) server-side;"
the-twilight-armchair-wood-veneer-back-2198ws,GLO-2198,Global Furniture Group,UNSOURCEABLE,weight,(none),"Manufacturer = Global Furniture Group. Twilight model 2198WS (armchair, wood veneer back) confirmed on globalfurnituregroup.com/products/twilight and en-ca/series/twilight. NO dimensions or weight obtainable from the manufacturer domain — same root cause as the other Global items: client-rendered Next.js site exposes only marketing copy + i18n label keys server-side, and the model-specific dimensi"
u-shaped-suite-with-table-desk-72w-x-96d,GLO-NLP229,Global Furniture Group,UNSOURCEABLE,weight,(none),Worklist SKU GLO-NLP229. Manufacturer = Global Furniture Group / Offices to Go (officestogo.com is the manufacturer's own consumer brand site). PROBLEM: model number 'NLP229' does NOT exist as a live model in the current Newland Desking Packages catalog on officestogo.com. The model URL .../newland-packages/NLP229 redirects to the Newland packages series LISTING page (verified via DataForSEO conte
vitrola-lounge-seating-4-size-options,GLB8271,Global Furniture Group,UNSOURCEABLE,weight,(none),Worklist needs WEIGHT only. SKUs GLB8271/8272/8273/8274/8275 are Global Vitrola lounge/sofa/ottoman. Manufacturer page https://www.globalfurnituregroup.com/products/vitrola lists NO weight and no per-model dimensions. The Vitrola price book (https://www.globalfurnituregroup.com/assets/files/resources/pricelist_us/seating/vitrola/Vitrola_Price_Book_05.18.17.pdf) — the likely weight source — now ret
zira-workstation-3-person,GLB-ZRA515R,Global Furniture Group,UNSOURCEABLE,weight,(none),"SKU GLB-ZRA515R / GLB-ZRA515L is a multi-component 3-person Zira workstation cluster (a dealer 'typical'/configuration code), not an individual Global catalog part number. Global Furniture Group (globalfurnituregroup.com) publishes the Zira series and component price lists, but the linked Zira price-list PDFs returned HTTP 404 (stale URLs: pricelist_cdn/.../Zira_EN_04_12_21.pdf and pricelist_us/.."
zune-tilter-chair-black-fabric-seat-plastic-mesh-back-medium-back-otg11751b,GLBOTG11751B,Global Furniture Group,UNSOURCEABLE,dimensions+weight,(none),"Model OTG11751B (Zune mid/medium-back tilter, made by Global/Offices to Go). Manufacturer domain is officestogo.com. The model URL /products/model/management-seating/zune/OTG11751B (and the /en-ca/ variant) 301-redirects to the Zune SERIES page (/products/models/management-seating/zune) — i.e. OTG11751B has been discontinued and has no live manufacturer model page with dimensions or weight. Confir"
desk-shells,HDLINV2448DS,Heartwood Manufacturing,UNSOURCEABLE,dimensions+weight,(none),"SKUs HDLINV2448DS / INV3060DS / INV2466SH etc. = Heartwood 'Innovations' (INV) series desk shells. The Innovations/INV series is distributed through heartwooddl.com (Heartwood Distributors = distributor, disqualified) and is NOT carried as product pages on the manufacturer's own domain heartwood.ca (its shell categories are 388/600/Levels/850/Apollo, not INV). No verbatim per-model dimensions or w"
desk-single-pedestal-bbf,BURO-SPR4824B,Heartwood Manufacturing,UNSOURCEABLE,weight,(none),"Could NOT identify the manufacturer. Worklist lists vendor=Heartwood Manufacturing / site_hint heartwoodmfg.com, but SKUs are BURO-SPR4824B / SPR4830B / SPR6030B / SPR7230B / SPR7236B. 'BURO-' is an internal BBI vendor code; 'SPR' single-pedestal model numbers do NOT appear on any Heartwood manufacturer page (Heartwood single-ped desks use MA- and INV- part numbers, never SPR). Searches for SPR482"
executive-suites-height-adjustable-desk,HTWINVASST,Heartwood Manufacturing,UNSOURCEABLE,dimensions+weight,(none),"SKU HTWINVASST (= INV-ASST). No model number 'INVASST' / 'INV-ASST' exists anywhere on the manufacturer's own domain (heartwooddl.com / heartwood.ca) — it appears to be a BBI-internal 'assorted executive suite' bundle SKU rather than a single catalogued manufacturer model, so there is no manufacturer spec page that can be matched to this SKU. Searched the Heartwood Innovations brochure (heartwoodd"
executive-u-shape-desk-set,INNOVATIONS PKG,Heartwood Manufacturing,UNSOURCEABLE,weight,(none),"Manufacturer: Heartwood Manufacturing. SKU 'INNOVATIONS PKG' is a custom dealer-assembled U-shape suite package, not a single cataloged item. No manufacturer-domain page (heartwood.ca / heartwooddl.com) carries this package SKU, and Heartwood's site does not publish overall footprint dimensions or weight for suites — only per-component parts lists (e.g. INV-LAYOUT PDFs list component SKUs like INV"
height-adjustable-l-shape-71x71,HDL-HT-ADJ-LAYOUT #7,Heartwood Manufacturing,UNSOURCEABLE,dimensions+weight,(none),"SKU HDL-HT-ADJ-LAYOUT #7 = Heartwood 'HT-ADJ-Layout 7' height-adjustable L-shape configuration. Manufacturer domain heartwood.ca has the layout in its height-adjustable series (page references 14 example layouts incl. HT-ADJ-Layout 7) and individual layout_details pages exist (e.g. /main/layout_details/300.html = HT-ADJ-Layout 5), but these layout pages are image-only: WebFetch confirmed they show"
height-adjustable-l-shape-table,HDL-CAL-E1-3LEG-3060+2448 Top,Heartwood Manufacturing,UNSOURCEABLE,weight,(none),"Worklist needs WEIGHT only. NOT FOUND on manufacturer domain. SKU HDL-CAL-E1-3LEG-3060+2448 Top = Heartwood Calypso CAL-E1 electric height-adjustable base, 3-leg, L-shape (30x60 + 24x48 top). heartwood.ca's Calypso/height-adjustable pages (series/19) list lift capacity (265 lbs 2-leg / 320 lbs 3-leg), height range 22""-48"" excl. top, max footprint 94.5""x94.5"", operating speed 1.3""/sec, <50dB — but "
height-adjustable-l-shape-table-1,HDL-CLI-E1-3LEG-3060+2448 Top,Heartwood Manufacturing,UNSOURCEABLE,dimensions+weight,(none),"SKU HDL-CLI-E1-3LEG = Heartwood 'Cleo' (CLI-E1) 3-leg electric base with L-shape top (3060+2448). Manufacturer's own domain is heartwood.ca (heartwoodmfg.com did not resolve; heartwooddl.com is 'Heartwood Distributors' = distributor, disqualified). The heartwood.ca height-adjustable page (https://www.heartwood.ca/series/19/height-adjustable.html) gives Cleo CLI-E1 BASE specs only, verbatim: 'Maxim"
height-adjustable-table-5-sizes,CLIE1-INV2442TOP,Heartwood Manufacturing,UNSOURCEABLE,weight,(none),"Heartwood Manufacturing (manufacturer domains heartwood.ca / heartwooddl.com — NOT heartwoodmfg.com, which is an unrelated Indiana woodworker). SKU prefix CLIE1 = Cleo electric height-adjustable base (CLI-E1). needs=[weight] only. Checked the Cleo brochure (https://www.heartwood.ca/media/series/brochures/HDL_CLEO_NP.pdf) and the Innovations Tops & Bases brochure (https://www.heartwooddl.com/media/"
hutch-5-sizes,HDLINV3636H,Heartwood Manufacturing,UNSOURCEABLE,dimensions+weight,(none),"Manufacturer: Heartwood Manufacturing (Innovations open hutch; SKUs HDLINV3636H/3660H/3666H/3672H/4372H = INV-3636H etc.). Heartwood manufacturer-domain hutch pages (heartwood.ca /category/93/...) give ONLY generic ranges, not per-SKU overall dims: e.g. 388 36in Open Hutch page states 'Standard height is 35½""', 'Standard depth is 16""', 'Standard widths range from 29.5"" to 82¾""'; the INV-LAYOUT_6A."
innovation-l-shape-set,HDLINV-3066DS+INV-2436RSBR+INV-FPUF,Heartwood Manufacturing,UNSOURCEABLE,weight,(none),"SKU HDLINV-3066DS+INV-2436RSBR+INV-FPUF is a multi-component Innovations set (30x66 desk shell + 24x36 return shell/bridge + freestanding pedestal). No single named layout brochure matches this exact component combo, and the manufacturer component pages on heartwooddl.com (e.g. /series/1/components/27/inv-3060ds.html for the desk shell, and INV-FPUF page) publish NO product or shipping weight and "
innovations-l-shape-desk-with-hutch,HDLINV6A,Heartwood Manufacturing,UNSOURCEABLE,weight,(none),"Heartwood 'Innovations' L-shape desk with hutch, SKU HDLINV6A (Layout 6A configured suite). Only weight was needed. Vendor field says Global Furniture Group but SKU prefix (HDL/INV) and manufacturer_guess confirm Heartwood Manufacturing. Manufacturer-family domains (heartwoodmfg.com, heartwood.ca, heartwooddl.com) publish no product or shipping weight for Innovations layouts/components; pages give"
innovations-u-shape-suite,HDLINNLAYOUT3A,Heartwood Manufacturing,UNSOURCEABLE,weight,(none),"SKU HDLINNLAYOUT3A = Heartwood Innovations Series Layout #3A (U-shape suite: corner module desk + return/bridge + credenza shell + hutch). Manufacturer brochure confirmed on heartwooddl.com (INV-LAYOUT_3A.pdf), verbatim: 'Layout #3A  INV-B7248CMB Corner Module Desk  INV-2436RSBR Return Shell/Bridge  INV-2472SH Credenza Shell  INV-FPUF Freestanding Pedestal - No Top  INV-2236LFX Lateral File - No T"
l-shape-desk-8-sizes-9-colour-options,HDLINV3060DS-INV2430RS-INVHPF,Heartwood Manufacturing,UNSOURCEABLE,weight,(none),"Heartwood 'Innovations' series L-shape desk (multi-size configured suite: HDLINV30xxDS desk shell + INV24xxRS return + INVHPF half/3-4 modesty). Only weight was needed. Manufacturer-family domains (heartwooddl.com component pages, heartwood.ca, heartwoodmfg.com) do not list any product/shipping weight — component pages show only nominal model-name size, no weight. No qualifying value. Reseller pag"
l-shape-desk-8-sizes-9-colour-options-1,HDLINV3060DS-INV2430RS-INVFPUF,Heartwood Manufacturing,UNSOURCEABLE,weight,(none),"Product needs weight only. SKU is a composite Innovations L-suite: HDLINV3060DS (30x60 desk shell) + INV2430RS (24x30 return shell) + INVFPUF (full pedestal, file/file). Checked the manufacturer's own component page heartwooddl.com/series/1/components/27/inv-3060ds.html (describes it as a '30"" x 60"" desk shell featuring a full modesty panel recessed 4 inches' but lists NO weight and no full WxDxH)"
l-shape-desk-8-sizes-9-colour-options-2,HDLINV3060DS-INV2430RS-INVFPUF-FPFF,Heartwood Manufacturing,UNSOURCEABLE,weight,(none),Heartwood 'Innovations' series L-shape desk (multi-size configured suite: HDLINV30xxDS desk shell + INV24xxRS return + INVFPUF-FPFF modesty). Only weight was needed. Checked manufacturer-family domains heartwooddl.com (component pages e.g. /series/1/components/27/inv-3060ds.html and inv-fpuf.html) and heartwood.ca / heartwoodmfg.com — none publish a product or shipping weight; component pages only
l-shape-desk-hutch,HDL-INV-LAYOUT 10A,Heartwood Manufacturing,UNSOURCEABLE,weight,(none),"SKU HDL-INV-LAYOUT 10A = Heartwood Innovations (INV) series L-shape desk + hutch configured layout. product needs WEIGHT only. Manufacturer domain heartwood.ca lists the Innovations series and numbered layout_details pages, but those pages are image-based and carry no verbatim weight text (confirmed by WebFetch on sibling layout pages). No product or shipping weight for Layout 10A found anywhere o"
l-shape-desk-set-72x72,HDL-INV2436RSBR-7236CM-FPFF-FPUF,Heartwood Manufacturing,UNSOURCEABLE,weight,(none),"Heartwood Innovations custom L-shape suite, SKU HDL-INV2436RSBR-7236CM-FPFF-FPUF (return shell INV-2436RSBR + extended corner module INV-7236CM + freestanding pedestals FPFF/FPUF). The 'needs' field requests weight only. Heartwood's own domains (heartwood.ca / heartwooddl.com) do NOT publish a single product/spec page for this exact custom component combination, and the per-component pages (e.g. I"
l-shape-suire,HTWLEV1LOOP,Heartwood Manufacturing,UNSOURCEABLE,dimensions+weight,(none),"SKU HTWLEV1LOOP is a Heartwood Levels-series L-shape suite (loop-leg desking). On the manufacturer site heartwood.ca, the Levels Tables component page (/category/312/components/629/levels-tables.html) shows only image filenames like LEV-2460TBL-LOOP and a general description ('Laminate work surface with a choice of loop legs, square offset legs or open shelves') — NO model number LEV1LOOP and NO d"
meeting-table,HDL-INV-2436TBL-SQ2OFT,Heartwood Manufacturing,UNSOURCEABLE,dimensions+weight,(none),"SKU INV-2436TBL-SQ2OFT is a Heartwood Innovations-series rectangular meeting table (top + square offset legs). Manufacturer domains: heartwoodmfg.com (connection refused/down at research time) and heartwood.ca (Heartwood Manufacturing Ltd., Kelowna BC, copyright '© 2026 Heartwood'). The heartwood.ca Innovations/Levels table category and component pages describe construction and standard finishes b"
metal-round-metal-base,HDL-900-ROU20-SIL,Heartwood Manufacturing,UNSOURCEABLE,dimensions+weight,(none),SKU HDL-900-ROU20 = Heartwood 900-series round metal base. Manufacturer's own domain heartwood.ca 900-series pages (https://www.heartwood.ca/series/6/900-series.html and /category/270/) list 900-series legs/bases as components but publish NO dimensions or weight for the 900-ROU20. The only 900-ROU20-specific page found is https://www.heartwooddl.com/category/25/components/870/900-rou20 which is He
mobile-drawer-unit-with-locks-inv-mpuf,HDL-INV-MPUF,Heartwood Manufacturing,UNSOURCEABLE,weight,(none),SKU HDL-INV-MPUF = Heartwood Innovations mobile box/box/file pedestal. Only weight was requested (needs=['weight']). NO weight is published on the manufacturer domains. The INV-MPUF pages on heartwood.ca and heartwooddl.com (e.g. heartwooddl.com/series/4/components/55/inv-mpuf.html and heartwooddl.com/category/59/components/55/inv-mpuf) carry no dimensions and no weight in their fetchable content.
plexiglass-modesty-panels,HDLINV-MP1-1530PLX,Heartwood Manufacturing,UNSOURCEABLE,dimensions+weight,(none),"Manufacturer: Heartwood Manufacturing. SKUs INV-MP1-1530PLX/1548/1560/1566PLX confirmed on manufacturer domain heartwooddl.com (/category/87/modesty-panels.html and individual pages e.g. /category/87/components/516/inv-mp1-1530plx.html). The individual product page gives only descriptive text — '6mm radius corner on plexiglass panel', 'Sized to be inset 2"" on each side when installed on like size "
premium-height-adjustable-table-1,HDL-CALE1-INV-2442TOP,Heartwood Manufacturing,UNSOURCEABLE,weight,(none),SKU HDL-CALE1-INV-2442TOP = Heartwood Calypso CAL-E1 electric height-adjustable base (2-leg) with a 24x42 Inverness top. Manufacturer's actual domain is heartwood.ca (the site_hint 'heartwoodmfg.com' is not the live manufacturer site). product needs WEIGHT only. The heartwood.ca Calypso brochure (HML_CALYPSO.pdf) and the height-adjustable page list lift CAPACITY (2-LEG - 265lbs; 3-LEG - 320lbs) an
tucana-elite-training-nesting-tables,HDL TU-98B-2448TBL,Heartwood Manufacturing,UNSOURCEABLE,dimensions+weight,(none),"BBI SKUs are TU-98B-2448TBL / TU-98B-2460TBL / TU-98B-2472TBL = Tucana Elite, 24"" deep at 48""/60""/72"" widths. The manufacturer's own Tucana Elite cut sheet (heartwooddl.com/media/components/brochures/HDL_TUC_Elite.pdf) documents the TU-98B series in ONLY two sizes that do NOT match these SKUs: 'TU-98B-6022-WH  59.25""W x 21.75""D x 29.5""H  72 LB  Ships in 2 cartons' and 'TU-98B-3022-WH  29.5""W x 21."
upscale-table-1,HDL-INV-R36-MUPBLK,Heartwood Manufacturing,UNSOURCEABLE,dimensions+weight,(none),"NOT FOUND on manufacturer domain. SKUs HDL-INV-R36-MUPBLK / HDL-INV-R42-MUPBLK / HDL-INV-R36-MUPCHR are Heartwood 'Innovations' (INV) line; 'R36'/'R42' most likely mean Round 36""/42"" diameter and 'MUP' a mushroom/pedestal base — but this is INFERENCE, not verbatim. No 'Upscale' table and no R36-MUP/R42-MUP model appears on any heartwood.ca occasional-table page (388 / 600 / Levels occasional table"
wardrobe-storage-cabinet-htwlevsr7218,HTWLEVSR7218,Heartwood Manufacturing,UNSOURCEABLE,weight,(none),"Exact model LEV-SR7218WC (HTWLEVSR7218), a 72""H/18""W Levels wardrobe storage cabinet with storage riser. Dimensions '17.75"" W x 23.75"" D x 71.5"" H' WERE found, but ONLY on heartwooddl.com (https://www.heartwooddl.com/category/104/components/740/lev-sr7218wc), which is Heartwood DISTRIBUTORS Ltd. — a distributor, not the manufacturer (its own footer links to heartwood.ca labeled 'Heartwood Manufact"
banquet-chair-stacking,HZN-A117V,Horizon,UNSOURCEABLE,dimensions,(none),"Manufacturer cut sheet (horizon-furniture.com, Horizon Seating brand) for the A-117 / A-217 banquet stackers. Verbatim spec table lists model A-117V (and A-117F) with SEAT Height 19"" / Width 15"" / Depth 15.5"" and BACK Height 20"" / Width 18"". Sheet gives SEAT/BACK dimensions only, not a single overall footprint W x D x H; seat height = 19"". Shipping weight listed as 12.5 lbs each. SKU HZN-A117V mat"
easy-pull-in-out-keyboard-tray,HZNKL28SG27,Horizon,UNSOURCEABLE,dimensions+weight,(none),"Worklist SKU HZNKL28SG27 = Horizon KL-28S economy keyboard drawer + G27 GelFoam wrist-rest option. Dimensions from manufacturer 2019 Complete Book PDF on horizon-furniture.com (Horizon's own domain). Laminate tray 28"" x 11.75"". NO product/shipping weight published on any Horizon-domain page (manufacturer weight tables in this catalog cover seating only) — left empty per rules. Reseller pages (bran"
keyboard-tray-multi-adjustable,HZN-ECA EB02,Horizon,UNSOURCEABLE,dimensions+weight,(none),"Maps to Horizon ECA 'EcoBoard 02' / EB-02 (worklist SKU 'HZN-ECA EB02'). Dimensions from manufacturer consolidated Articulating Keyboard Systems PDF on horizon-furniture.com (Horizon's own domain). Platform is 20"" HDPE; cut-sheet dimension diagram shows side figures 11.5"", 8.5"", 9"" (depth 11.5""). NO product/shipping weight published on any Horizon-domain page — left empty per rules. No qualifying "
keyboard-tray-multi-position,HZN-JV01,Horizon,UNSOURCEABLE,dimensions+weight,(none),"Maps to Horizon JV-01 'Jive' Articulating Keyboard System (worklist SKU HZN-JV01). Dimensions taken from manufacturer cut sheet on horizon-furniture.com (Horizon's own domain; horizonseating.com is their seating sub-site). Platform is 26"" steel; the cut-sheet dimension diagram shows side figures 5.5"", 11.5"", 8.5"" (depth 11.5""). Same specs confirmed in manufacturer consolidated PDF https://horizon-"
shoptech-2410,HZN-2410,Horizon,UNSOURCEABLE,dimensions+weight,(none),"Could not find model 2410 on the manufacturer's own domain. Horizon's manufacturer site is horizon-furniture.com (Horizon Seating / Shoptech brand). The Shoptech data sheets listed on horizon-furniture.com/resources are series 2000, 2000 ESD, 2600, 2700, plus stool lines — no 2410. The Shoptech Series 2000 cut sheet (2000_EN.pdf) covers 2000-12 / 2000-14 / 2000-15 only. Model 2410 also absent from"
credenza-sliding-doors,IOF-UN6024SC/SC/SLD2,Intelligent Office Furniture,UNSOURCEABLE,dimensions+weight,(none),"Manufacturer is Intelligent Office Furniture (intelligentofficefurniture.com 301-redirects to ioflive.com). storage.html lists a 'Sliding Door Credenza' linking to specifications/storage/jpg/IOF_spec_storage_sliding_credenza.jpg, but that 'spec' file is only a 3D product render (no dimensioned text, no weight) -- inspected the image directly, no figures present. Pricing/specs are gated behind 'Dea"
credenza-storage-hutch,IOF-UN7224/MP/SC,Intelligent Office Furniture,UNSOURCEABLE,dimensions+weight,(none),"Manufacturer is Intelligent Office Furniture (IOF), Mississauga ON. Their listed site-hint domain iofurniture.com is a parked/for-sale domain (HugeDomains) with no product content; the real manufacturer domain is ioflive.com. SKU IOF-UN7224/MP/SC = UN7224 credenza base, 72"" wide x 24"" deep storage credenza. Every UN7224 credenza configuration in the IOF price guide (SC/SC, lF/SC, MP, etc.) is list"
credenza-storage-storage-with-locks,IOF-UN6024/SC/SC,Intelligent Office Furniture,UNSOURCEABLE,dimensions+weight,(none),"Manufacturer Intelligent Office Furniture (intelligentofficefurniture.com / ioflive.com). No manufacturer-domain page publishes a UN6024 (or UN-series) credenza spec sheet with dimensions or weight; the desk/credenza gallery page lists only named typicals, no model numbers/dims/weight. SKU prefix UN6024 likely encodes 60in W x 24in D but the manufacturer's own site does not state this verbatim, so"
display-shelving,IOF-B2016-17 X 2,Intelligent Office Furniture,UNSOURCEABLE,dimensions+weight,(none),"Manufacturer is Intelligent Office Furniture. The site_hint domain iofurniture.com is now a parked/for-sale domain (redirects to hugedomains.com). The actual manufacturer site is intelligentofficefurniture.com, which is a project/typical gallery (models labeled DC#1-DC#10, etc.) with NO published model numbers, dimensions, or weights. SKU IOF-B2016-17 is a dealer/typical code; no manufacturer-doma"
drafting-table-custom,IOF-Typical #W-021,Intelligent Office Furniture,UNSOURCEABLE,dimensions+weight,(none),"SKU 'IOF-Typical #W-021' is a BBI custom/typical layout reference, not a catalog model. Manufacturer site (intelligentofficefurniture.com -> ioflive.com) tables.html 'Drafting Collection' shows only placeholder images (planter1-5.png) and a generic description with a Request-a-Quote form; no model numbers, dimensions, or weight are published on the manufacturer domain. 2011 brochure PDF and price "
laminate-lockers-1,IOF-Lock#003,Intelligent Office Furniture,UNSOURCEABLE,dimensions+weight,(none),"Manufacturer Intelligent Office Furniture (IOF); real domain ioflive.com (worklist site-hint iofurniture.com is a parked for-sale domain). Worklist SKUs IOF-Lock#003 and IOF-Lock#4 are BBI internal placeholder codes, NOT IOF model codes. IOF catalogs lockers by configuration (e.g. '4 Cubbie Tower', '5 Cubbie Tower', '8 Cubbie Tower') spanning many distinct sizes (the IOF lockers page lists ranges "
laminate-lockers-copy,IOF-Lock#006,Intelligent Office Furniture,UNSOURCEABLE,weight,(none),"Manufacturer is Intelligent Office Furniture (IOF); their own site is ioflive.com (not iofurniture.com, which 404s for these). IOF publishes a lockers spec page (https://www.ioflive.com/specifications/lockers.html) with per-model SPEC PDFs (Locker-01 through Locker-14) but these are project quote/drawing sheets, not clean per-SKU spec sheets. The Locker-06 PDF (https://www.ioflive.com/specificatio"
lateral-file-storage-cabinet-with-shelves,IOF-UN3066LF/SC/21,Intelligent Office Furniture,UNSOURCEABLE,weight,(none),"Manufacturer is Intelligent Office Furniture (ioflive.com). Vendor field in worklist says Heartwood but the SKU UN3066LF/SC/21 is an IOF code and appears verbatim on the IOF 'LATERAL FILE / STORAGE WITH SHELVES' spec sheet at https://www.ioflive.com/specifications/storage/pdf/IOF_spec_storage_sclf.pdf as '30W"" x 66H"" x 21D""' = UN3066LF/SC/21. Worklist 'needs' only weight (dims already had); IOF sp"
lateral-file-wood-laminate-2-3-4-drawer-options,IOFUN3624LF2,Intelligent Office Furniture,UNSOURCEABLE,dimensions+weight,(none),"Manufacturer Intelligent Office Furniture (IOF); real domain ioflive.com (worklist site-hint iofurniture.com is a parked for-sale domain). all_skus are IOFUN3624LF2 (2-drawer/'Two High'), IOFUN3624LF3 (3-drawer/'Three High'), IOFUN3624LF4 (4-drawer/'Four High'). In the IOF price guide the 2-high lateral base code is UN3624LF (this is the 2-drawer unit the LF2 SKU refers to) at 36""x24""x29""; 3-high "
lectern-storage-stand,IOF-Typical #W-020,Intelligent Office Furniture,UNSOURCEABLE,dimensions+weight,(none),"SKU 'IOF-Typical #W-020' is a BBI custom/typical layout reference, not a published manufacturer model number. Manufacturer domain intelligentofficefurniture.com 301-redirects to ioflive.com. No lectern/podium storage-stand product with specs is published on the manufacturer's own domain; the drafting/specialty pages use placeholder images and a Request-a-Quote CTA, and the price guide/spec data is"
mobile-machine-stand-with-shelf-on-wheels,IOF-C901221,Intelligent Office Furniture,UNSOURCEABLE,dimensions+weight,(none),"Manufacturer Intelligent Office Furniture. No manufacturer-domain (intelligentofficefurniture.com / ioflive.com) page found for SKU IOF-C901221 mobile machine stand; manufacturer site has no model-level spec sheets. Searches surfaced only unrelated reseller mobile machine stands (Safco, etc.) which do not qualify and do not match this model. Left empty per strict rules."
mobile-pedestal-file-file,IOF IFFM21,Intelligent Office Furniture,UNSOURCEABLE,dimensions+weight,(none),"SKU 'IOF IFFM21' maps exactly to IOF code IFFM/21 (FF = file/file mobile pedestal, includes top). Dimensions read verbatim from IOF's own published Price Guide PDF on ioflive.com (the manufacturer domain; iofurniture.com from the worklist is not IOF's live site). Header row on that page is literally 'WxDxH ... 16""x21""x28"" IFFM/21'. No product or shipping weight is published anywhere on the IOF dom"
pneumatic-single-table,IOF-PN2420,Intelligent Office Furniture,UNSOURCEABLE,dimensions+weight,(none),"Manufacturer site ioflive.com. Primary SKU IOF-PN2420 = catalog code PN2420, listed verbatim as '24 in. x 20 in.' in the pneumatic-table brochure size chart; height range '29 in. to 42 in.' stated in the same brochure. Note: the '100 lb' figure is WEIGHT CAPACITY, not product/shipping weight — so weight left empty. No product or shipping weight appears anywhere on the manufacturer's own domain. PN"
racetrack-conference-table-1-top,IOFRAPB3660,Intelligent Office Furniture,UNSOURCEABLE,dimensions+weight,(none),"Primary SKU IOFRAPB3660 = RAcetrack Pillar Base, 36x60. Top size 36"" x 60"" confirmed verbatim on IOF's own Racetrack/Pillar Base spec PDF (ioflive.com) and again in IOF's Price Guide PDF (line 'RAPB3660'). These are tabletop W x L only; IOF does not state an overall table height tied to this model on either manufacturer page, so a full W x D x H cannot be given. No weight is published on the IOF d"
temptations-office-suite-copy,IOF-B2016-49,Intelligent Office Furniture,UNSOURCEABLE,dimensions+weight,(none),"Manufacturer is Intelligent Office Furniture (iofurniture / ioflive.com). SKU IOF-B2016-49 matches the IOF custom spec sheet 'B2016-49' at https://www.ioflive.com/specifications/custom/pdf/IOF_custom_specifications_B2016-49.pdf (and matching .jpg). This 'typical' is a multi-component office suite (storage tower, hgt-adj table, wardrobe, 2 custom pedestals 30""W x 24""D x 23""H, acrylic panel, tackboa"
kensington-ac12-security-charging-cabinet,KMW64415,Kensington,UNSOURCEABLE,weight,(none),Need = weight only. Kensington's own product page for the AC12 12-Bay Security Charging Cabinet (model K64415) at kensington.com (US and en-au pages fetched) does not list a product or shipping weight; the spec area loads dynamically and no weight figure is present in the rendered content. Pages reference an Installation Guide (K64415NA) and EU DoC but neither weight kg nor lbs is shown on any ken
kensington-universal-charge-sync-tablet-cabinet,KMW67862,Kensington,UNSOURCEABLE,weight,(none),"Need = weight only. Kensington's own product page for the Charge & Sync Cabinet, Universal Tablet (model K67862) at kensington.com has a Specification section but the spec values are loaded dynamically (JS) and the static HTML / rendered spec block exposes only cabinet dimensions (430 (H) x 400 (W) x 350 (D) mm), not a product or shipping weight. No weight figure appears on any kensington.com manu"
links-custom-reception-unit-60x72,CAB1622LOBBF-CTS3636G-DSK2436LR-ECU246048CLF-LTS1224G-LTS1236G,Links Contract Furniture,UNSOURCEABLE,dimensions+weight,(none),"Custom-configured Links Contract Furniture reception unit assembled from multiple component SKUs (CAB1622LOBBF, CTS3636G, DSK2436LR, ECU246048CLF, LTS1224G, LTS1236G). Manufacturer domain is linkscontract.com. The manufacturer's site (home, workspaces, and category pages) does not publish per-SKU spec/cut sheets or weight figures, and none of these component codes appear anywhere on linkscontract."
cluster-seating-2,MTY-B2 2424,MityBilt,UNSOURCEABLE,dimensions+weight,(none),"Primary SKU MTY-B2 2424. No product named 'Cluster', 'Cluster Seating', or carrying model code 'B2' / 'B2 2424' exists anywhere on the MityBilt manufacturer domain (checked /seating, /collaborative, /higher-learning, and site searches). Could not identify the model on the manufacturer's own site, so no dimensions or weight could be verbatim-verified. Both fields left empty."
contemporary-metal-desk,MTY- TUT2448.MPL,MityBilt,UNSOURCEABLE,dimensions+weight,(none),"Primary SKU MTY-TUT2448.MPL (TUT prefix). The closest manufacturer match is the MityBilt Ultra desk (https://www.mitybilt.com/desking/ultra-desk, model designation 'UL# R#'), whose spec sheet (AdministratorUltra_SpecSheet.pdf) lists sizes 24""x36"" through 30""x72"" with Height 29.5"" — which WOULD cover a 24""x48"" (matching TUT2448). However, the manufacturer's own model prefix is 'UL', not 'TUT', and "
horseshoe-study-table-height-adjustable-c-shape-horseshoe-1,MTY-IS-ATC#3660,MityBilt,UNSOURCEABLE,dimensions+weight,(none),"MityBilt Aktivity Horseshoe manufacturer page (mitybilt.com/aktivity/guided-reading/horseshoe) lists ONLY sizes ""48"" x 60"""" (Seats 7) and ""60"" x 66"""" (Seats 8). The BBI SKUs are MTY-IS-ATC#3660 (36""x60"") and MTY-IS-AT#C4872 (48""x72"") — neither size matches the two sizes published on the manufacturer page, so no dimension can be tied to these specific models per the match-exactly rule. Adjustable l"
medicine-wheel-table-indigenous,MTY- E48RSLDMW,MityBilt,UNSOURCEABLE,weight,(none),"Only weight was requested for this product. SKU MTY-E48RSLDMW = 48"" Solid Medicine Wheel. MityBilt manufacturer page (mitybilt.com/first-nations/medicine-wheel-tables/solid-medicine-wheel) states construction details (""1"" thick 45lb high density particle board"" and adjustable leg heights E 17""-25"", E 22""-30"", E 24""-36"", E 30""-42"") but gives NO product or shipping weight. A spec-sheet download is r"
metal-apex-desk,MTYB AP3060.BBF2,MityBilt,UNSOURCEABLE,dimensions+weight,(none),"Primary SKU MTYB AP3060.BBF2 = 30""x60"" Apex teacher's desk. Manufacturer Apex spec sheet (mitybilt.com, AdministratorApex_SpecSheet.pdf, linked from https://www.mitybilt.com/desking/apex) lists the table-size table as 24""x60"" and 30""x60"" with Height 30"". The 30""x60"" row matches the AP3060 SKU; dims reported as 60""W x 30""D x 30""H (spec sheet lists table size as depth x width = 30""x60""). No weight i"
metal-desk-laminate-top,MTY-IS-AP2460.BBF.MOD,MityBilt,UNSOURCEABLE,dimensions+weight,(none),"SKU MTY-IS-AP2460.BBF.MOD = Apex teacher's desk (model AP#), 24""x60"" table with BBF box-box-file pedestal. Manufacturer Apex spec sheet (mitybilt.com platform-os uploads CDN) gives table size 24"" depth x 60"" width and 30"" fixed work-surface height; product page https://www.mitybilt.com/student-desks/apex confirms ""24"" x 60"""" and ""30"" fixed height work surface"". Reported as 60""W x 24""D x 30""H. No p"
ultima-adjustable-stool,MTY- IS-S2026,MityBilt,UNSOURCEABLE,dimensions+weight,(none),"SKU MTY- IS-S2026 maps to model S2026.AH (the 20""-26"" seat-height adjustable version) on the manufacturer's own Ultima Adjustable spec sheet (mitybilt.com, hosted on its platform-os uploads CDN). The spec sheet and product page (https://www.mitybilt.com/stools/ultima-adjustable-stool) list ONLY the seat-height range for each model code; no overall width, depth, or seat diameter and no product/ship"
basics-comfort-time-drafting-stool-with-or-without-arms-1,GLB MVL2878,OTG / Offices to Go,UNSOURCEABLE,dimensions+weight,(none),"SKUs GLB MVL2878 (with arms) / GLB MVL2868 (armless) = OTG Comfort-Time drafting stool. No dedicated officestogo.com model page found for MVL2878 or MVL2868 — searched task-seating, draft-stool-seating, multi-task-seating/comfort-time series pages, site-restricted search, and price-lists page; none surface these model numbers with dimensions or weight. The 2026 OTG catalog PDF (files.officestogo.c"
basics-comfort-time-ultra-multi-tilter-big-tall-chair,GLB BAOMVL13041G5,OTG / Offices to Go,UNSOURCEABLE,dimensions+weight,(none),"SKU GLB BAOMVL13041G5 = 'Basics Comfort-Time Ultra Multi-Tilter Big & Tall Chair' (model MVL13041), a Global/Canadian Workplace Solutions 'Basics' house-brand product. No manufacturer-domain page (officestogo.com or globalfurnituregroup.com) lists model MVL13041 — it appears only on reseller sites (bensoffice.com, totalofficeplus.com, beejs.com, microagebasics.com, ecinteractiveplus.com). officest"
basics-comfort-time-ultra-multi-tilter-big-tall-with-headrest,GLB BAOMVL13042G5,OTG / Offices to Go,UNSOURCEABLE,dimensions+weight,(none),"SKU GLB BAOMVL13042G5 = 'Basics Comfort-Time Ultra Multi-Tilter Big & Tall Chair with Headrest' (model MVL13042), a Global/Canadian Workplace Solutions 'Basics' house-brand product. No manufacturer-domain page (officestogo.com or globalfurnituregroup.com) lists model MVL13042 — it appears only on reseller sites (totalofficeplus.com, beejs.com, bensoffice.com, microagebasics.com, ecinteractiveplus."
basics-comfort-time-ultra-multi-tilter-chair-with-headrest,GLB BAOMVL1875G5,OTG / Offices to Go,UNSOURCEABLE,dimensions+weight,(none),"Model GLB BAOMVL1875G5 = Global 'Basics' Comfort-Time Ultra Multi-Tilter, High Back WITH headrest, fully adjustable G5 arms. This is Global Furniture Group's 'Basics' value/contract line. Searched globalfurnituregroup.com and officestogo.com: the Comfort-Time Ultra series (MVL1875/MVL1873) has NO indexed model page or spec sheet on either manufacturer domain. The Offices to Go product-specificatio"
basics-elora-chair-high-back-black-leather-luxhide-mvl1893upu30bl20,GLB-MVL1893U,OTG / Offices to Go,UNSOURCEABLE,dimensions+weight,(none),"Model GLB-MVL1893U = Global 'Basics' Elora ergonomic chair, High Back, black Luxhide bonded leather. Global 'Basics' value/contract line. No model page or spec sheet found on globalfurnituregroup.com (search returned only the unrelated Davis Furniture 'Elora' and Global lounge/task series) or on officestogo.com. The OTG product-specifications resource index does not list an Elora series. Only deal"
bookcase-15-sizes-available,BCMB2429,OTG / Offices to Go,UNSOURCEABLE,weight,(none),"Could not match SKU prefix BCMB (BCMB2429 ... BCMB3672) to any manufacturer-domain product page. Searched officestogo.com (vendor = OTG/Offices to Go) and globalfurnituregroup.com (Global's metal bookcase models use codes like 91SBC4-36 and MVLBC, not BCMB). No manufacturer page found that ties these exact 15 SKUs to dimensions or weight, so all fields left empty per WRONG-DATA rule. Needs interna"
comfort-time-ultra-petit-seat-multi-tilter-chair-high-back-baomvl1880g5,GLB BAOMVL1880G5,OTG / Offices to Go,UNSOURCEABLE,dimensions+weight,(none),"Model GLB BAOMVL1880G5 = Global 'Basics' Comfort-Time Ultra Multi-Tilter, High Back, PETITE seat, G5 arms. Same Global 'Basics' value line as MVL1875. No model page or spec sheet found on globalfurnituregroup.com or officestogo.com; the OTG product-specifications resource index does not list this series. Only reseller/distributor pages reference it (none manufacturer-owned, so disqualified). No qu"
coffee-table,OSP-MG1242S-NB,Office Star Products,UNSOURCEABLE,weight,(none),Office Star Products (manufacturer) MG1242S-NB 'Brooklyn Rectangle Coffee Table' WorkSmart spec sheet on media.officestar.net. SKU matches exactly (OSP-MG1242S-NB). 'needs' only requested weight; dimensions also captured from same sheet. Weight listed is Carton Weight (no separate product weight given). Spec PDF is image/vector-based so WebFetch could not extract text; read directly from the downl
coffee-table-chrome,OSP-WST12WH,Office Star Products,UNSOURCEABLE,dimensions+weight,(none),"Office Star Products (manufacturer) WST12 'Wall Street Coffee Table' spec sheet on media.officestar.net (OSP Home Furnishings header). Spec sheet covers all three color variants (WST12 Espresso, WST12-BK Black, WST12-WH White) which share one identical chassis, so dims/weight apply to primary SKU OSP-WST12WH and the BLK/ESPRESS variants. Weight listed is Carton Weight (no separate product weight g"
end-table-glass-top,OSP-MG0922S-NB,Office Star Products,UNSOURCEABLE,dimensions+weight,(none),"Office Star (manufacturer) spec sheet for SKU MG0922S-NB, Brooklyn Square End Table, Nickel Brush/Glass Top, dated 3-30-2023, hosted on media.officestar.net. Only carton (shipping) weight is published, 24 lbs; no separate product/net weight given. Carton dimensions on sheet: 26"" L x 25"" W x 5"" H."
folding-table-36-bt36-resin,OSP-BT36,Office Star Products,UNSOURCEABLE,weight,(none),"Office Star (manufacturer) spec sheet for SKU BT36, 36"" Square Resin Table, dated 6-24-2022, hosted on media.officestar.net. Note: this is a SQUARE 36x36 resin folding table, not round (BBI title says 'Folding table 36"" BT36 resin'). Only carton (shipping) weight published, 25 lbs; no separate net/product weight. Capacity 350 lbs evenly distributed."
gaming-chair,OSP-UPK25,Office Star Products,UNSOURCEABLE,dimensions+weight,(none),"Office Star DESIGNlab By OSP (manufacturer) spec sheet for SKU UPK25, Uplink Gaming Chair, dated 8-18-2022, hosted on media.officestar.net. Only carton (shipping) weight published, 43 lbs; no separate net/product weight. Seat Range (seat height) 18.5-22.25""."
pneumatic-height-adjustable-table,OSP-HAT60241,Office Star Products,UNSOURCEABLE,dimensions+weight,(none),"Manufacturer = Office Star Products (officestarproducts.com / ospfurniture.com). SKUs OSP-HAT60241/60251/60261 = 4ft/5ft/6ft sizes of the same line. Manufacturer domain officestarproducts.com refused connection (ECONNREFUSED) and officestar.net returned HTTP 403 Forbidden; no manufacturer-domain product page surfaced in search. Could not obtain verbatim manufacturer-domain text, so all fields left"
round-table-glass-top-1,OSP-MG0920R-NB,Office Star Products,UNSOURCEABLE,dimensions+weight,(none),Office Star Products (manufacturer) MG0920R-NB 'Brooklyn Round End Table' WorkSmart spec sheet on media.officestar.net. SKU matches exactly (OSP-MG0920R-NB). Weight listed is Carton Weight (no separate product weight given). Spec PDF is image/vector-based so WebFetch could not extract text; read directly from the downloaded PDF.
xplorer-51-gaming-chair,OSPXPL5125,Office Star Products,UNSOURCEABLE,dimensions+weight,(none),"Manufacturer = Office Star Products (officestarproducts.com / ospfurniture.com). The manufacturer domain officestarproducts.com refused connection (ECONNREFUSED) and the manufacturer B2B site officestar.net returned HTTP 403 Forbidden (bot-blocked) on every fetch attempt; no manufacturer-domain product page for XPL5125 surfaced in search. Could not obtain verbatim manufacturer-domain text, so all "
outdoor-park-benches,SCN-NJ027,Produits Re-Plast,UNSOURCEABLE,weight,(none),"Weight verified on Produits Re-Plast (manufacturer) technical data sheet PDF for model 16P-5, which is the 60"" Standard Park Bench = primary SKU SCN-NJ027 (resellers Tenaquip/SCN list NJ027 as Produits Re-Plast 16P-5/SAH, 60""L). The needs field requested weight only; dimensions therefore left empty (though the same sheet states 60""L x 23.5""W [597mm] x 38.5""H). The second SKU SCN-NJ029 is the 72"" b"
power-plant-500222pp90-daisychaining,RIC500222PP90,Richelieu,UNSOURCEABLE,dimensions+weight,(none),"Manufacturer page found on Richelieu's own domain (https://www.richelieu.com/us/en/category/lighting-solutions-and-accessories/communication-power-access-boxes-and-wire-management/communication-and-power-access-boxes/power-plant-power-bars/1209581/sku-500222PP90) for SKU 500222PP90. The page lists electrical/feature specs only ('9' SJT #14 cord 90deg plug', 'Input: 110 V 12 A', 'USB output: 5 V 2."
triple-monitor-and-ipad-holder,RIC 500FP23100 & FEL 8044101,Richelieu,UNSOURCEABLE,dimensions+weight,(none),"This product is a two-SKU bundle (RIC 500FP23100 + FEL 8044101), not a single model. RIC 500FP23100 resolves on richelieu.com to the 'Flexa Pro Series Heavy-Duty Spring-Action Monitor Arm' (a single-monitor arm, not a triple), and FEL 8044101 is a separate Fellowes iPad holder. Per strict rule #3, a single overall dimension/weight cannot be tied to a multi-component bundle, so both fields left emp"
drafting-table-safco-vista-drawing-table,SAF-SAF3960-3951,Safco,UNSOURCEABLE,weight,(none),"SKU SAF-SAF3960-3951 is a two-piece assembly: Vista drawing table BASE 3960 + table TOP 3951, sold/shipped separately. The 3960 base product page is no longer live on the manufacturer domain (http://www.safcoproducts.com/vista-drawing-table-base-3960 returns HTTP 404; new-format slug also 404s), so no base or complete-table weight could be verified on safcoproducts.com. The matching TOP 3951 IS li"
halifax-typical-4,TAY-HALIFAXTYP4,Tayco,UNSOURCEABLE,weight,(none),"Worklist 'needs' only weight for this handle, but dimensions were also verifiable so they are included. Tayco 'Halifax Typical 4' is a multi-component room-layout configuration; dimension reported is the layout FOOTPRINT (6' x 6') stated verbatim on Tayco's own Typicals resource page tied to the exact 'Typical 4' name; not a packed-product W x D x H. WEIGHT: none on any Tayco-domain page. Halifax "
