rank,product_id,handle,title,vendor,price_max,confidence,score,tier,recommended_subs,detected_line,detected_model,reason
1,9924907008313,concorde-high-back-24hr-executive-synchro-tilter-2424,Concorde high back 24HR executive synchro-tilter (2424) — 2424,Global Furniture Group,1920.76,high,14,A-PRIORITY,task-chairs | ergonomic-products | executive-seating,concorde,2424,+5 premium-brand vendor; +5 price>=500; +2 model:2424; +2 line:concorde
2,9666744680761,concorde-high-back-executive-multi-tilter-2424,Concorde high back executive multi-tilter — 2424,Global Furniture Group,2099.99,med,14,A-PRIORITY,task-chairs | ergonomic-products | executive-seating,concorde,2424,+5 premium-brand vendor; +5 price>=500; +2 model:2424; +2 line:concorde
3,9666389967161,ibex-mesh-seat-back-drafting-chair-stool-1,Ibex | mesh seat & back drafting chair stool,Global Furniture Group,549.99,none,13,A-PRIORITY,room-private-office | chair-mats | medium-back-seating,ibex,,+5 premium-brand vendor; +5 price>=500; +2 line:ibex; +1 routing unknown
4,9768066646329,ergo-boss-multi-tilter-chair-2,Ergo boss multi-tilter chair,Global Furniture Group,869.99,high,10,A-PRIORITY,ergonomic-products | task-chairs | all-ergonomic,,,+5 premium-brand vendor; +5 price>=500
5,9771515150649,the-accord-tilter-high-back-chair-1,The accord tilter high back chair,Global Furniture Group,659.99,med,10,A-PRIORITY,task-chairs | ergonomic-products | chair-mats,,,+5 premium-brand vendor; +5 price>=500
6,9982087758137,efloat-quattro-humanscale,Efloat quattro humanscale,Humanscale,3023.00,low,10,A-PRIORITY,desk-top-sit-stand | desktop-sit-stand | sit-stand-workstations,,,+5 premium-brand vendor; +5 price>=500
7,9753585910073,basics-elora-chair-high-back-black-leather-luxhide-mvl1893upu30bl20,"Basics elora chair - high back - black - leather, luxhide — MVL1893UPU30BL20",Brant Business Interiors,649.99,med,9,B-WORTH-IT,chairs | leather-faux-seating | medium-back-seating,elora,MVL1893UPU30BL20,+5 price>=500; +2 model:MVL1893UPU30BL20; +2 line:elora
8,9827425616185,kensington-universal-charge-sync-tablet-cabinet,Kensington universal charge/sync tablet cabinet,Kensington,978.00,none,9,B-WORTH-IT,fire-resistant-file-cabinets | pedestal-drawers-storage,,,+3 named vendor; +5 price>=500; +1 routing unknown
9,9779951436089,fireking-storage-cabinet-72-high,"Fireking storage cabinet 72"" high — 72""",FireKing,7869.19,high,8,B-WORTH-IT,storage | fire-resistant-file-cabinets-storage | all-storage,,,+3 named vendor; +5 price>=500
10,9983576506681,humanscale-nova-lighting,Humanscale nova lighting,Humanscale,479.99,med,8,B-WORTH-IT,lighting,,,+5 premium-brand vendor; +3 price>=200
11,9858778431801,cabinet-file-file-right-wardrobe-inv-6524cffwr-24,Cabinet / file / file / right wardrobe — INV-6524CFFWR-24,Brant Business Interiors,1299.99,none,8,B-WORTH-IT,fire-resistant-file-cabinets | high-density-storage | laminate-bookcases,,INV-6524CFFWR-24,+5 price>=500; +2 model:INV-6524CFFWR-24; +1 routing unknown
12,9693074391353,scoot-multi-purpose-lectern-8922bl-1,Scoot multi-purpose lectern — 8922BL,Brant Business Interiors,847.00,none,8,B-WORTH-IT,all-storage | gfg-storage | heartwood-storage,,8922BL,+5 price>=500; +2 model:8922BL; +1 routing unknown
13,9754651525433,shoptech-099rx,Shoptech — 099RX,Brant Business Interiors,799.99,none,8,B-WORTH-IT,all-seating | gfg-chairs | type-lounge,,099RX,+5 price>=500; +2 model:099RX; +1 routing unknown
14,9714121933113,atlas-sit-to-stand-height-adjustable-desk,Atlas sit to stand height adjustable desk,Brant Business Interiors,620.68,high,7,B-WORTH-IT,desk-top-sit-stand | height-adjustable-tables | desktop-sit-stand,atlas,,+5 price>=500; +2 line:atlas
15,9770509140281,basics-elora-home-office-synchro-tilter-chair-1,Basics elora home office synchro tilter chair,Brant Business Interiors,599.99,high,7,B-WORTH-IT,task-chairs | ergonomic-products | medium-back-seating,elora,,+5 price>=500; +2 line:elora
16,9688271159609,bow-front-desk-72x42,"Bow front desk — 72""X42""",Brant Business Interiors,899.99,high,7,B-WORTH-IT,desks | pedestal-drawers-storage | storage,,X42,+5 price>=500; +2 model:X42
17,9666752708921,echo-medium-back-multi-tilter-3671-3-1,Echo medium back multi-tilter (3671-3) — 3671-3,Brant Business Interiors,650.00,high,7,B-WORTH-IT,ergonomic-products | all-ergonomic | task-chairs,,3671-3,+5 price>=500; +2 model:3671-3
18,9893597905209,l-shape-desk-with-hutch,"L-shape desk with hutch — 72""X72""",Brant Business Interiors,1999.99,high,7,B-WORTH-IT,desks | l-shape-desks,,X72,+5 price>=500; +2 model:X72
19,9666752053561,echo-3670-3-task-chair,Echo 3670-3 task chair,Brant Business Interiors,699.99,med,7,B-WORTH-IT,chairs | task-chairs | ergonomic-products,,3670-3,+5 price>=500; +2 model:3670-3
20,9666746384697,granada-deluxe-high-back-multi-tilter-1170-3-2,Granada deluxe high back multi-tilter (1170-3) — 1170-3,Brant Business Interiors,669.99,med,7,B-WORTH-IT,task-chairs | ergonomic-products | big-heavy-seating,,1170-3,+5 price>=500; +2 model:1170-3
21,9667794239801,guest-chair-6960-moda,Guest chair 6960 moda,Brant Business Interiors,559.00,med,7,B-WORTH-IT,chairs | guest-seating | all-seating,,6960,+5 price>=500; +2 model:6960
22,9729489043769,kate-medium-back-armchair-2813,Kate medium back armchair (2813) — 2813,Brant Business Interiors,730.99,med,7,B-WORTH-IT,task-chairs | ergonomic-products | medium-back-seating,,2813,+5 price>=500; +2 model:2813
23,9733027758393,prime-49-6h-two-file-multi-stor-cabinet-36w-x-18d-one-adjustable-shelf-gucc41g1836p,"Prime 49.6""h two file multi-stor cabinet, 36""w x 18""d - one adjustable shelf (gucc41g1836p) — GUCC41G1836P",Brant Business Interiors,1899.00,med,7,B-WORTH-IT,lateral-file-cabinets-storage | all-storage | gfg-storage,,GUCC41G1836P,+5 price>=500; +2 model:GUCC41G1836P
24,9905517953337,robust-high-back-multi-tilter-chair-2526,Robust high back multi-tilter chair — 2526,Brant Business Interiors,1544.00,med,7,B-WORTH-IT,task-chairs | ergonomic-products | active-seating,,2526,+5 price>=500; +2 model:2526
25,9828305142073,sora-mesh-back-chair-6941-6942,Sora mesh back chair 6941 — 6942,Brant Business Interiors,799.99,med,7,B-WORTH-IT,ergonomic-products | all-ergonomic | chair-mats,,6941,+5 price>=500; +2 model:6941
26,9782603186489,two-drawer-lateral-file-nl3624lft,Two drawer lateral file — NL3624LFT,Brant Business Interiors,647.73,med,7,B-WORTH-IT,lateral-file-cabinets-storage | room-open-plan | training-flip-top-tables,,NL3624LFT,+5 price>=500; +2 model:NL3624LFT
27,10111254855993,6-drawer-end-tab-cabinet-s128-drawers,6 drawer end tab cabinet S128 drawers — 6 drawer,Brant Business Interiors,3499.99,low,7,B-WORTH-IT,fire-resistant-file-cabinets | lateral-file-cabinets-storage | vertical-file-cabinets-storage,,S128,+5 price>=500; +2 model:S128
28,9837829685561,scoot-8945bl-lectern,Scoot 8945BL lectern,Brant Business Interiors,829.99,low,7,B-WORTH-IT,mobile-storage | all-storage | gfg-storage,,8945BL,+5 price>=500; +2 model:8945BL
29,10017041875257,spritz-with-arms-and-castors-6765c,Spritz with arms and castors — 6765C,Brant Business Interiors,385.99,low,7,B-WORTH-IT,stools-drafting-chairs | type-chairs | global-teknion,spritz,6765C,+3 price>=200; +2 model:6765C; +2 line:spritz
30,10197752348985,part-time-armless-posture-task-chair,Part-Time | Armless Posture Task Chair,Office Central & Brant Business Interiors,299.99,med,6,B-WORTH-IT,task-chairs | ergonomic-products | all-ergonomic,,,+3 named vendor; +3 price>=200
31,9852995436857,display-shelving,Display shelving,Brant Business Interiors,1969.99,none,6,B-WORTH-IT,,,,+5 price>=500; +1 routing unknown
32,9817158025529,halifax-typical-9,Halifax typical 9,Brant Business Interiors,8999.99,none,6,B-WORTH-IT,all-tables | gfg-tables | heartwood-tables,,,+5 price>=500; +1 routing unknown
33,9903963603257,hutch-with-doors,Hutch with doors (assembled),Brant Business Interiors,779.00,none,6,B-WORTH-IT,,,,+5 price>=500; +1 routing unknown
34,9692198633785,lockerettes-6-tier-bank-of-3-36-x-18-x-72-steel-grey-rivet-assembled,"Lockerettes, 6 -tier, bank of 3, 36"" x 18"" x 72"", steel, grey, rivet (assembled) — 36"" x 18"" x 72""",Brant Business Interiors,1799.99,none,6,B-WORTH-IT,,,,+5 price>=500; +1 routing unknown
35,9702669975865,ranger-steel-4-post-table-42-w-x-30-d,Ranger steel 4-post table 42”w x 30”d,Brant Business Interiors,3987.00,none,6,B-WORTH-IT,desk-top-dividers | drafting-tables | end-tables-tables,,,+5 price>=500; +1 routing unknown
36,9702670467385,ranger-steel-4-post-table-42-w-x-30-d-with-drawer-safco,Ranger steel 4-post table 42”w x 30”d with drawer safco,Safco,4299.99,none,6,B-WORTH-IT,desk-top-dividers | drafting-tables | end-tables-tables,,,+5 price>=500; +1 routing unknown
37,9103329820985,security-safe-39-x-26-5-x-26-5-1,"Security safe — 39"" x 26.5"" x 26.5""",Brant Business Interiors,2548.00,none,6,B-WORTH-IT,chair-mats | fire-resistant-file-cabinets-safes | multi-person-workstations,,,+5 price>=500; +1 routing unknown
38,9667868524857,soft-pods,Soft pods,Brant Business Interiors,3412.00,none,6,B-WORTH-IT,all-business-furniture | business-furniture | podiums-av-furniture,,,+5 price>=500; +1 routing unknown
39,9968549429561,temptations-office-suite,Temptations office suite,Brant Business Interiors,4299.99,none,6,B-WORTH-IT,room-private-office | desk-top-dividers | medium-back-seating,,,+5 price>=500; +1 routing unknown
40,9968549888313,temptations-office-suite-copy,The corporate office suite,Brant Business Interiors,5499.99,none,6,B-WORTH-IT,room-private-office | desk-top-dividers | medium-back-seating,,,+5 price>=500; +1 routing unknown
41,9817942851897,the-halifax-collection,The halifax collection,Brant Business Interiors,99999.99,none,6,B-WORTH-IT,height-adjustable-tables | metal-vertical-files | side-coffee-table,,,+5 price>=500; +1 routing unknown
42,9726676795705,u-shaped-desk-with-3-stage-height-adjustable-table,"""u"" shaped desk with 3-stage height adjustable table",Brant Business Interiors,2111.00,high,5,B-WORTH-IT,desks | height-adjustable-tables | l-shape-desks,,,+5 price>=500
43,9103188459833,boat-shaped-conference-table-96-x-36-x-29,"Boat shaped conference table — 96"" x 36"" x 29""",Brant Business Interiors,799.99,high,5,B-WORTH-IT,meeting-tables | boardroom-conference-meeting | all-boardroom,,,+5 price>=500
44,9667812786489,bookcase-metal-2-size-options,Bookcase metal 2 size options — 2 size,Brant Business Interiors,529.99,high,5,B-WORTH-IT,bookcases | metal-vertical-files,,,+5 price>=500
45,9751461036345,credenza-storage-hutch,Credenza storage & hutch,Brant Business Interiors,1449.99,high,5,B-WORTH-IT,credenzas | storage | pedestal-drawers-storage,,,+5 price>=500
46,9859466658105,credenza-storage-storage-with-locks,Credenza storage / storage with locks,Brant Business Interiors,1279.99,high,5,B-WORTH-IT,storage | credenzas | all-storage,,,+5 price>=500
47,9788103917881,credenza-with-sliding-doors-36-high,"Credenza with sliding doors 36"" high — 36""",Brant Business Interiors,1329.99,high,5,B-WORTH-IT,credenzas | storage,,,+5 price>=500
48,9776398729529,deep-hi-boy-storage-cabinet-72-h-x-36-w-x-24-d,"Deep hi-boy storage cabinet 72"" h x 36"" w x 24"" d — 24""",Brant Business Interiors,999.99,high,5,B-WORTH-IT,storage | all-storage | gfg-storage,,,+5 price>=500
49,9455233368377,desk-l-shape-with-drawers,Desk l-shape with drawers,Brant Business Interiors,1299.00,high,5,B-WORTH-IT,desks | pedestal-drawers-storage | l-shape-desks,,,+5 price>=500
50,9039376023865,desk-u-shape-mlp205-1,Desk u-shape,Brant Business Interiors,1799.99,high,5,B-WORTH-IT,desks | u-shape-desks | room-open-plan,,,+5 price>=500
51,9726800527673,executive-suites-height-adjustable-desk,Executive suites height adjustable desk,Brant Business Interiors,4250.00,high,5,B-WORTH-IT,storage | height-adjustable-tables | pedestal-drawers-storage,,,+5 price>=500
52,9832199749945,felt-acoustic-room-dividers,Felt acoustic room dividers,Brant Business Interiors,1689.99,high,5,B-WORTH-IT,acoustic-panels | privacy-screens | desk-top-dividers,,,+5 price>=500
53,9693081895225,felt-sound-dampeners,Felt sound dampeners,Brant Business Interiors,1399.99,high,5,B-WORTH-IT,acoustic-panels | sound-dampeners | l-shape,,,+5 price>=500
54,9665393262905,height-adjustable-l-shape-71x71,"Height adjustable l-shape — 71""x71""",Brant Business Interiors,2499.00,high,5,B-WORTH-IT,pedestal-drawers-storage | storage | height-adjustable-tables,,,+5 price>=500
55,9733369233721,hideaway-storage-cabinet-1,Hideaway storage cabinet,Brant Business Interiors,2199.99,high,5,B-WORTH-IT,storage | mobile-storage | personal-storage,,,+5 price>=500
56,9782474211641,institutional-series-lateral-file-cabinet-2-3-4-5-drawer,"Institutional series lateral file cabinet (2,3,4 & 5 drawer) — 5 drawer",Brant Business Interiors,2399.99,high,5,B-WORTH-IT,storage | lateral-file-cabinets-storage | pedestal-drawers-storage,,,+5 price>=500
57,9776397713721,jumbo-storage-cabinet-assembled-72-h-x48w-x-24-d,"Jumbo storage cabinet assembled 72"" h x48""w x 24"" d — 24""",Brant Business Interiors,2299.99,high,5,B-WORTH-IT,storage | all-storage | gfg-storage,,,+5 price>=500
58,9983628968249,l-shape-suite-layout-41c,L-shape suite layout # — 41C,Brant Business Interiors,2099.99,high,5,B-WORTH-IT,storage | pedestal-drawers-storage | l-shape-desks,,,+5 price>=500
59,10086763954489,lateral-file-storage-cabinet-with-shelves-copy,Lateral file & storage cabinet with shelves,Brant Business Interiors,1683.00,high,5,B-WORTH-IT,storage | lateral-file-cabinets-storage | fire-resistant-file-cabinets-storage,,,+5 price>=500
60,9788847030585,modern-grigio-reception-desk,Modern grigio reception desk,Brant Business Interiors,2799.99,high,5,B-WORTH-IT,reception | lounge-reception | room-reception,,,+5 price>=500
61,9733027463481,prime-multi-storage-cabinet-lateral-file,Prime multi-storage cabinet / lateral file,Brant Business Interiors,2229.99,high,5,B-WORTH-IT,storage | lateral-file-cabinets-storage | all-storage,,,+5 price>=500
62,9098379854137,reception-desk-84-x-84-1,"Reception desk — 84"" x 84""",Brant Business Interiors,3438.90,high,5,B-WORTH-IT,reception | desks | office-furniture,,,+5 price>=500
63,9726655791417,single-pedestal-desk-60w-x-30d,"Single pedestal desk - 60""w x 30""d — 30""",Brant Business Interiors,696.00,high,5,B-WORTH-IT,pedestals | desks | storage,,,+5 price>=500
64,9722772357433,storage-cabinet-credenza-72w-x-24d,"Storage cabinet credenza, 72""w x 24""d — 24""",Brant Business Interiors,1503.82,high,5,B-WORTH-IT,storage | credenzas | all-storage,,,+5 price>=500
65,9853010051385,storage-cabinet-with-doors,Storage cabinet with doors,Brant Business Interiors,4569.99,high,5,B-WORTH-IT,storage | all-storage | gfg-storage,,,+5 price>=500
66,9664286523705,tl-high-back-multi-tilter,Tl | high back multi-tilter,Brant Business Interiors,649.00,high,5,B-WORTH-IT,task-chairs | ergonomic-products | medium-back-seating,,,+5 price>=500
67,10197035385145,wave-high-back-synchro-tilter,Wave | High Back Synchro-Tilter,Brant Business Interiors,399.99,high,5,B-WORTH-IT,task-chairs | ergonomic-products | all-ergonomic,wave,,+3 price>=200; +2 line:wave
68,9726668308793,l-shaped-desk-with-double-pedestals-72w-x-78d,"""l"" shaped desk with double pedestals - 72""w x 78""d — 78""",Brant Business Interiors,1376.00,med,5,B-WORTH-IT,desks | pedestals | storage,,,+5 price>=500
69,9726671814969,l-shaped-desk-with-single-pedestal-60w-x-72d,"""l"" shaped desk with single pedestal - 60""w x 72""d — 72""",Brant Business Interiors,1027.00,med,5,B-WORTH-IT,desks | pedestal-drawers-storage | storage,,,+5 price>=500
70,9726665031993,u-shaped-desk-72w-x-96d,"""u"" shaped desk - 72""w x 96""d — 96""",Brant Business Interiors,1296.59,med,5,B-WORTH-IT,desks | room-open-plan | all-quiet-spaces,,,+5 price>=500
71,9688170398009,agile-double-sided-8-pod-height-adjustable-shared-desk,Agile double sided 8-pod height adjustable shared desk,Brant Business Interiors,16038.00,med,5,B-WORTH-IT,height-adjustable-tables | desk-top-dividers | side-coffee-table,,,+5 price>=500
72,10170179911993,alphabetter-stand-up-desk,Alphabetter stand-up desk,Safco,562.79,med,5,B-WORTH-IT,desk-top-sit-stand | desktop-sit-stand | sit-stand-workstations,,,+5 price>=500
73,9664282657081,altona-high-back-leather-tilter,Altona | high back leather tilter,Brant Business Interiors,249.99,med,5,B-WORTH-IT,task-chairs | ergonomic-products | all-boardroom,altona,,+3 price>=200; +2 line:altona
74,9725776691513,anda-seat-phantom-king-gaming-style-office-chair,Anda seat phantom king gaming style office chair,Brant Business Interiors,599.99,med,5,B-WORTH-IT,ergonomic-products | all-ergonomic | room-private-office,,,+5 price>=500
75,9666375647545,bar-height-table,Bar height table,Brant Business Interiors,519.99,med,5,B-WORTH-IT,tables | round-square-tables | bar-height-tables,,,+5 price>=500
76,9768075526457,basics-comfort-time-ultra-multi-tilter-big-tall-with-headrest,Basics comfort-time ultra multi-tilter big & tall with headrest,Brant Business Interiors,794.99,med,5,B-WORTH-IT,task-chairs | ergonomic-products | big-heavy-seating,,,+5 price>=500
77,9832623735097,ceiling-grids-sound-acoustic-dampeners-orb,Ceiling grids sound acoustic dampeners orb,Brant Business Interiors,747.00,med,5,B-WORTH-IT,acoustic-solutions | sound-dampeners | all-ergonomic,,,+5 price>=500
78,9103344206137,chair-dolly-duet-chairs,Chair dolly (duet chairs),Brant Business Interiors,569.99,med,5,B-WORTH-IT,chairs | folding-stacking-chairs-carts | type-chairs,,,+5 price>=500
79,9770563141945,chevron-ultra-medium-back-multi-tilter-chair,Chevron ultra medium back multi-tilter chair,Brant Business Interiors,599.99,med,5,B-WORTH-IT,task-chairs | ergonomic-products | medium-back-seating,,,+5 price>=500
80,9843066274105,circular-reception-unit-w-41-r,Circular reception unit — W-41-R,Brant Business Interiors,6224.00,med,5,B-WORTH-IT,reception | lounge-reception | room-reception,,,+5 price>=500
81,9924895768889,cluster-seating,Cluster seating 4,Brant Business Interiors,1699.99,med,5,B-WORTH-IT,seating | all-seating | gfg-chairs,,,+5 price>=500
82,9114345603385,coffee-table-33-x-33-15-height-2,"Coffee table 33"" x 33"" 15"" height — 33"" x 33""",Brant Business Interiors,907.34,med,5,B-WORTH-IT,tables | gfg-tables | cafeteria-breakroom-tables,,,+5 price>=500
83,9911124263225,contemporary-metal-desk,Contemporary metal desk,Brant Business Interiors,1349.00,med,5,B-WORTH-IT,desks | bar-height-tables | laminate-bookcases,,,+5 price>=500
84,9693141827897,desk-top-divider-divide,Desk top divider divide,Brant Business Interiors,766.00,med,5,B-WORTH-IT,desks | all-desks | gfg-desks,,,+5 price>=500
85,9822363451705,dolly-for-sonic-chairs-6517ws,Dolly for sonic chairs — 6517WS,Brant Business Interiors,319.00,med,5,B-WORTH-IT,chairs | lounge-chairs-seating | all-seating,,6517WS,+3 price>=200; +2 model:6517WS
86,9693071737145,drafting-table,Drafting table,Brant Business Interiors,3999.99,med,5,B-WORTH-IT,tables | all-panels | otg-panels,,,+5 price>=500
87,9693076390201,drafting-table-custom,Drafting table custom,Brant Business Interiors,2899.99,med,5,B-WORTH-IT,tables | drafting-tables | side-coffee-table,,,+5 price>=500
88,9693073867065,drafting-table-precision-table-2-sizes,Drafting table precision table — 2 sizes,Brant Business Interiors,2999.99,med,5,B-WORTH-IT,tables | drafting-tables | side-coffee-table,,,+5 price>=500
89,9693072687417,drafting-table-safco-vista-drawing-table,Drafting table safco vista drawing table,Safco,549.99,med,5,B-WORTH-IT,tables | desk-top-dividers | drafting-tables,,,+5 price>=500
90,9665415807289,dual-sided-height-adjustable-table,Dual sided height adjustable table,Brant Business Interiors,2299.99,med,5,B-WORTH-IT,height-adjustable-tables | ergonomic-products | privacy-screens,,,+5 price>=500
91,10128802709817,electric-desk-riser-dual-monitor-arm,Electric desk riser + dual monitor arm,Brant Business Interiors,599.99,med,5,B-WORTH-IT,desks | monitor-arms | keyboard-trays,,,+5 price>=500
92,9103471608121,electric-height-adjustable-standing-desk-workstation-4,Electric height adjustable standing desk workstation,Brant Business Interiors,682.00,med,5,B-WORTH-IT,desk-top-sit-stand | height-adjustable-tables | all-desks,,,+5 price>=500
93,9114394001721,end-table-29-x-29-x-16,"End table — 29"" x 29"" x 16""",Brant Business Interiors,907.34,med,5,B-WORTH-IT,tables | gfg-tables | end-tables-tables,,,+5 price>=500
94,9982113481017,eor-guest-chair-mvl3920b,Eor guest chair — MVL3920B,Brant Business Interiors,209.99,med,5,B-WORTH-IT,chairs | guest-seating | leather-faux-seating,,MVL3920B,+3 price>=200; +2 model:MVL3920B
95,10170849231161,evolve-workstations,Evolve workstations,Brant Business Interiors,23000.00,med,5,B-WORTH-IT,acoustic-panels | all-desks | desks,,,+5 price>=500
96,9897192554809,executive-workstation-10x10,Executive workstation — 10'x10',Brant Business Interiors,5999.99,med,5,B-WORTH-IT,pedestal-drawers-storage | storage | room-open-plan,,,+5 price>=500
97,9832223867193,felt-acoustic-wall-tiles,Felt acoustic wall tiles,Brant Business Interiors,1399.99,med,5,B-WORTH-IT,walls | acoustic-panels,,,+5 price>=500
98,9779411976505,gardex-fireproof-lateral-file-2-3-4-drawer,"Gardex fireproof lateral file ( 2, 3 & 4 drawer) — 4 drawer",Brant Business Interiors,6999.99,med,5,B-WORTH-IT,lateral-file-cabinets-storage | vertical-file-cabinets-storage | fire-resistant-file-cabinets,,,+5 price>=500
99,9855858245945,height-adjustable-l-shape-table-1,Height adjustable l-shape table,Brant Business Interiors,1369.99,med,5,B-WORTH-IT,height-adjustable-tables | l-shape-desks | desks,,,+5 price>=500
100,9782607446329,height-adjustable-rectangular-table-2-legs-nl48243qht,Height adjustable rectangular table - 2 legs,Brant Business Interiors,799.99,med,5,B-WORTH-IT,height-adjustable-tables | room-open-plan | all-quiet-spaces,,,+5 price>=500
101,9683080249657,horseshoe-study-table-height-adjustable-c-shape-horseshoe-1,Horseshoe study table height adjustable c-shape horseshoe,Brant Business Interiors,999.99,med,5,B-WORTH-IT,tables | height-adjustable-tables | fire-resistant-file-cabinets,,,+5 price>=500
102,9693075505465,impromptu-lectern-1,Impromptu lectern,Brant Business Interiors,699.99,med,5,B-WORTH-IT,acoustic-panels | desk-top-sit-stand-ergonomic-products | all-ergonomic,,,+5 price>=500
103,9469554262329,indoor-planter,Indoor planter,Brant Business Interiors,1600.00,med,5,B-WORTH-IT,planters | acoustic-panels | all-quiet-spaces,,,+5 price>=500
104,9820585525561,koko-tables,Koko tables,Brant Business Interiors,779.99,med,5,B-WORTH-IT,tables | all-tables | gfg-tables,,,+5 price>=500
105,9669947326777,reception-unit-72x72,"L shape reception unit 72""x72"" 15B — 72""x72""",Brant Business Interiors,1999.99,med,5,B-WORTH-IT,reception | l-shape-desks | desks,,,+5 price>=500
106,9840940810553,l-shape-desk-with-36h-privacy-panel,"L-shape desk with 36""h privacy panel — 36""",Brant Business Interiors,2799.99,med,5,B-WORTH-IT,acoustic-panels | l-shape | panel-systems,,,+5 price>=500
107,9855829967161,l-shape-suire,L-shape suite — HTWLEV1LOOP,Brant Business Interiors,1319.99,med,5,B-WORTH-IT,l-shape-desks | desks | all-desks,,,+5 price>=500
108,10053881692473,l-shape-workstations,"L-shape workstations (9 sizes, 8 colours) — 9 sizes",Brant Business Interiors,899.99,med,5,B-WORTH-IT,l-shape-desks | desks | office-furniture,,,+5 price>=500
109,9822327505209,laminate-lockers-1,Laminate lockers,Brant Business Interiors,838.20,med,5,B-WORTH-IT,lockers | buy-canadian | laminate-bookcases,,,+5 price>=500
110,9800687845689,levels-l-shape,Levels l-shape,Brant Business Interiors,1449.99,med,5,B-WORTH-IT,l-shape-desks | desks | all-storage,,,+5 price>=500
111,9747754320185,levels-suite,Levels suite,Brant Business Interiors,1199.99,med,5,B-WORTH-IT,l-shape-desks | desks | office-furniture,,,+5 price>=500
112,9858891776313,links-custom-reception-unit-60x72,"Links custom reception unit — 60""x72""",Brant Business Interiors,2999.99,med,5,B-WORTH-IT,reception | ergonomic-products | all-ergonomic,,,+5 price>=500
113,9690804846905,lockers-2-tier-assembled,Lockers 2 tier (assembled),Brant Business Interiors,1279.99,med,5,B-WORTH-IT,lockers | storage-cabinets-lockers,,,+5 price>=500
114,9868797346105,lockers-2-tier,Lockers 2-tier,Brant Business Interiors,840.00,med,5,B-WORTH-IT,lockers | personal-storage | storage-cabinets-lockers,,,+5 price>=500
115,9690784596281,lockers-single-tier-assembled,Lockers single tier (assembled),Brant Business Interiors,1289.99,med,5,B-WORTH-IT,lockers | storage-cabinets-lockers,,,+5 price>=500
116,9667830776121,lotus-dx-sit-stand-workstation-dual-monitor-arm-extra,Lotus dx sit-stand workstation (dual monitor arm extra),Brant Business Interiors,763.89,med,5,B-WORTH-IT,desk-top-sit-stand | monitor-arms | desktop-sit-stand,,,+5 price>=500
117,9847159750969,luray-executive-chair,Luray executive chair,Brant Business Interiors,899.99,med,5,B-WORTH-IT,chairs | executive-seating | medium-back-seating,,,+5 price>=500
118,9785193038137,makerspace-tables,Makerspace tables,Brant Business Interiors,2622.00,med,5,B-WORTH-IT,tables | round-square-tables | all-tables,,,+5 price>=500
119,9882644414777,manual-height-adjustable-base,Manual height adjustable base (tops sold separately),Brant Business Interiors,699.99,med,5,B-WORTH-IT,height-adjustable-tables | desk-top-sit-stand | desktop-sit-stand,,,+5 price>=500
120,9795576660281,manual-height-adjustable-table,Manual height adjustable table,Brant Business Interiors,1348.00,med,5,B-WORTH-IT,desk-top-sit-stand | height-adjustable-tables | ergonomic-products,,,+5 price>=500
121,9729470857529,marche-guest-chair,Marche guest chair,Brant Business Interiors,670.64,med,5,B-WORTH-IT,chairs | guest-seating | stools-seating,,,+5 price>=500
122,9853059694905,meeting-table,Meeting table,Brant Business Interiors,529.99,med,5,B-WORTH-IT,tables | meeting-tables | training-flip-top-tables,,,+5 price>=500
123,9911112433977,metal-apex-desk,Metal apex desk,Brant Business Interiors,2499.99,med,5,B-WORTH-IT,desks | pedestals | storage,,,+5 price>=500
124,9683142836537,metal-desk-laminate-top,Metal desk laminate top,Brant Business Interiors,1799.99,med,5,B-WORTH-IT,desks | pedestal-drawers-storage | storage,,,+5 price>=500
125,9676180488505,ml-bar-stool,Ml bar stool,Brant Business Interiors,999.99,med,5,B-WORTH-IT,stools | lounge-chairs | reception-side-guest-chairs,,,+5 price>=500
126,9676178981177,ml-series-lounge-chair,Ml series lounge chair,Brant Business Interiors,1499.99,med,5,B-WORTH-IT,lounge | chairs | reception-side-guest-chairs,,,+5 price>=500
127,9788850307385,nutmeg-reception,Nutmeg reception,Brant Business Interiors,2733.00,med,5,B-WORTH-IT,reception | wardrobe-storage | all-storage,,,+5 price>=500
128,9749033386297,partitions-66-high-6-offices,"Partitions 66"" high 6 offices — 66""",Brant Business Interiors,4599.00,med,5,B-WORTH-IT,acoustic-panels | medium-back-seating | panels-partitions,,,+5 price>=500
129,9749031158073,partitions-66-high,"Partitions 66"" high — 66""",Brant Business Interiors,1299.99,med,5,B-WORTH-IT,acoustic-panels | medium-back-seating | panels-partitions,,,+5 price>=500
130,9676187631929,planters,Planters,Brant Business Interiors,799.99,med,5,B-WORTH-IT,planters | modular-workstations,,,+5 price>=500
131,9103182364985,plexiglass-hanging-modesty-panel-48-width-x-15-height-2,"Plexiglass hanging modesty panel - 48"" width x 15"" height — 15""",Brant Business Interiors,1999.99,med,5,B-WORTH-IT,acoustic-panels | room-private-office | laminate-bookcases,,,+5 price>=500
132,10040680808761,pneumatic-single-table,Pneumatic single table,Brant Business Interiors,945.00,med,5,B-WORTH-IT,desk-top-sit-stand | tables | desktop-sit-stand,,,+5 price>=500
133,9783856824633,quick-assembly-electric-height-adjustable-base-2-legs,Quick assembly electric height adjustable base - 2 legs,Brant Business Interiors,699.99,med,5,B-WORTH-IT,height-adjustable-tables | desk-top-dividers | side-coffee-table,,,+5 price>=500
134,9851761426745,racetrack-conference-table-1-top,"Racetrack conference table 1"" top — 1""",Brant Business Interiors,1699.99,med,5,B-WORTH-IT,tables | meeting-tables | training-flip-top-tables,,,+5 price>=500
135,9769354592569,rambler-ottoman-8-shape-size-options,Rambler ottoman (8 shape & size),Brant Business Interiors,799.99,med,5,B-WORTH-IT,ottomans | all-quiet-spaces | healthcare-seating,,,+5 price>=500
136,9785891127609,ranger-table,Ranger table,Brant Business Interiors,4451.00,med,5,B-WORTH-IT,tables | drafting-tables | all-tables,,,+5 price>=500
137,9710313079097,safco-2130sl-desk-mount-for-monitor-keyboard,"Safco 2130SL desk mount for monitor, keyboard",Safco,319.30,med,5,B-WORTH-IT,desks | ergonomic-products | all-ergonomic,,2130SL,+3 price>=200; +2 model:2130SL
138,9688173543737,screenflex-5-panel-mobile-light-duty-portable-room-divider-65h-x-95w-fabric-color-stone,"Screenflex 5 panel mobile light-duty portable room divider, 6'5""h x 9'5""w, fabric color: stone — 5""",Brant Business Interiors,1699.99,med,5,B-WORTH-IT,acoustic-panels | privacy-screens | panels-room-dividers,,,+5 price>=500
139,9757974364473,screenflex-room-dividers,Screenflex room dividers,Brant Business Interiors,4555.00,med,5,B-WORTH-IT,acoustic-panels | desk-top-dividers | privacy-screens,,,+5 price>=500
140,9688143266105,sit2stand-series-sit-stand-workstation,Sit2stand series sit-stand workstation,Brant Business Interiors,699.99,med,5,B-WORTH-IT,desk-top-sit-stand | desktop-sit-stand | sit-stand-workstations,,,+5 price>=500
141,10024625176889,solo-gues-chair,Solo guest chair — 5225SSU,Brant Business Interiors,218.02,med,5,B-WORTH-IT,chairs | reception-side-guest-chairs | type-chairs,,5225SSU,+3 price>=200; +2 model:5225SSU
142,9782444425529,standard-lateral-files-2-3-4-5-drawers,"Standard lateral files (2,3,4 & 5 drawers) — 5 drawers",Brant Business Interiors,1229.99,med,5,B-WORTH-IT,lateral-file-cabinets-storage | metal-vertical-files | all-storage,,,+5 price>=500
143,9103350169913,standing-desk-for-corner-desk-5,Standing desk for corner desk,Brant Business Interiors,959.99,med,5,B-WORTH-IT,desks | monitor-arms | all-quiet-spaces,,,+5 price>=500
144,9722809811257,storage-right-ff-sc-left-wardrobe,Storage / right ff & sc / left wardrobe,Brant Business Interiors,1622.00,med,5,B-WORTH-IT,storage | wardrobe-storage | all-storage,,,+5 price>=500
145,9795527344441,supra-x-chair-1,Supra x chair,Brant Business Interiors,559.99,med,5,B-WORTH-IT,chairs | ergonomic-products | all-ergonomic,,,+5 price>=500
146,9455249195321,table-desk-13-colour-options,Table desk 13 colour options — 13 colour,Brant Business Interiors,699.99,med,5,B-WORTH-IT,tables | desks | room-open-plan,,,+5 price>=500
147,10086725615929,table-desk-height-adjustable,Table desk height adjustable,Brant Business Interiors,2122.00,med,5,B-WORTH-IT,tables | desks | height-adjustable-tables,,,+5 price>=500
148,9683059179833,table-round-height-adjustable,Table round height adjustable,Brant Business Interiors,589.99,med,5,B-WORTH-IT,tables | height-adjustable-tables | fire-resistant-file-cabinets,,,+5 price>=500
149,9113935479097,tables-dolly-8,Tables dolly,Brant Business Interiors,536.55,med,5,B-WORTH-IT,tables | mobile-storage | gfg-storage,,,+5 price>=500
150,9724674277689,taper-leg-table,Taper leg table,Brant Business Interiors,529.99,med,5,B-WORTH-IT,tables | training-flip-top-tables | all-tables,,,+5 price>=500
151,9748326187321,teknion-ac-executive,"Teknion ""ac executive""",Teknion,0.00,med,5,B-WORTH-IT,meeting-tables | credenzas | storage,,,+5 premium-brand vendor
152,9748332216633,teknion-boardroom,"Teknion ""boardroom""",Teknion,0.00,med,5,B-WORTH-IT,boardroom | meeting-tables | all-boardroom,,,+5 premium-brand vendor
153,9748330873145,teknion-lounge,"Teknion ""lounge""",Teknion,0.00,med,5,B-WORTH-IT,lounge | global-teknion | room-lounge,,,+5 premium-brand vendor
154,9667845456185,teknion-glass-walls,Teknion Glass walls,Teknion,0.00,med,5,B-WORTH-IT,walls | acoustic-panels | task-chairs,,,+5 premium-brand vendor
155,9748339360057,teknion-seating,Teknion Seating,Teknion,0.00,med,5,B-WORTH-IT,seating | global-teknion | medium-back-seating,,,+5 premium-brand vendor
156,9682842616121,teknion-zones,Teknion Zones,Teknion,0.00,med,5,B-WORTH-IT,privacy-screens | desk-top-dividers | global-teknion,,,+5 premium-brand vendor
157,9769268871481,trapezoid-tables-3-sizes,Trapezoid tables (3 sizes) — 3 sizes,Brant Business Interiors,849.99,med,5,B-WORTH-IT,tables | height-adjustable-tables | all-tables,,,+5 price>=500
158,9785822609721,triple-monitor-and-ipad-holder,Triple monitor and ipad holder,Brant Business Interiors,588.69,med,5,B-WORTH-IT,monitor-arms | room-private-office | end-tables-tables,,,+5 price>=500
159,9744712171833,two-stage-electric-height-adjustable-table,Two-stage electric height adjustable table,Brant Business Interiors,549.99,med,5,B-WORTH-IT,height-adjustable-tables | room-private-office | desk-top-dividers,,,+5 price>=500
160,9720842944825,u-shape-d-top-workstation,U-shape d-top workstation,Brant Business Interiors,2499.99,med,5,B-WORTH-IT,u-shape-desks | desks | all-desks,,,+5 price>=500
161,9674747117881,upscale-meeting-boardroom-tables-3-sizes-8-colours,"Upscale meeting / boardroom tables 3 sizes, 8 colours — 3 sizes",Brant Business Interiors,3038.00,med,5,B-WORTH-IT,boardroom | meeting-tables | round-square-tables,,,+5 price>=500
162,10212197105977,upscale-meeting-boardroom-tables-3-sizes-8-colours-3-sizes-copy,"Upscale meeting / boardroom tables 3 sizes, 8 colours — 3 sizes (Copy)",Brant Business Interiors,3038.00,med,5,B-WORTH-IT,boardroom | meeting-tables | all-boardroom,,,+5 price>=500
163,10182901629241,vitrola-lounge-seating-4-size-options,Vitrola lounge seating (4 size options) — 4 size,Brant Business Interiors,2109.00,med,5,B-WORTH-IT,lounge | seating | type-lounge,,,+5 price>=500
164,9676171379001,wind-lounge-seating,Wind lounge seating,Brant Business Interiors,1859.99,med,5,B-WORTH-IT,lounge | seating | type-lounge,,,+5 price>=500
165,9103363014969,workstation-96-x-50-x-29-4-person-station,"Workstation - 96"" x 50"" x 29"" (4 person station) — 96"" x 50"" x 29""",Brant Business Interiors,2099.99,med,5,B-WORTH-IT,acoustic-panels | gfg-desks | multi-person-workstations-desks,,,+5 price>=500
166,9724679127353,workway-planters,Workway planters,Brant Business Interiors,819.00,med,5,B-WORTH-IT,planters,,,+5 price>=500
167,9726645797177,u-shaped-suite-with-table-desk-72w-x-96d,"""u"" shaped suite with table desk - 72""w x 96""d — 96""",Brant Business Interiors,1857.60,low,5,B-WORTH-IT,room-open-plan | all-quiet-spaces | boardroom-conference-meeting,,,+5 price>=500
168,9893580931385,bungee-tables-rectangular-flip-top-table-spider-legs-wheels,"Bungee tables rectangular flip-top table, spider legs, wheels",Brant Business Interiors,1036.00,low,5,B-WORTH-IT,tables | type-accessories | accessories,,,+5 price>=500
169,9769344172345,craft-curve-120-degree-unit-2,Craft | curve-120 degree unit,Brant Business Interiors,399.99,low,5,B-WORTH-IT,type-lounge | otg-lounge | cafe-lounge-seating,,120,+3 price>=200; +2 model:120
170,9103475704121,desktop-riser-black-2,Desktop riser — Black,Brant Business Interiors,692.82,low,5,B-WORTH-IT,gfg-desks | all-desks | desks,,,+5 price>=500
171,9103185183033,dolly-7,Dolly,Brant Business Interiors,545.25,low,5,B-WORTH-IT,folding-stacking-chairs-carts | type-chairs | global-teknion,,,+5 price>=500
172,9103331131705,gardex-security-safe-fire-resistant-24-x-18-5-x-18-5,"Gardex security safe - fire resistant — 24"" x 18.5"" x 18.5""",Brant Business Interiors,1987.00,low,5,B-WORTH-IT,fire-resistant-file-cabinets-safes | height-adjustable-tables,,,+5 price>=500
173,9103330115897,gardex-security-safe-fire-resistant-size-29-x-21-5-x-21-5-beige,"Gardex security safe- fire resistant -size 29"" x 21.5"" x 21.5"" - beige — 29"" x 21.5"" x 21.5""",Brant Business Interiors,2189.00,low,5,B-WORTH-IT,fire-resistant-safes-storage | all-storage | gfg-storage,,,+5 price>=500
174,9820816179513,halifax-executive-suite,Halifax executive suite,Brant Business Interiors,6399.99,low,5,B-WORTH-IT,bar-height-tables | all-tables | gfg-tables,,,+5 price>=500
175,9822314070329,halifax-series,Halifax series,Brant Business Interiors,6999.99,low,5,B-WORTH-IT,bar-height-tables | all-tables | gfg-tables,,,+5 price>=500
176,9864578040121,indigenous-medicine-wheel-huddl,Indigenous medicine wheel huddl,Brant Business Interiors,6899.00,low,5,B-WORTH-IT,type-accessories | accessories | all-accessories,,,+5 price>=500
177,9746802016569,installation1000,Installation1000,Brant Business Interiors,1000.00,low,5,B-WORTH-IT,office-furniture | all-business-furniture | business-furniture,,,+5 price>=500
178,9469546103097,management-l-shaped-suite-66w-x-72d,"Management ""l"" shaped suite - 66""w x 72""d — 72""",Brant Business Interiors,1649.99,low,5,B-WORTH-IT,room-open-plan | acoustic-solutions | all-quiet-spaces,,,+5 price>=500
179,9936909893945,mobile-machine-stand-with-shelf-on-wheels,Mobile machine stand with shelf on wheels,Brant Business Interiors,899.99,low,5,B-WORTH-IT,type-accessories | accessories | all-accessories,,,+5 price>=500
180,9778549653817,momentum-series-combos-keyboard-arm-premium-quality,Momentum series combos keyboard arm (premium quality),Brant Business Interiors,563.99,low,5,B-WORTH-IT,keyboard-trays | desk-top-dividers,,,+5 price>=500
181,9729492975929,rebound-armchair-upholstered-seat-r5apug,"Rebound armchair, upholstered seat (r5apug) — R5APUG",Brant Business Interiors,389.99,low,5,B-WORTH-IT,stools-drafting-chairs | type-chairs | task-chairs,,R5APUG,+3 price>=200; +2 model:R5APUG
182,9103328969017,security-safe-fire-resistant-50-5-x-26-5-1,"Security safe fire resistant — 50.5"" x 26.5""",Brant Business Interiors,3077.00,low,5,B-WORTH-IT,fire-resistant-safes-storage | all-storage | gfg-storage,,,+5 price>=500
183,9685618884921,sidero-1,Sidero,Brant Business Interiors,939.99,low,5,B-WORTH-IT,folding-stacking-chairs-carts | type-chairs | task-chairs,,,+5 price>=500
184,9693091201337,stream-armchair-polypropylene-seat-back-2075app-1,"Stream armchair, polypropylene seat & back (2075app) — 2075APP",Brant Business Interiors,298.99,low,5,B-WORTH-IT,medium-back-seating | stools-seating | all-seating,,2075app,+3 price>=200; +2 model:2075app
185,9748322746681,teknion-byward,"Teknion ""byward""",Teknion,0.00,low,5,B-WORTH-IT,global-teknion | all-ergonomic | ergonomic-products,,,+5 premium-brand vendor
186,9748319306041,teknion-chronicle,Teknion Chronicle,Teknion,0.00,low,5,B-WORTH-IT,global-teknion,,,+5 premium-brand vendor
187,9748321435961,teknion-expansion,Teknion Expansion,Teknion,0.00,low,5,B-WORTH-IT,global-teknion | office-furniture | all-business-furniture,,,+5 premium-brand vendor
188,9702146867513,untethered-go-further-go-anywhere-by-teknion,"Teknion Untethered: go further, go anywhere by:",Teknion,0.00,low,5,B-WORTH-IT,global-teknion | room-private-office | mobile-pedestals,,,+5 premium-brand vendor
189,9729485898041,the-twilight-armchair-wood-veneer-back-2198ws,"The twilight armchair, wood veneer back (2198ws) — 2198WS",Brant Business Interiors,329.99,low,5,B-WORTH-IT,guest-seating | medium-back-seating | all-seating,,2198ws,+3 price>=200; +2 model:2198ws
190,9779950256441,vertical-fireproof-cabinets-2-3-4-drawer,"Vertical fireproof cabinets (2, 3 & 4 drawer) — 4 drawer",Brant Business Interiors,3599.99,low,5,B-WORTH-IT,vertical-file-cabinets-storage | fire-resistant-file-cabinets | lateral-file-cabinets-storage,,,+5 price>=500
191,9763504587065,wardrobe,Wardrobe,Brant Business Interiors,699.99,low,5,B-WORTH-IT,wardrobe-storage | all-storage | gfg-storage,,,+5 price>=500
192,9665685782841,vesta-power-tower,Vesta power tower,Brant Business Interiors,1679.99,none,5,B-WORTH-IT,power-modules-accessories,vesta,,+5 price>=500; +2 line:vesta; -3 thin context; +1 routing unknown
193,9665682669881,charging-station-with-a-clamp,Charging station with a clamp,Brant Business Interiors,269.99,none,4,C-MAYBE,power-modules-accessories,,,+3 price>=200; +1 routing unknown
194,10102691627321,corner-maker-2-sizes,Corner maker — 2 sizes,Brant Business Interiors,389.99,none,4,C-MAYBE,keyboard-trays | monitor-arms,,,+3 price>=200; +1 routing unknown
195,10102435873081,i-pad-holders,Ipad holders,Brant Business Interiors,249.99,none,4,C-MAYBE,air-quality-management | chair-mats | desk-top-sit-stand,,,+3 price>=200; +1 routing unknown
196,9666434138425,keyboard-tray-multi-adjustable,Keyboard tray multi adjustable,Brant Business Interiors,419.99,none,4,C-MAYBE,height-adjustable-tables | keyboard-trays,,,+3 price>=200; +1 routing unknown
197,9666433876281,keyboard-tray-multi-position,Keyboard tray multi position,Brant Business Interiors,399.99,none,4,C-MAYBE,keyboard-trays,,,+3 price>=200; +1 routing unknown
198,9693093790009,rebound-armchair-polypropylene-seat-1,"Rebound armchair, polypropylene seat",Brant Business Interiors,359.99,none,4,C-MAYBE,chair-mats | medium-back-seating | folding-chair-chair,,,+3 price>=200; +1 routing unknown
199,9700992221497,tower-charging-station-with-usb-ports-2-colour-options,Tower charging station with USB ports. 2 colour options. — 2 colour,Brant Business Interiors,450.00,none,4,C-MAYBE,bar-height-tables | metal-vertical-files | power-modules-accessories,,,+3 price>=200; +1 routing unknown
200,9943309746489,new-pneumatic-single-arm-monitor-stand,"""new"" pneumatic single-arm monitor stand",Brant Business Interiors,369.99,high,3,C-MAYBE,monitor-arms | desk-top-sit-stand | desktop-sit-stand,,,+3 price>=200
201,9698674803001,bookcase-31-5-wide-x-13-75-deep,"Bookcase 32"" wide x 14"" deep — 14""",Brant Business Interiors,349.99,high,3,C-MAYBE,bookcases,,,+3 price>=200
202,9729952809273,dual-coloured-bookcase-15-sizes-available,Dual coloured bookcase (15 sizes available) — 15 sizes,Brant Business Interiors,499.00,high,3,C-MAYBE,bookcases | all-panels | otg-panels,,,+3 price>=200
203,10197008449849,fame-high-back-weight-sensing-synchro-tilter,Fame | High Back Weight Sensing Synchro-Tilter,Brant Business Interiors,429.99,high,3,C-MAYBE,task-chairs | ergonomic-products | all-ergonomic,,,+3 price>=200
204,9963313004857,levels-bookcase,Levels bookcase,Brant Business Interiors,449.99,high,3,C-MAYBE,bookcases | office-furniture | all-business-furniture,,,+3 price>=200
205,9666759852345,lumi-high-back-synchro-tilter-chair,Lumi | high back synchro-tilter chair,Brant Business Interiors,369.99,high,3,C-MAYBE,ergonomic-products | task-chairs | all-ergonomic,,,+3 price>=200
206,9776144908601,marlee-synchro-tilter-chairs,Marlee synchro-tilter chairs,Brant Business Interiors,399.99,high,3,C-MAYBE,task-chairs | ergonomic-products | type-chairs,,,+3 price>=200
207,9834039345465,mobile-pedestal-file-file,Mobile pedestal file / file,Brant Business Interiors,458.99,high,3,C-MAYBE,pedestals | storage | fire-resistant-file-cabinets,,,+3 price>=200
208,9710311440697,sit-stand-1,Sit stand,Brant Business Interiors,449.99,high,3,C-MAYBE,desk-top-sit-stand | height-adjustable-tables | desktop-sit-stand,,,+3 price>=200
209,9039323201849,zim-synchro-tilter-chair-high-back-mesh-mesh-back-black,Zim synchro-tilter chair high back mesh mesh back,Brant Business Interiors,399.99,high,3,C-MAYBE,task-chairs | ergonomic-products | chairs,,,+3 price>=200
210,9665676181817,clamp-on-power-bar-and-usb-charging-station,Clamp-on power bar and USB charging station,Brant Business Interiors,229.99,med,3,C-MAYBE,ergonomic-products | all-ergonomic | room-private-office,,,+3 price>=200
211,9712078848313,coffee-table-seating,Coffee table & seating,Brant Business Interiors,288.00,med,3,C-MAYBE,tables | side-coffee-table | type-lounge,,,+3 price>=200
212,9673690317113,coffee-table-chrome,Coffee table — Chrome,Brant Business Interiors,329.99,med,3,C-MAYBE,tables | side-coffee-table | coffee-tables,,,+3 price>=200
213,9747448791353,comfort-time-ultra-petit-seat-multi-tilter-chair-high-back-baomvl1880g5,Comfort-time ultra petit seat multi-tilter chair high back — BAOMVL1880G5,Brant Business Interiors,419.99,med,3,C-MAYBE,task-chairs | ergonomic-products | chair-mats,,,+3 price>=200
214,9666387116345,danio-armless-height-adjustable-task-stool,Danio | armless height adjustable task stool,Brant Business Interiors,259.99,med,3,C-MAYBE,height-adjustable-tables | fire-resistant-file-cabinets,,,+3 price>=200
215,9098360783161,desk-2-drawer-48-x-24-x-29-1,"Desk - 2-drawer — 48"" x 24"" x 29""",Brant Business Interiors,429.99,med,3,C-MAYBE,desks | pedestal-drawers-storage | storage,,,+3 price>=200
216,9723829223737,desk-lamp-5-30-w-led-bulb-adjustable-metal-acrylic-desk-mountable,"Desk lamp - 5.30 w LED bulb - adjustable - metal, acrylic - desk mountable",Brant Business Interiors,259.98,med,3,C-MAYBE,desks | height-adjustable-tables | lighting,,,+3 price>=200
217,9942359015737,desk-top-dividers-1,Desk top dividers,Brant Business Interiors,399.99,med,3,C-MAYBE,desks | all-panels | otg-panels,,,+3 price>=200
218,9666433220921,dual-monitor-arm,Dual monitor arm,Brant Business Interiors,299.99,med,3,C-MAYBE,monitor-arms | desk-top-dividers | privacy-screens,,,+3 price>=200
219,9673700376889,end-table-glass-top,End table glass top,Brant Business Interiors,325.00,med,3,C-MAYBE,tables | desk-top-dividers | end-tables-tables,,,+3 price>=200
220,9673683566905,end-table-chrome,End table — Chrome,Brant Business Interiors,289.99,med,3,C-MAYBE,tables | end-tables-tables | fire-resistant-file-cabinets,,,+3 price>=200
221,9721985237305,factor-mesh-seating,Factor mesh seating,Brant Business Interiors,475.00,med,3,C-MAYBE,seating | medium-back-seating | mesh-seating,,,+3 price>=200
222,9103358984505,flip-top-table-48-x-24,"Flip-top table — 48"" x 24""",Brant Business Interiors,459.99,med,3,C-MAYBE,tables | training-flip-top-tables | gfg-storage,,,+3 price>=200
223,9103180136761,folding-table-60-4,Folding chair,Brant Business Interiors,399.99,med,3,C-MAYBE,chairs | folding-stacking-chairs-carts | medium-back-seating,,,+3 price>=200
224,9103179972921,folding-table-8,Folding table,Brant Business Interiors,285.89,med,3,C-MAYBE,tables | all-storage | gfg-storage,,,+3 price>=200
225,9103178924345,folding-table-60-x-30-1,"Folding table — 60"" x 30""",Brant Business Interiors,246.90,med,3,C-MAYBE,tables | all-storage | gfg-storage,,,+3 price>=200
226,9725748478265,gaming-chair,Gaming chair,Brant Business Interiors,499.99,med,3,C-MAYBE,gaming | chairs | medium-back-seating,,,+3 price>=200
227,9664277971257,high-back-tilter-with-arms,High back tilter with arms,Brant Business Interiors,399.99,med,3,C-MAYBE,task-chairs | ergonomic-products | medium-back-seating,,,+3 price>=200
228,9666435449145,jax-keyboard-tray,Jax keyboard tray,Brant Business Interiors,495.00,med,3,C-MAYBE,desk-top-sit-stand | desktop-sit-stand | sit-stand-workstations,,,+3 price>=200
229,9841866506553,jax-sit-to-stand,Jax sit to stand,Brant Business Interiors,449.99,med,3,C-MAYBE,desk-top-sit-stand | ergonomic-products | all-ergonomic,,,+3 price>=200
230,9800598552889,laminate-modesty-panels,Laminate modesty panels,Brant Business Interiors,239.00,med,3,C-MAYBE,acoustic-panels | all-panels | otg-panels,,,+3 price>=200
231,9689001951545,oci-platinum-monitor-arms,Oci platinum monitor arms,Brant Business Interiors,425.00,med,3,C-MAYBE,monitor-arms | privacy-screens | desk-top-dividers,,,+3 price>=200
232,10196145045817,part-time-task-chair-with-height-adjustable-arms-mvl,Part-Time | Task Chair with Height Adjustable Arms MVL,Brant Business Interiors,279.99,med,3,C-MAYBE,task-chairs | ergonomic-products | all-ergonomic,,,+3 price>=200
233,9800589377849,plexiglass-modesty-panels,Plexiglass modesty panels,Brant Business Interiors,239.99,med,3,C-MAYBE,acoustic-panels | all-panels | otg-panels,,,+3 price>=200
234,9698778710329,power-station-with-3-outlets-and-2-usb,Power station with 3 outlets and 2 USB,Brant Business Interiors,425.00,med,3,C-MAYBE,meeting-tables | all-desks | desks,,,+3 price>=200
235,9103337423161,round-table-x-base-5,Round table - x-base,Brant Business Interiors,399.99,med,3,C-MAYBE,tables | bases | round-square-tables,,,+3 price>=200
236,10128782164281,round-table-29-high-8-colours,"Round table 29"" high (8 colours) — 8 colours",Brant Business Interiors,499.99,med,3,C-MAYBE,tables | round-square-tables | desk-top-dividers,,,+3 price>=200
237,9680085844281,round-table-29-high,"Round table 29"" high — 29""",Brant Business Interiors,389.00,med,3,C-MAYBE,tables | desk-top-dividers | metal-vertical-files,,,+3 price>=200
238,9673698214201,round-table-glass-top-1,Round table glass top,Brant Business Interiors,325.00,med,3,C-MAYBE,tables | desk-top-dividers | metal-vertical-files,,,+3 price>=200
239,9666758738233,six-13-medium-back-multi-tilter,Six 13 | medium back multi-tilter,Brant Business Interiors,339.99,med,3,C-MAYBE,task-chairs | ergonomic-products | medium-back-seating,,,+3 price>=200
240,9688274895161,soho-desk-single-pedestal-2-sizes,Soho desk single pedestal — 2 sizes,Brant Business Interiors,499.99,med,3,C-MAYBE,desks | pedestal-drawers-storage | storage,,,+3 price>=200
241,9778210931001,sonic-bar-stools-for-42-high-tables,"Sonic bar stools for 42"" high tables — 42""",Brant Business Interiors,323.00,med,3,C-MAYBE,stools | bar-height-tables | meeting-conference-room-tables,,,+3 price>=200
242,9667787161913,stacking-chair-sas-10-plus-colours,Stacking chair sas (10 plus colours),Brant Business Interiors,259.99,med,3,C-MAYBE,chairs | folding-stacking-chairs-carts | reception-side-guest-chairs,,,+3 price>=200
243,9114131923257,table-18x28,"Table — 18""x28""",Brant Business Interiors,354.59,med,3,C-MAYBE,tables | gfg-desks | office-suites-desks,,,+3 price>=200
244,9113895928121,table-29-x-28-3,"Table — 29"" x 28""",Brant Business Interiors,350.19,med,3,C-MAYBE,tables | cafeteria-breakroom-tables | gfg-tables,,,+3 price>=200
245,9666433515833,triple-monitor-arm,Triple monitor arm,Brant Business Interiors,329.99,med,3,C-MAYBE,monitor-arms | desk-top-dividers | privacy-screens,,,+3 price>=200
246,9683134611769,ultima-adjustable-stool,Ultima adjustable stool,Brant Business Interiors,388.99,med,3,C-MAYBE,stools | all-quiet-spaces | height-adjustable-tables,,,+3 price>=200
247,10192184049977,ultra-guest-chair,Ultra guest chair,Brant Business Interiors,399.99,med,3,C-MAYBE,chairs | medium-back-seating | guest-seating,,,+3 price>=200
248,9725750247737,xplorer-51-gaming-chair,Xplorer 51 gaming chair,Brant Business Interiors,369.99,med,3,C-MAYBE,gaming | chairs | medium-back-seating,,,+3 price>=200
249,9776145465657,yoho-task-chairs,Yoho task chairs,Brant Business Interiors,289.99,med,3,C-MAYBE,chairs | task-chairs | type-chairs,,,+3 price>=200
250,9099975065913,carpeted-floor-60x-46,"Carpeted floor — 60""x 46""",Brant Business Interiors,219.99,low,3,C-MAYBE,chair-mats | room-private-office | big-heavy-seating,,,+3 price>=200
251,9712096084281,craft-cube-square-unit,Craft cube | square unit,Brant Business Interiors,229.99,low,3,C-MAYBE,type-lounge | otg-lounge | cafe-lounge-seating,,,+3 price>=200
252,9103347024185,craft-wedge-overtable-chrome-leg-1,Craft wedge overtable chrome leg,Brant Business Interiors,288.00,low,3,C-MAYBE,cafeteria-breakroom-tables | gfg-tables | type-lounge,,,+3 price>=200
253,9769341550905,craft-rectangle-unit-1,Craft | rectangle unit,Brant Business Interiors,319.99,low,3,C-MAYBE,type-lounge | otg-lounge | cafe-lounge-seating,,,+3 price>=200
254,9769342763321,craft-round-20-unit,"Craft | round 20"" unit — 20""",Brant Business Interiors,269.99,low,3,C-MAYBE,type-lounge | otg-lounge | cafe-lounge-seating,,,+3 price>=200
255,9769341485369,craft-wedge-unit,Craft | wedge unit,Brant Business Interiors,229.99,low,3,C-MAYBE,type-lounge | otg-lounge | cafe-lounge-seating,,,+3 price>=200
256,9103169388857,electronic-lock-business-safes,Electronic lock business safes,Brant Business Interiors,416.89,low,3,C-MAYBE,fire-resistant-file-cabinets-safes | all-business-furniture | business-furniture,,,+3 price>=200
257,9103460696377,file-buddy-swivel-stool-black-vinyl,File buddy swivel stool black — Vinyl,Brant Business Interiors,229.99,low,3,C-MAYBE,stools-drafting-chairs | gfg-storage | all-storage,,,+3 price>=200
258,9667825598777,gas-lift-monitor-riser,Gas lift monitor riser,Brant Business Interiors,434.33,low,3,C-MAYBE,desk-top-dividers | monitor-arms | standing-tables,,,+3 price>=200
259,9769338798393,half-round-40-unit,"Half round 40"" unit — 40""",Brant Business Interiors,329.99,low,3,C-MAYBE,type-lounge | otg-lounge | cafe-lounge-seating,,,+3 price>=200
260,9098369335609,polycarbonate-chairmat-for-hard-floors-hard-floor-60x-46-1,"Polycarbonate chairmat for hard floors - hard floor — 60""x 46""",Brant Business Interiors,229.99,low,3,C-MAYBE,chair-mats | big-heavy-seating | chairmat-accessories,,,+3 price>=200
261,9103180366137,safe-digital-fire-water-file,Safe digital fire/water file,Brant Business Interiors,401.19,low,3,C-MAYBE,fire-resistant-file-cabinets-safes | lateral-file-cabinets-storage | vertical-file-cabinets-storage,,,+3 price>=200
262,9103180693817,safe-small-security-safe-with-electronic-lock-8-7-x-13-8-x-10-6-3,"Safe small security safe with electronic lock — 8.7"" x 13.8"" x 10.6""",Brant Business Interiors,239.99,low,3,C-MAYBE,fire-resistant-safes-storage | all-storage | gfg-storage,,,+3 price>=200
263,9693069377849,lectern-podium,Lectern podium,Brant Business Interiors,699.99,none,3,C-MAYBE,mobile-pedestals,,,+5 price>=500; -3 thin context; +1 routing unknown
264,9754654245177,shoptech-2410,Shoptech — 2410,Brant Business Interiors,579.00,none,3,C-MAYBE,big-heavy-seating | height-adjustable-tables | medium-back-seating,,2410,+5 price>=500; +2 model:2410; -5 parts/accessory; +1 routing unknown
265,9722802536761,wardrobe-with-lock,Wardrobe with lock,Brant Business Interiors,1299.99,none,3,C-MAYBE,wardrobe-storage,,,+5 price>=500; -3 thin context; +1 routing unknown
266,9722789822777,credenza-sliding-doors,Credenza sliding doors,Brant Business Interiors,1599.99,high,2,C-MAYBE,credenzas | storage | height-adjustable-tables,,,+5 price>=500; -3 thin context
267,9693064692025,credenza-60x20,"Credenza — 60""x20""",Brant Business Interiors,1299.99,high,2,C-MAYBE,credenzas | storage,,,+5 price>=500; -3 thin context
268,9455162884409,desk-double-pedestal,Desk double pedestal,Brant Business Interiors,1399.00,high,2,C-MAYBE,pedestals | desks | storage,,,+5 price>=500; -3 thin context
269,9666753855801,loover-high-back-synchro-tilter,Loover high back synchro tilter,Brant Business Interiors,649.99,high,2,C-MAYBE,task-chairs | ergonomic-products | executive-seating,loover,,+5 price>=500; +2 line:loover; -5 parts/accessory
270,9666754675001,loover-medium-back-synchro-tilter-chair,Loover medium back synchro tilter chair,Brant Business Interiors,659.99,high,2,C-MAYBE,task-chairs | ergonomic-products | executive-seating,loover,,+5 price>=500; +2 line:loover; -5 parts/accessory
271,9693098705209,flap-folding-chair-6775-1,Flap folding chair (6775) — 6775,Brant Business Interiors,189.99,med,2,C-MAYBE,chairs | all-quiet-spaces | folding-stacking-chairs-carts,,6775,+2 model:6775
272,9943316529465,laptop-holder-for-100-ma1c-100-ma2c-monitor-arms,Laptop holder for 100-MA1C & 100-MA2C monitor arms only,Brant Business Interiors,89.99,med,2,C-MAYBE,monitor-arms | all-desks | desks,,100-,+2 model:100-
273,9693070721337,lectern-storage-stand,Lectern storage stand,Brant Business Interiors,1780.00,med,2,C-MAYBE,storage | all-storage | gfg-storage,,,+5 price>=500; -3 thin context
274,9667777626425,stacking-chair-popcorn-6711,Stacking chair popcorn — 6711,Brant Business Interiors,159.99,med,2,C-MAYBE,chairs | folding-stacking-chairs-carts | monitor-arms,,6711,+2 model:6711
275,9722804863289,storage-wardrobe-unit,Storage wardrobe unit,Brant Business Interiors,1249.99,med,2,C-MAYBE,storage | wardrobe-storage | all-storage,,,+5 price>=500; -3 thin context
276,9748327694649,teknion-ac-boardroom,"Teknion ""ac boardroom""",Teknion,0.00,med,2,C-MAYBE,boardroom | global-teknion | all-boardroom,,,+5 premium-brand vendor; -3 thin context
277,10043552071993,sonic-armchair-polypropylene-seat-back-6513,"Sonic armchair, polypropylene seat & back (6513) — 6513",Brant Business Interiors,199.99,low,2,C-MAYBE,guest-seating | lecture-hall-seating | medium-back-seating,,6513,+2 model:6513
278,10102429090105,corner-maker-12,Corner maker — 12,Brant Business Interiors,175.99,none,1,C-MAYBE,height-adjustable-tables | keyboard-trays,,,+1 routing unknown
279,9682813813049,diet,Diet,Brant Business Interiors,0.00,none,1,C-MAYBE,,,,+1 routing unknown
280,9666436006201,easy-pull-in-out-keyboard-tray,Easy pull in & out keyboard tray,Brant Business Interiors,145.99,none,1,C-MAYBE,keyboard-trays,,,+1 routing unknown
281,9828101783865,ganging-plates-for-terina-tables-gfcngfp,Ganging plates for terina tables gfcngfp,Brant Business Interiors,25.00,none,1,C-MAYBE,all-tables | gfg-tables | heartwood-tables,,,+1 routing unknown
282,9795588981049,hutch-5-sizes,Hutch — 5 sizes,Brant Business Interiors,499.99,none,1,C-MAYBE,laminate-bookcases,,,+3 price>=200; -3 thin context; +1 routing unknown
283,9842388468025,power-plant-500222pp90-daisychaining,Power plant 500222PP90 daisychaining,Brant Business Interiors,149.99,none,1,C-MAYBE,all-desks | desks | gfg-desks,,,+1 routing unknown
284,9676931498297,recycled-plastic-picnic-tables,Recycled plastic picnic tables,Brant Business Interiors,2655.00,none,1,C-MAYBE,all-tables | gfg-tables | heartwood-tables,,,+5 price>=500; -5 parts/accessory; +1 routing unknown
285,9754654933305,shoptech-082,Shoptech — 082,Brant Business Interiors,345.00,none,1,C-MAYBE,big-heavy-seating | medium-back-seating,,082,+3 price>=200; +2 model:082; -5 parts/accessory; +1 routing unknown
286,10046412554553,solid-steel-shelving-starter-set,"Solid steel shelving, starter set",Brant Business Interiors,0.00,none,1,C-MAYBE,acoustic-solutions | all-storage | gfg-storage,,,+1 routing unknown
287,9723869462841,sphere-power,Sphere power,Brant Business Interiors,150.00,none,1,C-MAYBE,power-modules-accessories,,,+1 routing unknown
288,9832764408121,hardware-for-ceiling-tiles,Hardware for ceiling tiles,Brant Business Interiors,99.99,high,0,D-SKIP,acoustic-panels | panels-room-dividers | room-dividers-panels-dividers,,,
289,9788567388473,mobile-pedestal-digital-lock,Mobile pedestal & digital lock,Brant Business Interiors,599.99,high,0,D-SKIP,pedestals | storage | mobile-pedestals,,,+5 price>=500; -5 parts/accessory
290,9676929270073,banquet-chair-stacking,Banquet chair stacking,Brant Business Interiors,119.99,med,0,D-SKIP,chairs | folding-stacking-chairs-carts | medium-back-seating,,,
291,9699892035897,canopy-seating,Canopy seating,Brant Business Interiors,0.00,med,0,D-SKIP,seating | acoustic-panels | all-business-furniture,,,
292,10029504528697,cord-cover,Cord cover snake,Brant Business Interiors,99.99,med,0,D-SKIP,height-adjustable-tables | air-quality-management,,,
293,10008720867641,custom-reception-unit-accessories,Custom reception unit & accessories,Brant Business Interiors,0.00,med,0,D-SKIP,type-accessories | accessories | all-accessories,,,
294,9723863007545,desk-power-grommet,Desk power grommet,Brant Business Interiors,150.99,med,0,D-SKIP,desks | ergonomic-products | all-ergonomic,,,
295,9884899213625,desk-shells,Desk shells,Brant Business Interiors,499.99,med,0,D-SKIP,desks,,,+3 price>=200; -3 thin context
296,9098388799801,door-32-x-32-1,"Door — 32"" x 32""",Brant Business Interiors,179.99,med,0,D-SKIP,bookcases | office-furniture | all-business-furniture,,,
297,9665634435385,ionic-feet-1-pair,Ionic feet (1 pair),Brant Business Interiors,149.99,med,0,D-SKIP,acoustic-panels | otg-panels | all-panels,,,
298,9723832435001,led-desk-lamp-with-usb-and-night-light,LED desk lamp with USB and night light,Brant Business Interiors,139.59,med,0,D-SKIP,desks,,,
299,9723830337849,led-desk-lamp-with-wireless-charger-led,LED desk lamp with wireless charger - LED,Brant Business Interiors,134.20,med,0,D-SKIP,desks,,,
300,9788589900089,lateral-file-wood-laminate-2-3-4-drawer-options,"Lateral file wood laminate (2, 3 & 4 drawer options) — 4 drawer",Brant Business Interiors,1299.69,med,0,D-SKIP,lateral-file-cabinets-storage | fire-resistant-file-cabinets | laminate-bookcases,,,+5 price>=500; -5 parts/accessory
301,9851749335353,monitor-arms,Monitor arms,Brant Business Interiors,199.99,med,0,D-SKIP,monitor-arms | ergonomic-products | all-ergonomic,,,
302,9693105062201,privacy-desk-top-dividers,Privacy desk top dividers,Brant Business Interiors,185.00,med,0,D-SKIP,desk-top-dividers | privacy-screens | all-panels,,,
303,9683645563193,ryno-patio-furniture-waterproof-polyethylene,Ryno patio furniture waterproof polyethylene,Brant Business Interiors,0.00,med,0,D-SKIP,furniture | all-business-furniture | business-furniture,,,
304,9693091889465,stream-armless-chair-polypropylene-seat-back-2075app,"Stream armless chair, polypropylene seat & back — 2075APP",Brant Business Interiors,299.99,med,0,D-SKIP,chairs | task-chairs | lounge-chairs-seating,,2075APP,+3 price>=200; +2 model:2075APP; -5 parts/accessory
305,9103184265529,coat-tree-hook-stand-1,Coat tree hook stand,Brant Business Interiors,179.99,low,0,D-SKIP,desk-top-sit-stand-ergonomic-products | all-ergonomic | ergonomic-products,,,
306,9720592138553,factor-mesh-back-armchair-casters-5545amc-1,"Factor mesh back armchair, casters (5545amc) — 5545AMC",Brant Business Interiors,429.99,low,0,D-SKIP,type-accessories | accessories | all-accessories,,5545amc,+3 price>=200; +2 model:5545amc; -5 parts/accessory
307,9103186002233,floor-chairmat-carpet-hard-floor-60-x-46,"Floor chairmat carpet, hard floor — 60"" x 46""",Brant Business Interiors,169.99,low,0,D-SKIP,chair-mats | chairmat-accessories | folding-chair-chair,,,
308,9963964367161,follower-block-mvlfb,Follower block mvlfb,Brant Business Interiors,29.00,low,0,D-SKIP,metal-vertical-files | vertical-file-cabinets-storage | fire-resistant-file-cabinets,,,
309,9683089654073,pod-phone-booths,Pod phone booths,Brant Business Interiors,0.00,low,0,D-SKIP,room-open-plan | all-ergonomic | ergonomic-products,,,
310,9764262936889,premium-plinth-cylinder-table-recessed-base-2,"Premium plinth cylinder table, recessed base",Brant Business Interiors,779.99,low,0,D-SKIP,height-adjustable-tables | all-tables | gfg-tables,,,+5 price>=500; -5 parts/accessory
311,9945372459321,sonic-armchair-upholstered-seat-polypropylene-back-casters-6574,"Sonic armchair, upholstered seat & polypropylene back, casters (6574) — 6574",Brant Business Interiors,296.99,low,0,D-SKIP,type-accessories | accessories | all-accessories,,6574,+3 price>=200; +2 model:6574; -5 parts/accessory
312,9683498795321,sonoma,Sonoma,Brant Business Interiors,0.00,low,0,D-SKIP,focus-rooms | all-business-furniture | business-furniture,,,
313,9747771719993,the-corby-collection,The corby collection,Brant Business Interiors,0.00,low,0,D-SKIP,height-adjustable-tables-desks | all-desks | type-desks,,,
314,9728150241593,tucana-elite-training-nesting-tables,Tucana elite training nesting tables,Brant Business Interiors,529.99,low,0,D-SKIP,training-flip-top-tables | all-storage | gfg-storage,,,+5 price>=500; -5 parts/accessory
315,9776149299513,basics-comfort-time-drafting-stool-with-or-without-arms-1,Basics comfort-time drafting stool (with or without arms),Brant Business Interiors,399.99,none,-1,D-SKIP,chair-mats | drafting-tables | height-adjustable-tables,,,+3 price>=200; -5 parts/accessory; +1 routing unknown
316,9874945835321,metal-round-metal-base,Metal round metal base,Brant Business Interiors,369.99,none,-1,D-SKIP,big-heavy-seating | desk-top-dividers | height-adjustable-tables,,,+3 price>=200; -5 parts/accessory; +1 routing unknown
317,9874949079353,metal-square-metal-base,Metal square metal base,Brant Business Interiors,369.99,none,-1,D-SKIP,big-heavy-seating | desk-top-dividers | height-adjustable-tables,,,+3 price>=200; -5 parts/accessory; +1 routing unknown
318,10158668710201,demeter-mid-back-ergonomic-chair-buyers-choice-award,"Demeter mid back ergonomic chair ""buyers choice award""",Brant Business Interiors,469.99,med,-2,D-SKIP,ergonomic-products | all-ergonomic | chair-mats,,,+3 price>=200; -5 parts/accessory
319,10107361100089,folding-chair-cart,Folding chair cart,Brant Business Interiors,299.99,med,-2,D-SKIP,chairs | folding-stacking-chairs-carts | type-chairs,,,+3 price>=200; -5 parts/accessory
320,10084137697593,lateral-file-used-5-drawer-beige-nevada,Lateral file (used) 5 drawer beige nevada — 5 drawer,Brant Business Interiors,329.99,med,-2,D-SKIP,lateral-file-cabinets-storage | room-open-plan | fire-resistant-file-cabinets,,,+3 price>=200; -5 parts/accessory
321,9874943738169,metal-cross-base-with-levelers,Metal cross base with levelers,Brant Business Interiors,369.99,med,-2,D-SKIP,bases | big-heavy-seating | desk-top-dividers,,,+3 price>=200; -5 parts/accessory
322,9968003612985,round-metal-base,Round metal base,Brant Business Interiors,369.99,med,-2,D-SKIP,bases | big-heavy-seating | desk-top-dividers,,,+3 price>=200; -5 parts/accessory
323,9841829478713,round-table-cross-base-8-colours,Round table cross base — 8 colours,Brant Business Interiors,499.99,med,-2,D-SKIP,tables | height-adjustable-tables | round-square-tables,,,+3 price>=200; -5 parts/accessory
324,10085804048697,table-tops,Table tops (17 shapes & sizes),Brant Business Interiors,475.00,med,-2,D-SKIP,tables | side-coffee-table | table-bases,,,+3 price>=200; -5 parts/accessory
325,9826724872505,work-table-at,Work table at,Brant Business Interiors,499.99,med,-2,D-SKIP,tables | desk-top-dividers | laminate-bookcases,,,+3 price>=200; -5 parts/accessory
326,9666387476793,yoho-armless-drafting-task-chair-stool,Yoho | armless drafting task chair stool,Brant Business Interiors,369.99,med,-2,D-SKIP,task-chairs | chair-mats | medium-back-seating,,,+3 price>=200; -5 parts/accessory
327,9968013639993,fax-printer-machine-stand,"Fax, printer, machine stand",Brant Business Interiors,418.00,low,-2,D-SKIP,mobile-storage | all-storage | gfg-storage,,,+3 price>=200; -5 parts/accessory
328,9100256477497,l-shaped-medium-pile-chair-mat-with-lip-66-x-60-2,"L-shaped medium pile chair mat with lip — 66"" x 60""",Brant Business Interiors,219.99,low,-2,D-SKIP,chair-mats | room-private-office | medium-back-seating,,,+3 price>=200; -5 parts/accessory
329,10030448312633,white-board-magnetic-mobile-on-wheels,White board magnetic (mobile) on wheels,Brant Business Interiors,499.99,low,-2,D-SKIP,type-accessories | accessories | all-accessories,,,+3 price>=200; -5 parts/accessory
330,9682812207417,boulevard-system-3,Boulevard system 3,Brant Business Interiors,0.00,none,-2,D-SKIP,,,,-3 thin context; +1 routing unknown
331,10085789335865,grommet-hole-cover,Grommet hole & cover,Brant Business Interiors,175.00,none,-2,D-SKIP,,,,-3 thin context; +1 routing unknown
332,9960567046457,keys-2-set,Keys 2/set,Brant Business Interiors,25.00,none,-2,D-SKIP,global-teknion | gfg-desks | fire-resistant-file-cabinets,,,-3 thin context; +1 routing unknown
333,9763429646649,credenza-lflf-1,Credenza lflf,Brant Business Interiors,1399.99,high,-3,D-SKIP,credenzas | lateral-file-cabinets-storage | storage,,,+5 price>=500; -3 thin context; -5 parts/accessory
334,9763460579641,credenza-lfmsu,Credenza lfmsu,Brant Business Interiors,1399.99,high,-3,D-SKIP,credenzas | lateral-file-cabinets-storage | storage,,,+5 price>=500; -3 thin context; -5 parts/accessory
335,9667781034297,stacking-chair-sonic-6508,Stacking chair sonic — 6508,Brant Business Interiors,141.77,med,-3,D-SKIP,chairs | task-chairs | guest-seating,,6508,+2 model:6508; -5 parts/accessory
336,10023161004345,arm-caps-for-2330-chair,Arm caps for 2330 chair,Brant Business Interiors,25.00,low,-3,D-SKIP,type-accessories | accessories | all-accessories,,2330,+2 model:2330; -5 parts/accessory
337,10102505341241,coat-tree,Coat tree,Brant Business Interiors,186.00,none,-7,D-SKIP,,,,-3 thin context; -5 parts/accessory; +1 routing unknown
338,9766928220473,hardfloor-casters,Hardfloor casters,Brant Business Interiors,39.99,low,-8,D-SKIP,type-accessories | accessories | all-accessories,,,-3 thin context; -5 parts/accessory
