slot_id,source,new_src,width,height,new_uri
seating-hero,upgrade,https://cdn.shopify.com/s/files/1/0859/0413/0361/files/8E4LI2VFy_gh2Z0o1Iigv_aa54c50065904a55832143043e6af4de.jpg?v=1777596912,1024,1024,shopify://shop_images/bbi-coll-img-seating-hero-v4.jpg
seating-tile-office-chairs,upgrade,https://cdn.shopify.com/s/files/1/0859/0413/0361/files/office-central-brant-business-interiors-black-mvl2786-yoho-armless-low-back-task-chair-43286138061113.png?v=1759098282,624,624,shopify://shop_images/bbi-coll-img-seating-tile-office-chairs-v4.jpg
seating-tile-guest-seating,keep,https://cdn.shopify.com/s/files/1/0859/0413/0361/files/Sidero-Guest-Chair-28-Colour-Options-Business-Interiors-16732543.jpg?v=1750121450,794,794,shopify://shop_images/bbi-coll-img-seating-tile-guest-seating-v4.jpg
seating-tile-training,keep,https://cdn.shopify.com/s/files/1/0859/0413/0361/files/Screenshot2025-11-18180027.png?v=1767457390,422,422,shopify://shop_images/bbi-coll-img-seating-tile-training-v4.jpg
seating-tile-stools,upgrade,https://cdn.shopify.com/s/files/1/0859/0413/0361/files/fZmAbUMGrZhb4i06lu_wv_544cbb921a03445caaaa3b6efa4d88d5.jpg?v=1777759831,1024,1024,shopify://shop_images/bbi-coll-img-seating-tile-stools-v4.jpg
seating-tile-lounge,upgrade,https://cdn.shopify.com/s/files/1/0859/0413/0361/files/Screenshot_2025-10-07_105910.png?v=1767457392,1084,1084,shopify://shop_images/bbi-coll-img-seating-tile-lounge-v4.jpg
seating-tile-outdoor,upgrade,https://cdn.shopify.com/s/files/1/0859/0413/0361/files/jcT0oZzZeoGJ0Or3WTwTd_5dbcb5a2cb934a02a63540081f693b3f.jpg?v=1777925302,1024,1024,shopify://shop_images/bbi-coll-img-seating-tile-outdoor-v4.jpg
desks-hero,upgrade,https://cdn.shopify.com/s/files/1/0859/0413/0361/files/Ys0LrKaBlyet_QC54T4QI_9f7995e23bef4a6fa12b1e15b841833a.jpg?v=1777641886,1024,1024,shopify://shop_images/bbi-coll-img-desks-hero-v4.jpg
desks-tile-height-adjustable,upgrade,https://cdn.shopify.com/s/files/1/0859/0413/0361/files/Ys0LrKaBlyet_QC54T4QI_9f7995e23bef4a6fa12b1e15b841833a.jpg?v=1777641886,1024,1024,shopify://shop_images/bbi-coll-img-desks-tile-height-adjustable-v4.jpg
desks-tile-l-shape,upgrade,https://cdn.shopify.com/s/files/1/0859/0413/0361/files/NIL9qH3ifo8Par-X_cJrZ_fd6e2d4d9abe4d20b63981b9e76a956f.jpg?v=1777759896,1024,1024,shopify://shop_images/bbi-coll-img-desks-tile-l-shape-v4.jpg
desks-tile-straight,upgrade,https://cdn.shopify.com/s/files/1/0859/0413/0361/files/WT9vtctmbJa0koaYDdHId_eec7ffef07ff4729b3d338b0190203d3_971c5a95-1619-4d66-82ff-befd294c74a0.jpg?v=1777594304,1024,1024,shopify://shop_images/bbi-coll-img-desks-tile-straight-v4.jpg
desks-tile-reception,upgrade,https://cdn.shopify.com/s/files/1/0859/0413/0361/files/l2TJPkVKewiDeca8xkGMo_bfb274e18198482782538515114db4d0.jpg?v=1777922549,1024,1024,shopify://shop_images/bbi-coll-img-desks-tile-reception-v4.jpg
desks-tile-computer,upgrade,https://cdn.shopify.com/s/files/1/0859/0413/0361/files/Screenshot_2026-04-09_100143.png?v=1775743318,1036,296,shopify://shop_images/bbi-coll-img-desks-tile-computer-v4.jpg
desks-tile-executive-desks,keep,https://cdn.shopify.com/s/files/1/0859/0413/0361/files/iof-default-title-the-corporate-office-suite-43464249049401.png?v=1759098308,631,631,shopify://shop_images/bbi-coll-img-desks-tile-executive-desks-v4.jpg
tables-hero,hand-picked,https://cdn.shopify.com/s/files/1/0859/0413/0361/files/f7Nlm_N2esQSHyNdgO2KA_1ceb8412ab0f433582acd3e5b8863da7.jpg?v=1777666993,1024,1024,shopify://shop_images/bbi-coll-img-tables-hero-v4.jpg
tables-tile-conference-tables,upgrade,https://cdn.shopify.com/s/files/1/0859/0413/0361/files/ymt-8Qnf8PpZPLhFfb-qD_33e2db2ac1ae4101aa9dc926d57ddcd1.jpg?v=1777525521,1024,1024,shopify://shop_images/bbi-coll-img-tables-tile-conference-tables-v4.jpg
tables-tile-training-tables,upgrade,https://cdn.shopify.com/s/files/1/0859/0413/0361/files/lK2uGPQOmuH0xm-CEe6k7_6225154fd769492e9652ebebd171f40c.jpg?v=1777598605,1024,1024,shopify://shop_images/bbi-coll-img-tables-tile-training-tables-v4.jpg
tables-tile-height-adjustable-tables,upgrade,https://cdn.shopify.com/s/files/1/0859/0413/0361/files/Ys0LrKaBlyet_QC54T4QI_9f7995e23bef4a6fa12b1e15b841833a.jpg?v=1777641886,1024,1024,shopify://shop_images/bbi-coll-img-tables-tile-height-adjustable-tables-v4.jpg
tables-tile-collaborative,upgrade,https://cdn.shopify.com/s/files/1/0859/0413/0361/files/TYST_TlMfoPSsb_BvJ7WV_2ec98e725ada4dbfa138eb70413b96c2.jpg?v=1777922592,1024,1024,shopify://shop_images/bbi-coll-img-tables-tile-collaborative-v4.jpg
storage-hero,upgrade,https://cdn.shopify.com/s/files/1/0859/0413/0361/files/kerNEHsoHpAgG-6plQz89_6cdc84a264e84227b3ebbb734502b0e7.jpg?v=1777925315,1024,1024,shopify://shop_images/bbi-coll-img-storage-hero-v4.jpg
storage-tile-lateral-files,upgrade,https://cdn.shopify.com/s/files/1/0859/0413/0361/files/Pxi3acDa8kXpAnf60l687_fb1b2a7f882747e282dd3ea993228069.jpg?v=1777525610,1024,1024,shopify://shop_images/bbi-coll-img-storage-tile-lateral-files-v4.jpg
storage-tile-vertical-files,keep,https://cdn.shopify.com/s/files/1/0859/0413/0361/files/Vertical-File-2-Drawer-Letter-Business-Interiors-16748673.png?v=1750124872,498,498,shopify://shop_images/bbi-coll-img-storage-tile-vertical-files-v4.jpg
storage-tile-pedestals,upgrade,https://cdn.shopify.com/s/files/1/0859/0413/0361/files/SO9EXZgYOSUx728215zhs_966efa0e0c0c48c8ac6a4061bf8a98fb.jpg?v=1777925267,1024,1024,shopify://shop_images/bbi-coll-img-storage-tile-pedestals-v4.jpg
storage-tile-storage-cabinets,upgrade,https://cdn.shopify.com/s/files/1/0859/0413/0361/files/39t6kOJtgJAE-ninxDIVO_a1430c9245f04b24b0772450014509d3_18cb8ffd-d957-4249-9eaa-251e09a710d4.jpg?v=1777594245,1024,1024,shopify://shop_images/bbi-coll-img-storage-tile-storage-cabinets-v4.jpg
storage-tile-bookcases,upgrade,https://cdn.shopify.com/s/files/1/0859/0413/0361/files/8uOoTjmNLaPZY-BOO4PNT_4adcb219ef964a089627c44dd6baf348_26e9b850-d7f3-48d8-95bc-424d544dde6c.jpg?v=1777604383,1024,1024,shopify://shop_images/bbi-coll-img-storage-tile-bookcases-v4.jpg
storage-tile-lockers,upgrade,https://cdn.shopify.com/s/files/1/0859/0413/0361/files/WypqOHC9fXTAjVtCgJzUm_28f6358a2c9349988d270c9bf6b2d383.jpg?v=1777641908,1024,1024,shopify://shop_images/bbi-coll-img-storage-tile-lockers-v4.jpg
storage-tile-credenzas,upgrade,https://cdn.shopify.com/s/files/1/0859/0413/0361/files/6PkuYt9sZ4sfgjQH0pWcv_a6386902e95b452a9da54ea470a339e0.jpg?v=1777669245,1024,1024,shopify://shop_images/bbi-coll-img-storage-tile-credenzas-v4.jpg
storage-tile-wardrobe,upgrade,https://cdn.shopify.com/s/files/1/0859/0413/0361/files/4rxacQagU2AFtq1NhAMpJ_6cc5e99cf8b6423d8c14fb0344de1632.jpg?v=1777525529,1024,1024,shopify://shop_images/bbi-coll-img-storage-tile-wardrobe-v4.jpg
boardroom-hero,hand-picked,https://cdn.shopify.com/s/files/1/0859/0413/0361/files/Screenshot2026-05-23141700.png?v=1779560342,658,352,shopify://shop_images/bbi-coll-img-boardroom-hero-v4.jpg
boardroom-tile-boardroom-tables,upgrade,https://cdn.shopify.com/s/files/1/0859/0413/0361/files/ymt-8Qnf8PpZPLhFfb-qD_33e2db2ac1ae4101aa9dc926d57ddcd1.jpg?v=1777525521,1024,1024,shopify://shop_images/bbi-coll-img-boardroom-tile-boardroom-tables-v4.jpg
boardroom-tile-boardroom-storage,upgrade,https://cdn.shopify.com/s/files/1/0859/0413/0361/files/6PkuYt9sZ4sfgjQH0pWcv_a6386902e95b452a9da54ea470a339e0.jpg?v=1777669245,1024,1024,shopify://shop_images/bbi-coll-img-boardroom-tile-boardroom-storage-v4.jpg
boardroom-tile-av-furniture,upgrade,https://cdn.shopify.com/s/files/1/0859/0413/0361/files/luvd7Vt-pC0op8X7r4dfC_7118e0887575453dbe487e7393575e58.jpg?v=1777666987,1024,1024,shopify://shop_images/bbi-coll-img-boardroom-tile-av-furniture-v4.jpg
accessories-hero,upgrade,https://cdn.shopify.com/s/files/1/0859/0413/0361/files/X5BGEHsPpmZZLUdtKFEhV_3bc2fa05e0a24005bd38587352926a4c_d8db26c3-74d7-40b7-ae1d-03ec85b833d1.jpg?v=1777604348,1024,1024,shopify://shop_images/bbi-coll-img-accessories-hero-v4.jpg
accessories-tile-lighting,upgrade,https://cdn.shopify.com/s/files/1/0859/0413/0361/files/office-central-brant-business-interiors-white-humanscale-nova-lighting-43555329278265.png?v=1759098307,1242,1242,shopify://shop_images/bbi-coll-img-accessories-tile-lighting-v4.jpg
accessories-tile-whiteboards,keep,https://cdn.shopify.com/s/files/1/0859/0413/0361/files/Screenshot2025-11-05175452.png?v=1767457394,462,462,shopify://shop_images/bbi-coll-img-accessories-tile-whiteboards-v4.jpg
accessories-tile-chair-mats,upgrade,https://cdn.shopify.com/s/files/1/0859/0413/0361/files/Polycarbonate-Chairmat-for-Hard-Floors-Hard-Floor-60_x-46_-demo-Business-Interiors-16694453.webp?v=1750113497,900,900,shopify://shop_images/bbi-coll-img-accessories-tile-chair-mats-v4.jpg
accessories-tile-monitor-arms,upgrade,https://cdn.shopify.com/s/files/1/0859/0413/0361/files/8ORtHhPBR0HZsKv1rAyg0_3ee88c215d994800b9b33b08e5f728c1.jpg?v=1777922562,1024,1024,shopify://shop_images/bbi-coll-img-accessories-tile-monitor-arms-v4.jpg
accessories-tile-acoustic-solutions,upgrade,https://cdn.shopify.com/s/files/1/0859/0413/0361/files/business-interiors-sound-dampeners-straight-8x47-5-ceiling-baffles-sound-acoustic-dampeners-42580419608889.jpg?v=1759098228,442,442,shopify://shop_images/bbi-coll-img-accessories-tile-acoustic-solutions-v4.jpg
panels-room-dividers-hero,upgrade,https://cdn.shopify.com/s/files/1/0859/0413/0361/files/office-central-brant-business-interiors-15-x-24-charcoal-desk-top-dividers-43320006213945.png?v=1759098286,459,459,shopify://shop_images/bbi-coll-img-panels-room-dividers-hero-v4.jpg
panels-room-dividers-tile-room-dividers,upgrade,https://cdn.shopify.com/s/files/1/0859/0413/0361/files/jSuHffeHnhbkfjsjDvww1_586823697f204d48a6cfd07d31077b3d.jpg?v=1777525539,1024,1024,shopify://shop_images/bbi-coll-img-panels-room-dividers-tile-room-dividers-v4.jpg
ergonomic-products-hero,keep,https://cdn.shopify.com/s/files/1/0859/0413/0361/files/Anti-Fatigue-Wellness-Mat-36_-x-24_-Business-Interiors-16689434.jpg?v=1750112369,900,900,shopify://shop_images/bbi-coll-img-ergonomic-products-hero-v4.jpg
ergonomic-products-tile-sit-stand-converters,upgrade,https://cdn.shopify.com/s/files/1/0859/0413/0361/files/sjBJ-f1AtrVSUVp0bG2Cd_64c56ba05fd04c4981c874881a7c29ed_997219ff-2d7b-4819-a8c5-06ee64a613ad.jpg?v=1777601986,1024,1024,shopify://shop_images/bbi-coll-img-ergonomic-products-tile-sit-stand-converters-v4.jpg
ergonomic-products-tile-monitor-arms,upgrade,https://cdn.shopify.com/s/files/1/0859/0413/0361/files/8ORtHhPBR0HZsKv1rAyg0_3ee88c215d994800b9b33b08e5f728c1.jpg?v=1777922562,1024,1024,shopify://shop_images/bbi-coll-img-ergonomic-products-tile-monitor-arms-v4.jpg
ergonomic-products-tile-keyboard-trays,upgrade,https://cdn.shopify.com/s/files/1/0859/0413/0361/files/U95afO3xiAQuHW1ogJ0SA_804be350d86e4ece92f48d11e7383a06.jpg?v=1777598547,1024,1024,shopify://shop_images/bbi-coll-img-ergonomic-products-tile-keyboard-trays-v4.jpg
business-furniture-hero,upgrade,https://cdn.shopify.com/s/files/1/0859/0413/0361/files/Ys0LrKaBlyet_QC54T4QI_9f7995e23bef4a6fa12b1e15b841833a.jpg?v=1777641886,1024,1024,shopify://shop_images/bbi-coll-img-business-furniture-hero-v4.jpg
business-furniture-tile-seating,upgrade,https://cdn.shopify.com/s/files/1/0859/0413/0361/files/8E4LI2VFy_gh2Z0o1Iigv_aa54c50065904a55832143043e6af4de.jpg?v=1777596912,1024,1024,shopify://shop_images/bbi-coll-img-business-furniture-tile-seating-v4.jpg
business-furniture-tile-desks,upgrade,https://cdn.shopify.com/s/files/1/0859/0413/0361/files/Ys0LrKaBlyet_QC54T4QI_9f7995e23bef4a6fa12b1e15b841833a.jpg?v=1777641886,1024,1024,shopify://shop_images/bbi-coll-img-business-furniture-tile-desks-v4.jpg
business-furniture-tile-storage,upgrade,https://cdn.shopify.com/s/files/1/0859/0413/0361/files/kerNEHsoHpAgG-6plQz89_6cdc84a264e84227b3ebbb734502b0e7.jpg?v=1777925315,1024,1024,shopify://shop_images/bbi-coll-img-business-furniture-tile-storage-v4.jpg
business-furniture-tile-tables,hand-picked,https://cdn.shopify.com/s/files/1/0859/0413/0361/files/f7Nlm_N2esQSHyNdgO2KA_1ceb8412ab0f433582acd3e5b8863da7.jpg?v=1777666993,1024,1024,shopify://shop_images/bbi-coll-img-business-furniture-tile-tables-v4.jpg
business-furniture-tile-boardroom,hand-picked,https://cdn.shopify.com/s/files/1/0859/0413/0361/files/Screenshot2026-05-23141700.png?v=1779560342,658,352,shopify://shop_images/bbi-coll-img-business-furniture-tile-boardroom-v4.jpg
business-furniture-tile-ergonomic,keep,https://cdn.shopify.com/s/files/1/0859/0413/0361/files/Anti-Fatigue-Wellness-Mat-36_-x-24_-Business-Interiors-16689434.jpg?v=1750112369,900,900,shopify://shop_images/bbi-coll-img-business-furniture-tile-ergonomic-v4.jpg
business-furniture-tile-panels,upgrade,https://cdn.shopify.com/s/files/1/0859/0413/0361/files/office-central-brant-business-interiors-15-x-24-charcoal-desk-top-dividers-43320006213945.png?v=1759098286,459,459,shopify://shop_images/bbi-coll-img-business-furniture-tile-panels-v4.jpg
business-furniture-tile-accessories,upgrade,https://cdn.shopify.com/s/files/1/0859/0413/0361/files/X5BGEHsPpmZZLUdtKFEhV_3bc2fa05e0a24005bd38587352926a4c_d8db26c3-74d7-40b7-ae1d-03ec85b833d1.jpg?v=1777604348,1024,1024,shopify://shop_images/bbi-coll-img-business-furniture-tile-accessories-v4.jpg
