slot_id,slot_type,parent_template,block_key,collection_handle,collection_title,lead_product_id,lead_product_handle,lead_product_title,lead_product_image_src,selection_reason,target_spec,current_image,current_image_status,action
seating-hero,hero,collection.seating.json,,seating,Seating,9039326609721,obusforme-comfort-high-back-chair-fabric-1240-3,ObusForme Comfort high back chair — 1240-3,https://cdn.shopify.com/s/files/1/0859/0413/0361/files/ObusForme-Comfort-High-back-Chair-_Fabric_-1240-3-Business-Interiors-16681932.png?v=1764338025,bestseller,1920x1080,shopify://shop_images/seating-space.jpg,legacy_stocky,REPLACE
seating-tile-office-chairs,tile,collection.seating.json,tile-office-chairs,task-chairs,Task Chairs,9938954748217,mvl2786-yoho-armless-low-back-task-chair,MVL2786 yoho | armless low back task chair,https://cdn.shopify.com/s/files/1/0859/0413/0361/files/office-central-brant-business-interiors-black-mvl2786-yoho-armless-low-back-task-chair-43286138093881.png?v=1759098279,bestseller,1200x900,shopify://shop_images/seating-product.jpg,legacy_stocky,REPLACE
seating-tile-guest-seating,tile,collection.seating.json,tile-guest-seating,guest-seating,Guest (Seating),9699268591929,sidero-guest-chair-28-colour-options,Sidero guest chair 28 colour options — 28 colour,https://cdn.shopify.com/s/files/1/0859/0413/0361/files/Sidero-Guest-Chair-28-Colour-Options-Business-Interiors-16732543.jpg?v=1750121450,bestseller,1200x900,shopify://shop_images/task-seating-product.jpg,legacy_stocky,REPLACE
seating-tile-training,tile,collection.seating.json,tile-training,stacking-seating,Stacking (Seating),10043552071993,sonic-armchair-polypropylene-seat-back-6513,"Sonic armchair, polypropylene seat & back (6513) — 6513",https://cdn.shopify.com/s/files/1/0859/0413/0361/files/Screenshot2025-11-18180027.png?v=1767457390,first_in_collection,1200x900,shopify://shop_images/OCI-Education-1.jpg,legacy_stocky,REPLACE
seating-tile-stools,tile,collection.seating.json,tile-stools,stools,Stools,9666389082425,ibex-mesh-back-drafting-stool-task-chair-with-arms,Ibex mesh back drafting stool task chair with arms,https://cdn.shopify.com/s/files/1/0859/0413/0361/files/Ibex-Mesh-Back-Drafting-Stool-Task-Chair-with-Arms-Business-Interiors-16700463.png?v=1750114859,bestseller,1200x900,shopify://shop_images/Inspiration-Meeting-1.jpg,legacy_stocky,REPLACE
seating-tile-lounge,tile,collection.seating.json,tile-lounge,lounge-seating,Lounge Seating,10002251514169,citi-lounge-seating-3-sizes-available,Lounge seating (3 sizes available) — 3 sizes,https://cdn.shopify.com/s/files/1/0859/0413/0361/files/Screenshot_2025-10-07_105845.png?v=1767457393,bestseller,1200x900,shopify://shop_images/Lounge-Carousel-Image6.jpg,legacy_stocky,REPLACE
seating-tile-outdoor,tile,collection.seating.json,tile-outdoor,outdoor-seating,Outdoor Seating,9676932350265,outdoor-steel-bench,Outdoor steel bench,https://cdn.shopify.com/s/files/1/0859/0413/0361/files/Outdoor-Steel-Bench-Business-Interiors-16714234.png?v=1750117496,bestseller,1200x900,shopify://shop_images/OCI-Hospitality-1.jpg,legacy_stocky,REPLACE
desks-hero,hero,collection.desks.json,,desks,Desks & Workstations,9687458873657,height-adjustable-table-5-sizes,Electric height adjustable sit to stand desks,https://cdn.shopify.com/s/files/1/0859/0413/0361/files/Electric-Height-Adjustable-Sit-to-Stand-Desks-Business-Interiors-16722765.png?v=1750119363,bestseller,1920x1080,shopify://shop_images/desks-space.jpg,legacy_stocky,REPLACE
desks-tile-height-adjustable,tile,collection.desks.json,tile-height-adjustable,height-adjustable-tables-desks,Height Adjustable Tables (Desks),9687458873657,height-adjustable-table-5-sizes,Electric height adjustable sit to stand desks,https://cdn.shopify.com/s/files/1/0859/0413/0361/files/Electric-Height-Adjustable-Sit-to-Stand-Desks-Business-Interiors-16722765.png?v=1750119363,bestseller,1200x900,shopify://shop_images/ergonomic-products-product.jpg,legacy_stocky,REPLACE
desks-tile-l-shape,tile,collection.desks.json,tile-l-shape,l-shape-desks,L-Shape Desks,9666764865849,l-shape-desk-hutch,L-shape desk & hutch,https://cdn.shopify.com/s/files/1/0859/0413/0361/files/L-Shape-Desk-_-Hutch-Business-Interiors-16705555.png?v=1750115631,bestseller,1200x900,shopify://shop_images/desks-space.png,legacy_stocky,REPLACE
desks-tile-straight,tile,collection.desks.json,tile-straight,straight-desks,Straight Desks,9733212438841,innovations-double-pedestal-desk-bf-bf-5-sizes-8-colours,"Innovations double pedestal desk bf/bf 5 sizes, 8 colours — 5 sizes",https://cdn.shopify.com/s/files/1/0859/0413/0361/files/INNOVATIONS-Double-Pedestal-Desk-bf-bf-5-Sizes_-8-Colours-Business-Interiors-16751313.png?v=1750125431,bestseller,1200x900,shopify://shop_images/desks-product.jpg,legacy_stocky,REPLACE
desks-tile-reception,tile,collection.desks.json,tile-reception,reception-desks-desks,Reception Desks (Desks),9103183151417,l-shape-reception-72-x-72-x-41-1,"L-shape reception — 72"" x 72"" x 41""",https://cdn.shopify.com/s/files/1/0859/0413/0361/files/L-Shape-Reception-72_-x-72_-x-41_-Business-Interiors-16688423.jpg?v=1750112115,bestseller,1200x900,shopify://shop_images/Inspiration-Reception.jpg,legacy_stocky,REPLACE
desks-tile-computer,tile,collection.desks.json,tile-computer,multi-person-workstations-desks,Multi Person Workstations (Desks),10170849231161,evolve-workstations,Evolve workstations,https://cdn.shopify.com/s/files/1/0859/0413/0361/files/Screenshot2026-04-09100028.png?v=1775743282,first_in_collection,1200x900,shopify://shop_images/OCI-Workplace-1.jpg,legacy_stocky,REPLACE
desks-tile-executive-desks,tile,collection.desks.json,tile-executive-desks,office-suites-desks,Office Suites (Desks),9968549888313,temptations-office-suite-copy,The corporate office suite,https://cdn.shopify.com/s/files/1/0859/0413/0361/files/iof-default-title-the-corporate-office-suite-43464249049401.png?v=1759098308,first_in_collection,1200x900,shopify://shop_images/Inspiration-Executive-Office.jpg,legacy_stocky,REPLACE
tables-hero,hero,collection.tables.json,,tables,Tables,9665360331065,premium-height-adjustable-table-1,Premium height adjustable table,https://cdn.shopify.com/s/files/1/0859/0413/0361/files/Electric-Height-Adjustable-Sit-to-Stand-Desks-Business-Interiors-16722765.png?v=1750119363,bestseller,1920x1080,shopify://shop_images/tables-space.jpg,legacy_stocky,REPLACE
tables-tile-conference-tables,tile,collection.tables.json,tile-conference-tables,meeting-conference-room-tables,Meeting & Conference Room Tables,9103187345721,boat-shaped-conference-table,Boat shaped conference table,https://cdn.shopify.com/s/files/1/0859/0413/0361/files/Boat-Shaped-Conference-Table-Business-Interiors-16688871.png?v=1750112230,bestseller,1200x900,shopify://shop_images/Inspiration-Conference-1-1.jpg,legacy_stocky,REPLACE
tables-tile-training-tables,tile,collection.tables.json,tile-training-tables,training-room-tables,Training Room Tables,9686674637113,training-flip-top-tables-1,Training flip top tables,https://cdn.shopify.com/s/files/1/0859/0413/0361/files/Training-Flip-Top-Tables-Business-Interiors-16722151.png?v=1750119233,bestseller,1200x900,shopify://shop_images/tables-product.jpg,legacy_stocky,REPLACE
tables-tile-height-adjustable-tables,tile,collection.tables.json,tile-height-adjustable-tables,height-adjustable-tables,Height Adjustable Tables,9687458873657,height-adjustable-table-5-sizes,Electric height adjustable sit to stand desks,https://cdn.shopify.com/s/files/1/0859/0413/0361/files/Electric-Height-Adjustable-Sit-to-Stand-Desks-Business-Interiors-16722765.png?v=1750119363,bestseller,1200x900,shopify://shop_images/ergonomic-products-space.jpg,legacy_stocky,REPLACE
tables-tile-collaborative,tile,collection.tables.json,tile-collaborative,meeting-tables,Meeting Tables,9724647440697,loop-leg-table,Loop leg table,https://cdn.shopify.com/s/files/1/0859/0413/0361/files/LOOP-Leg-Table-Business-Interiors-16743726.jpg?v=1750123848,bestseller,1200x900,shopify://shop_images/collaboration-product.jpg,legacy_stocky,REPLACE
storage-hero,hero,collection.storage.json,,storage,Storage & Filing,9103392276793,pedestal-box-box-file-with-or-without-wheels,Pedestal - box/box/file (with or without wheels),https://cdn.shopify.com/s/files/1/0859/0413/0361/files/Pedestal-Box-Box-File-_With-or-without-wheels_-Business-Interiors-16691268.png?v=1750112758,bestseller,1920x1080,shopify://shop_images/storage-space.jpg,legacy_stocky,REPLACE
storage-tile-lateral-files,tile,collection.storage.json,tile-lateral-files,lateral-file-cabinets-storage,Lateral File Cabinets (Storage),9114485391673,premium-series-lateral-file-cabinet-2-3-4-5-drawer-1,"Premium series lateral file cabinet (2,3,4 & 5 drawer) — 5 drawer",https://cdn.shopify.com/s/files/1/0859/0413/0361/files/Premium-Series-Lateral-File-Cabinet-_2_3_4-_-5-Drawer_-Business-Interiors-16693839.png?v=1750113406,bestseller,1200x900,shopify://shop_images/storage-product.jpg,legacy_stocky,REPLACE
storage-tile-vertical-files,tile,collection.storage.json,tile-vertical-files,vertical-file-cabinets-storage,Vertical File Cabinets,9727967494457,vertical-file-2-drawer-letter,Vertical file 2 drawer letter — 2 drawer,https://cdn.shopify.com/s/files/1/0859/0413/0361/files/Vertical-File-2-Drawer-Letter-Business-Interiors-16748673.png?v=1750124872,bestseller,1200x900,shopify://shop_images/storage-space.png,legacy_stocky,REPLACE
storage-tile-pedestals,tile,collection.storage.json,tile-pedestals,mobile-pedestals,Mobile Pedestals,9745591533881,mobile-pedestal-drawer-box-file,Mobile pedestal drawer box/file,https://cdn.shopify.com/s/files/1/0859/0413/0361/files/Mobile-Pedestal-Drawer-Box-File-Business-Interiors-16752222.png?v=1750125625,bestseller,1200x900,shopify://shop_images/storage-product.jpg,legacy_stocky,REPLACE
storage-tile-storage-cabinets,tile,collection.storage.json,tile-storage-cabinets,storage-cabinets,Storage Cabinets,9788608184633,wood-laminate-storage-cabinets,Wood laminate storage cabinets,https://cdn.shopify.com/s/files/1/0859/0413/0361/files/Wood-Laminate-Storage-cabinets-Business-Interiors-16782655.jpg?v=1750131874,bestseller,1200x900,shopify://shop_images/storage-space.png,legacy_stocky,REPLACE
storage-tile-bookcases,tile,collection.storage.json,tile-bookcases,bookcases,Bookcases,9698674803001,bookcase-31-5-wide-x-13-75-deep,"Bookcase 32"" wide x 14"" deep — 14""",https://cdn.shopify.com/s/files/1/0859/0413/0361/files/Bookcase-32_-Wide-x-14_-Deep-Business-Interiors-16731793.png?v=1750121276,bestseller,1200x900,shopify://shop_images/OCI-Services-Shelving.jpg,legacy_stocky,REPLACE
storage-tile-lockers,tile,collection.storage.json,tile-lockers,lockers,Lockers,9822327505209,laminate-lockers-1,Laminate lockers,https://cdn.shopify.com/s/files/1/0859/0413/0361/files/Laminate-Lockers-Business-Interiors-16788815.png?v=1750133237,first_in_collection,1200x900,shopify://shop_images/storage-product.jpg,legacy_stocky,REPLACE
storage-tile-credenzas,tile,collection.storage.json,tile-credenzas,credenzas,Credenza's,9763442524473,credenza-scmsu,Credenza scmsu,https://cdn.shopify.com/s/files/1/0859/0413/0361/files/Credenza-SCMSU-Business-Interiors-16763985.png?v=1750128103,bestseller,1200x900,shopify://shop_images/boardroom-space.jpg,legacy_stocky,REPLACE
storage-tile-wardrobe,tile,collection.storage.json,tile-wardrobe,wardrobe-storage,Wardrobe (Storage),9858778431801,cabinet-file-file-right-wardrobe-inv-6524cffwr-24,Cabinet / file / file / right wardrobe — INV-6524CFFWR-24,https://cdn.shopify.com/s/files/1/0859/0413/0361/files/business-interiors-default-title-cabinet-file-file-right-wardrobe-inv-6524cffwr-24-42749818831161.png?v=1759098239,first_in_collection,1200x900,shopify://shop_images/storage-space.png,legacy_stocky,REPLACE
boardroom-hero,hero,collection.boardroom.json,,boardroom,Boardroom,9665360331065,premium-height-adjustable-table-1,Premium height adjustable table,https://cdn.shopify.com/s/files/1/0859/0413/0361/files/Electric-Height-Adjustable-Sit-to-Stand-Desks-Business-Interiors-16722765.png?v=1750119363,bestseller,1920x1080,shopify://shop_images/boardroom-space.jpg,legacy_stocky,REPLACE
boardroom-tile-boardroom-tables,tile,collection.boardroom.json,tile-boardroom-tables,meeting-conference-room-tables,Meeting & Conference Room Tables,9103187345721,boat-shaped-conference-table,Boat shaped conference table,https://cdn.shopify.com/s/files/1/0859/0413/0361/files/Boat-Shaped-Conference-Table-Business-Interiors-16688871.png?v=1750112230,bestseller,1200x900,shopify://shop_images/boardroom-product.jpg,legacy_stocky,REPLACE
boardroom-tile-boardroom-storage,tile,collection.boardroom.json,tile-boardroom-storage,credenzas,Credenza's,9763442524473,credenza-scmsu,Credenza scmsu,https://cdn.shopify.com/s/files/1/0859/0413/0361/files/Credenza-SCMSU-Business-Interiors-16763985.png?v=1750128103,bestseller,1200x900,shopify://shop_images/boardroom-space.jpg,legacy_stocky,REPLACE
boardroom-tile-av-furniture,tile,collection.boardroom.json,tile-av-furniture,podiums-av-furniture,Podiums & AV Furniture,9846115074361,av-stand-sa-81-3016,Av stand — SA-81-3016,https://cdn.shopify.com/s/files/1/0859/0413/0361/files/business-interiors-default-title-av-stand-sa-81-3016-42669093093689.png?v=1759098230,first_in_collection,1200x900,shopify://shop_images/Subject-Areas-boardroom.jpg,legacy_stocky,REPLACE
accessories-hero,hero,collection.accessories.json,,accessories,Accessories,9712563487033,aeramax-air-purifier-true-hepa-plasmatrue-1,"Aeramax air purifier - true hepa, plasmatrue",https://cdn.shopify.com/s/files/1/0859/0413/0361/files/AeraMaxr-Air-Purifier-True-HEPA_-PlasmaTrue-Business-Interiors-16739251.jpg?v=1750122901,bestseller,1920x1080,shopify://shop_images/accessories-space.jpg,legacy_stocky,REPLACE
accessories-tile-lighting,tile,collection.accessories.json,tile-lighting,lighting,Lighting,9983576506681,humanscale-nova-lighting,Humanscale nova lighting,https://cdn.shopify.com/s/files/1/0859/0413/0361/files/office-central-brant-business-interiors-white-humanscale-nova-lighting-43555275997497.png?v=1759098300,first_in_collection,1200x900,shopify://shop_images/OCI-Services-Lighting-2.jpg,legacy_stocky,REPLACE
accessories-tile-whiteboards,tile,collection.accessories.json,tile-whiteboards,white-board,white board,10030448312633,white-board-magnetic-mobile-on-wheels,White board magnetic (mobile) on wheels,https://cdn.shopify.com/s/files/1/0859/0413/0361/files/Screenshot2025-11-05175452.png?v=1767457394,first_in_collection,1200x900,shopify://shop_images/OCI-Workplace-1.jpg,legacy_stocky,REPLACE
accessories-tile-chair-mats,tile,collection.accessories.json,tile-chair-mats,chair-mats,Chair Mats & Floor Protection,9356367954233,polycarbonate-chairmat-for-hard-floors-hard-floor-60x-46-demo,"Polycarbonate Chairmat for Hard Floors - Hard Floor 60""x 46"" demo",https://cdn.shopify.com/s/files/1/0859/0413/0361/files/Polycarbonate-Chairmat-for-Hard-Floors-Hard-Floor-60_x-46_-demo-Business-Interiors-16694395.webp?v=1750113474,first_in_collection,1200x900,shopify://shop_images/accessories-product.jpg,legacy_stocky,REPLACE
accessories-tile-monitor-arms,tile,collection.accessories.json,tile-monitor-arms,monitor-arms,Monitor Arms,9943316529465,laptop-holder-for-100-ma1c-100-ma2c-monitor-arms,Laptop holder for 100-MA1C & 100-MA2C monitor arms only,https://cdn.shopify.com/s/files/1/0859/0413/0361/files/office-central-brant-business-interiors-laptop-holder-default-title-laptop-holder-for-100-ma1c-100-ma2c-monitor-arms-only-43328554041657.png?v=1759098298,first_in_collection,1200x900,shopify://shop_images/ergonomic-products-product.jpg,legacy_stocky,REPLACE
accessories-tile-acoustic-solutions,tile,collection.accessories.json,tile-acoustic-solutions,acoustic-solutions,Acoustic Solutions,9833161556281,ceiling-baffles-sound-acoustic-dampeners,Ceiling baffles sound acoustic dampeners,https://cdn.shopify.com/s/files/1/0859/0413/0361/files/business-interiors-sound-dampeners-straight-8x47-5-ceiling-baffles-sound-acoustic-dampeners-42580419379513.jpg?v=1759098318,first_in_collection,1200x900,shopify://shop_images/Inspiration-Accoustics.jpg,legacy_stocky,REPLACE
panels-room-dividers-hero,hero,collection.panels-room-dividers.json,,panels-room-dividers,Panels & Room Dividers,9942359015737,desk-top-dividers-1,Desk top dividers,https://cdn.shopify.com/s/files/1/0859/0413/0361/files/office-central-brant-business-interiors-15-x-24-charcoal-desk-top-dividers-43320006181177.png?v=1759098275,first_in_collection,1920x1080,shopify://shop_images/panels-room-dividers-space.jpg,legacy_stocky,REPLACE
panels-room-dividers-tile-room-dividers,tile,collection.panels-room-dividers.json,tile-room-dividers,room-dividers,Room Dividers,9832199749945,felt-acoustic-room-dividers,Felt acoustic room dividers,https://cdn.shopify.com/s/files/1/0859/0413/0361/files/business-interiors-sound-dampeners-47-75-x47-bamboo-t-bar-cable-gripper-felt-acoustic-room-dividers-42571579883833.png?v=1759098217,first_in_collection,1200x900,shopify://shop_images/panels-room-dividers-product.jpg,legacy_stocky,REPLACE
ergonomic-products-hero,hero,collection.ergonomic-products.json,,ergonomic-products,Ergonomic Products,9103326871865,anti-fatigue-wellness-mat-36-x-24-5,"Anti-fatigue wellness mat — 36"" x 24""",https://cdn.shopify.com/s/files/1/0859/0413/0361/files/Anti-Fatigue-Wellness-Mat-36_-x-24_-Business-Interiors-16689434.jpg?v=1750112369,bestseller,1920x1080,shopify://shop_images/ergonomic-products-space.jpg,legacy_stocky,REPLACE
ergonomic-products-tile-sit-stand-converters,tile,collection.ergonomic-products.json,tile-sit-stand-converters,desktop-sit-stand,Desktop Sit Stand,9667819798841,sit-stand-adjustable-desk-riser-32-wide,"Sit stand adjustable desk riser 32"" wide — 32""",https://cdn.shopify.com/s/files/1/0859/0413/0361/files/Sit-Stand-Adjustable-Desk-Riser-32_-Wide-Business-Interiors-16707883.png?v=1750116129,bestseller,1200x900,shopify://shop_images/ergonomic-products-product.jpg,legacy_stocky,REPLACE
ergonomic-products-tile-monitor-arms,tile,collection.ergonomic-products.json,tile-monitor-arms,monitor-arms,Monitor Arms,9943316529465,laptop-holder-for-100-ma1c-100-ma2c-monitor-arms,Laptop holder for 100-MA1C & 100-MA2C monitor arms only,https://cdn.shopify.com/s/files/1/0859/0413/0361/files/office-central-brant-business-interiors-laptop-holder-default-title-laptop-holder-for-100-ma1c-100-ma2c-monitor-arms-only-43328554041657.png?v=1759098298,first_in_collection,1200x900,shopify://shop_images/ergonomic-products-space.jpg,legacy_stocky,REPLACE
ergonomic-products-tile-keyboard-trays,tile,collection.ergonomic-products.json,tile-keyboard-trays,keyboard-trays,Keyboard Trays,9841866506553,jax-sit-to-stand,Jax sit to stand,https://cdn.shopify.com/s/files/1/0859/0413/0361/files/business-interiors-default-title-jax-sit-to-stand-42642210160953.png?v=1759098290,first_in_collection,1200x900,shopify://shop_images/Inspiration-Ergonomics.jpg,legacy_stocky,REPLACE
business-furniture-hero,hero,collection.business-furniture.json,,business-furniture,Business Furniture,9687458873657,height-adjustable-table-5-sizes,Electric height adjustable sit to stand desks,https://cdn.shopify.com/s/files/1/0859/0413/0361/files/Electric-Height-Adjustable-Sit-to-Stand-Desks-Business-Interiors-16722765.png?v=1750119363,bestseller,1920x1080,shopify://shop_images/business-furniture-space.jpg,legacy_stocky,REPLACE
business-furniture-tile-seating,tile,collection.business-furniture.json,tile-seating,seating,Seating,9039326609721,obusforme-comfort-high-back-chair-fabric-1240-3,ObusForme Comfort high back chair — 1240-3,https://cdn.shopify.com/s/files/1/0859/0413/0361/files/ObusForme-Comfort-High-back-Chair-_Fabric_-1240-3-Business-Interiors-16681932.png?v=1764338025,bestseller,1200x900,shopify://shop_images/seating-product.jpg,legacy_stocky,REPLACE
business-furniture-tile-desks,tile,collection.business-furniture.json,tile-desks,desks,Desks & Workstations,9687458873657,height-adjustable-table-5-sizes,Electric height adjustable sit to stand desks,https://cdn.shopify.com/s/files/1/0859/0413/0361/files/Electric-Height-Adjustable-Sit-to-Stand-Desks-Business-Interiors-16722765.png?v=1750119363,bestseller,1200x900,shopify://shop_images/desks-product.jpg,legacy_stocky,REPLACE
business-furniture-tile-storage,tile,collection.business-furniture.json,tile-storage,storage,Storage & Filing,9103392276793,pedestal-box-box-file-with-or-without-wheels,Pedestal - box/box/file (with or without wheels),https://cdn.shopify.com/s/files/1/0859/0413/0361/files/Pedestal-Box-Box-File-_With-or-without-wheels_-Business-Interiors-16691268.png?v=1750112758,bestseller,1200x900,shopify://shop_images/storage-product.jpg,legacy_stocky,REPLACE
business-furniture-tile-tables,tile,collection.business-furniture.json,tile-tables,tables,Tables,9665360331065,premium-height-adjustable-table-1,Premium height adjustable table,https://cdn.shopify.com/s/files/1/0859/0413/0361/files/Electric-Height-Adjustable-Sit-to-Stand-Desks-Business-Interiors-16722765.png?v=1750119363,bestseller,1200x900,shopify://shop_images/tables-product.jpg,legacy_stocky,REPLACE
business-furniture-tile-boardroom,tile,collection.business-furniture.json,tile-boardroom,boardroom,Boardroom,9665360331065,premium-height-adjustable-table-1,Premium height adjustable table,https://cdn.shopify.com/s/files/1/0859/0413/0361/files/Electric-Height-Adjustable-Sit-to-Stand-Desks-Business-Interiors-16722765.png?v=1750119363,bestseller,1200x900,shopify://shop_images/boardroom-product.jpg,legacy_stocky,REPLACE
business-furniture-tile-ergonomic,tile,collection.business-furniture.json,tile-ergonomic,ergonomic-products,Ergonomic Products,9103326871865,anti-fatigue-wellness-mat-36-x-24-5,"Anti-fatigue wellness mat — 36"" x 24""",https://cdn.shopify.com/s/files/1/0859/0413/0361/files/Anti-Fatigue-Wellness-Mat-36_-x-24_-Business-Interiors-16689434.jpg?v=1750112369,bestseller,1200x900,shopify://shop_images/ergonomic-products-product.jpg,legacy_stocky,REPLACE
business-furniture-tile-panels,tile,collection.business-furniture.json,tile-panels,panels-room-dividers,Panels & Room Dividers,9942359015737,desk-top-dividers-1,Desk top dividers,https://cdn.shopify.com/s/files/1/0859/0413/0361/files/office-central-brant-business-interiors-15-x-24-charcoal-desk-top-dividers-43320006181177.png?v=1759098275,first_in_collection,1200x900,shopify://shop_images/panels-room-dividers-product.jpg,legacy_stocky,REPLACE
business-furniture-tile-accessories,tile,collection.business-furniture.json,tile-accessories,accessories,Accessories,9712563487033,aeramax-air-purifier-true-hepa-plasmatrue-1,"Aeramax air purifier - true hepa, plasmatrue",https://cdn.shopify.com/s/files/1/0859/0413/0361/files/AeraMaxr-Air-Purifier-True-HEPA_-PlasmaTrue-Business-Interiors-16739251.jpg?v=1750122901,bestseller,1200x900,shopify://shop_images/accessories-product.jpg,legacy_stocky,REPLACE
