keyword,volume,kd,position,etv,type,intent,url
hon dealers,18100,HIGH,3,1761.1,LANDING,navigational,https://atwork.ca/brand/hon-furniture_canada/
office seating,33100,HIGH,9,1552.4,LANDING(home),transactional,https://atwork.ca/
receptionist at desk,2400,HIGH,4,729.6,COLLECTION,navigational,https://atwork.ca/product-category/desks/reception-desks/
artopex,4400,MEDIUM,6,290.0,LANDING,navigational,https://atwork.ca/brand/artopex_canada/
lovers at work,880,MEDIUM,1,267.5,LANDING,informational,https://atwork.ca/locations/lovers-atwork-office-furniture-london-ontario/
lovers office furniture,880,MEDIUM,1,267.5,LANDING,navigational,https://atwork.ca/locations/lovers-atwork-office-furniture-london-ontario/
reception desk,2400,HIGH,5,233.5,COLLECTION,navigational,https://atwork.ca/product-category/desks/reception-desks/
at work office furniture,590,HIGH,1,179.4,LANDING(home),transactional,https://atwork.ca/
tayco,2400,LOW,6,158.2,LANDING,informational,https://atwork.ca/brand/tayco_canada/
office furniture and,5400,HIGH,8,138.2,LANDING(home),navigational,https://atwork.ca/
office pod,720,HIGH,2,116.6,COLLECTION,transactional,https://atwork.ca/product-category/office-phone-booth-pod/
hon,4400,LOW,11,112.6,LANDING,informational,https://atwork.ca/brand/hon-furniture_canada/
desk chair white,1000,HIGH,4,97.3,COLLECTION,transactional,https://atwork.ca/shop/office_chairs/shorter-smaller-office-chairs/humanscale-modern-white-office-chair/
desk chairs leather,1000,HIGH,4,97.3,COLLECTION,transactional,https://atwork.ca/shop/office_chairs/executive/icon-l2-executive-leather-office-chair/
at work furniture,320,LOW,1,97.3,LANDING(home),navigational,https://atwork.ca/
blair's atwork office furniture,320,LOW,1,97.3,LANDING,navigational,https://atwork.ca/locations/blairs-atwork-office-furniture-toronto-gta/
boardroom table,880,HIGH,4,85.6,COLLECTION,transactional,https://atwork.ca/product-category/tables/boardroom-conference-tables/
corner desk with storage,480,HIGH,3,77.8,COLLECTION,transactional,https://atwork.ca/product-category/desks/corners-l-shapes/
conference table,720,HIGH,4,70.1,COLLECTION,transactional,https://atwork.ca/product-category/tables/boardroom-conference-tables/
steelcase canada,720,HIGH,3,70.1,COLLECTION,navigational,https://atwork.ca/shop/office_chairs/task_office_chairs/reconditioned-steelcase-leap-office-chairs-assembled/
office phone booth,210,HIGH,2,63.8,COLLECTION,transactional,https://atwork.ca/product-category/office-phone-booth-pod/
small reception counters,210,HIGH,2,63.8,COLLECTION,transactional,https://atwork.ca/product-category/desks/reception-desks/
work pod,210,HIGH,3,63.8,COLLECTION,transactional,https://atwork.ca/product-category/office-phone-booth-pod/
hon ignition 2,390,HIGH,3,63.2,COLLECTION,transactional,https://atwork.ca/shop/office_chairs/white-office-chairs/hon-ignition-2-0-headrest-mesh-back-task-chair-all-finishes/
ignition 2.0 hon,390,HIGH,2,63.2,COLLECTION,transactional,https://atwork.ca/shop/office_chairs/white-office-chairs/hon-ignition-2-0-headrest-mesh-back-task-chair-all-finishes/
newmarket office furniture,390,MEDIUM,2,63.2,LANDING,navigational,https://atwork.ca/locations/office-furniture-newmarket-canada/
office furniture near me,1300,HIGH,9,61.0,LANDING(home),transactional,https://atwork.ca/
2nd hand office chair,590,HIGH,7,57.4,LANDING,transactional,https://atwork.ca/used-categories/chairs/
used office desk and chair,590,HIGH,7,57.4,LANDING(home),transactional,https://atwork.ca/used-office-furniture-deals/
at work office interiors,320,LOW,2,51.8,LANDING(home),informational,https://atwork.ca/
atwork office interiors,320,LOW,2,51.8,LANDING,navigational,https://atwork.ca/locations/bakers-atwork-office-furniture-cambridge-waterloo/
cubicle desk,170,HIGH,2,51.7,COLLECTION,transactional,https://atwork.ca/product-category/office-cubicles-panels/cubicles/
meeting pod,170,HIGH,2,51.7,COLLECTION,informational,https://atwork.ca/product-category/office-phone-booth-pod/
office cubicle desks,170,HIGH,2,51.7,COLLECTION,transactional,https://atwork.ca/product-category/office-cubicles-panels/cubicles/
reception desk for sale,170,HIGH,2,51.7,COLLECTION,transactional,https://atwork.ca/product-category/desks/reception-desks/
office pods canada,140,HIGH,2,42.6,COLLECTION,navigational,https://atwork.ca/product-category/office-phone-booth-pod/
steelcase leap v2 canada,260,HIGH,3,42.1,COLLECTION,transactional,https://atwork.ca/shop/office_chairs/task_office_chairs/reconditioned-steelcase-leap-office-chairs-assembled/
gremlins bicycle emporium,880,LOW,5,41.3,LANDING(home),navigational,https://atwork.ca/gremlins-bicycle-emporium-the-go-to-bike-shop-for-commuters-in-london-ontario/
spec furniture,1600,LOW,8,41.0,LANDING,navigational,https://atwork.ca/brand/spec-furniture_canada/
fire safe file cabinet,390,HIGH,4,37.9,COLLECTION,transactional,https://atwork.ca/shop/filing-storage/fire-resistant-security/gardex-classique-25-4-dwr-fire-resistant-legal/
fireproof file cabinet,390,HIGH,4,37.9,COLLECTION,transactional,https://atwork.ca/shop/filing-storage/fire-resistant-security/gardex-classique-25-4-dwr-fire-resistant-legal/
fireproof file cabinet safe,390,HIGH,5,37.9,COLLECTION,transactional,https://atwork.ca/shop/filing-storage/fire-resistant-security/gardex-classique-25-4-dwr-fire-resistant-legal/
icon office environments,210,LOW,2,34.0,LANDING,navigational,https://atwork.ca/brand/icon-office-environments_canada/
gardex,1000,LOW,7,33.8,LANDING,informational,https://atwork.ca/brand/gardex_canada/
jeff's atwork office furniture,110,LOW,1,33.4,LANDING,navigational,https://atwork.ca/locations/jeffs-atwork-office-furniture-brantford-hamilton-niagara/
office cubicles canada,110,HIGH,1,33.4,COLLECTION,navigational,https://atwork.ca/product-category/office-cubicles-panels/cubicles/
office furniture london ontario,110,HIGH,1,33.4,LANDING,navigational,https://atwork.ca/locations/lovers-atwork-office-furniture-london-ontario/
workplace desks,1300,HIGH,9,33.3,COLLECTION,transactional,https://atwork.ca/product-category/desks/
desk chairs big and tall,480,HIGH,5,31.6,COLLECTION,transactional,https://atwork.ca/product-category/office_chairs/big-tall/
office furniture store near me,320,HIGH,6,31.1,LANDING,navigational,https://atwork.ca/locations/office-furniture-regina-canada/
office couch,590,HIGH,6,27.7,COLLECTION,transactional,https://atwork.ca/shop/office_chairs/lounge-reception/osp-atlantic-3-seat-sofa-charging-station/
belair office products,170,LOW,2,27.5,LANDING,navigational,https://atwork.ca/brand/belair-office-products_canada/
meeting table,170,HIGH,3,27.5,COLLECTION,transactional,https://atwork.ca/product-category/tables/boardroom-conference-tables/
offices furniture,5400,HIGH,19,27.5,LANDING(home),transactional,https://atwork.ca/
reception desk modern,170,HIGH,3,27.5,COLLECTION,navigational,https://atwork.ca/product-category/desks/reception-desks/
breakroom furniture,90,MEDIUM,1,27.4,COLLECTION,transactional,https://atwork.ca/product-category/tables/lunchroom-breakroom-cafe/
modern office cubicles,90,HIGH,1,27.4,COLLECTION,transactional,https://atwork.ca/product-category/office-cubicles-panels/cubicles/
office furniture for lease,90,HIGH,4,27.4,LANDING(home),commercial,https://atwork.ca/office-furniture-leasing-available/
reception desk salon,90,HIGH,3,27.4,COLLECTION,navigational,https://atwork.ca/shop/desks/reception-desks/salon-reception-desk-straight-all-sizes-finishes/
used office furniture hamilton,90,HIGH,3,27.4,LANDING(home),commercial,https://atwork.ca/used-office-furniture-deals/
white reception desk,90,HIGH,1,27.4,COLLECTION,commercial,https://atwork.ca/product-category/desks/reception-desks/
fire resistant file cabinet,390,HIGH,6,25.7,COLLECTION,transactional,https://atwork.ca/shop/filing-storage/fire-resistant-security/gardex-classique-25-4-dwr-fire-resistant-legal/
cubicles canada,110,HIGH,1,25.4,COLLECTION,navigational,https://atwork.ca/product-category/office-cubicles-panels/cubicles/
inbox booths,260,HIGH,3,25.3,LANDING,navigational,https://atwork.ca/wp-content/uploads/2024/02/Inbox-Booths-PRODUCT-GUIDE-2024.pdf
herman miller canada,2900,HIGH,17,24.8,COLLECTION,navigational,https://atwork.ca/shop/office_chairs/task_office_chairs/reconditioned-herman-miller-aeron-office-chairs/
office desk reception,140,HIGH,3,22.7,COLLECTION,informational,https://atwork.ca/product-category/desks/reception-desks/
office reception counters,140,HIGH,4,22.7,COLLECTION,navigational,https://atwork.ca/product-category/desks/reception-desks/
reception table,140,HIGH,3,22.7,COLLECTION,transactional,https://atwork.ca/product-category/desks/reception-desks/
half lockers,70,HIGH,3,21.3,COLLECTION,transactional,https://atwork.ca/shop/lockers/metal-lockers/half-door/unilocker-half-door-lockers/
icon q2,70,HIGH,1,21.3,COLLECTION,informational,https://atwork.ca/shop/office_chairs/top-rated-office-chairs/icon-q2-mesh-back-task-chair-all-finishes/
