keyword,volume,ncomp,score,comps,bbi_pos
office,110000,1,110000,staples,absent
office seating,33100,3,99300,"atwork,sourceofficefurniture,staples",absent
office with chairs,33100,2,66200,"sourceofficefurniture,staples",absent
tablets apple ipad air,49500,1,49500,staples,absent
ms office,40500,1,40500,staples,absent
hon dealers,18100,2,36200,"atwork,sourceofficefurniture",absent
desk chair office,33100,1,33100,staples,absent
tablets apple ipad,33100,1,33100,staples,absent
game gaming chair,27100,1,27100,staples,absent
gaming chair,27100,1,27100,staples,absent
gamers chair,27100,1,27100,staples,absent
filing cabinet,12100,2,24200,"sourceofficefurniture,staples",absent
tablet,22200,1,22200,staples,absent
office furniture and,5400,3,16200,"atwork,sourceofficefurniture,theofficeshop",absent
offices furniture,5400,3,16200,"atwork,sourceofficefurniture,theofficeshop",absent
l-shaped desk,8100,2,16200,"sourceofficefurniture,staples",absent
folding table,14800,1,14800,staples,absent
poi,12100,1,12100,poi,absent
tablet surface pro,12100,1,12100,staples,absent
microsoft tablet surface pro,12100,1,12100,staples,absent
wireless speaker portable bluetooth,12100,1,12100,staples,absent
office products supplies,5400,2,10800,"grandandtoy,staples",absent
office supplies and,5400,2,10800,"grandandtoy,staples",absent
office consumables,5400,2,10800,"grandandtoy,staples",absent
office suppliers,5400,2,10800,"grandandtoy,staples",absent
office desk,9900,1,9900,sourceofficefurniture,absent
computer desk,9900,1,9900,staples,absent
bookcases bookshelves,9900,1,9900,staples,absent
ergonomic office seating,9900,1,9900,staples,absent
desk organizer,4400,2,8800,"grandandtoy,staples",absent
cabinet and storage,8100,1,8100,sourceofficefurniture,absent
hutch,8100,1,8100,sourceofficefurniture,absent
stand,8100,1,8100,sourceofficefurniture,absent
office depot,8100,1,8100,grandandtoy,absent
ergonomic mouse,8100,1,8100,staples,absent
reception desk,2400,3,7200,"atwork,sourceofficefurniture,theofficeshop",absent
office equipment stores near me,2400,3,7200,"grandandtoy,staples,theofficeshop",absent
office chair near me,2400,3,7200,"sourceofficefurniture,staples,theofficeshop",absent
staples office chairs,6600,1,6600,staples,absent
lenovo tablet,6600,1,6600,staples,absent
portable monitor,6600,1,6600,staples,absent
office supplies supplier,5400,1,5400,grandandtoy,absent
office supplies,5400,1,5400,grandandtoy,absent
computer chair,5400,1,5400,staples,absent
tayco,2400,2,4800,"atwork,theofficeshop",absent
office products stores near me,2400,2,4800,"grandandtoy,staples",absent
office supplies stores near me,2400,2,4800,"grandandtoy,staples",absent
artopex,4400,1,4400,atwork,absent
hon,4400,1,4400,atwork,absent
source office furniture,4400,1,4400,sourceofficefurniture,absent
sit and stand desk,4400,1,4400,sourceofficefurniture,absent
sit stand desk,4400,1,4400,sourceofficefurniture,absent
office supplies near me,4400,1,4400,staples,absent
sickkids patient support centre,3600,1,3600,poi,absent
staples head office,3600,1,3600,staples,absent
laptop desk,3600,1,3600,staples,absent
wacom tablet,3600,1,3600,staples,absent
office equipment store,1600,2,3200,"sourceofficefurniture,theofficeshop",absent
chair mat,1600,2,3200,"sourceofficefurniture,staples",absent
limberlost place,2900,1,2900,poi,absent
steelcase chairs,2900,1,2900,poi,absent
herman miller canada,2900,1,2900,atwork,absent
office desk chairs canada,2900,1,2900,sourceofficefurniture,absent
home office desk,2900,1,2900,sourceofficefurniture,absent
canadian office chairs,2900,1,2900,sourceofficefurniture,absent
portable monitor for laptop,2900,1,2900,staples,absent
locker lock,2900,1,2900,staples,absent
task chair canada,2900,1,2900,staples,absent
ipad tablets on sale,2900,1,2900,staples,absent
office furniture near me,1300,2,2600,"atwork,sourceofficefurniture",absent
workplace desks,1300,2,2600,"atwork,sourceofficefurniture",absent
40 king street west,2400,1,2400,poi,absent
40 king st toronto,2400,1,2400,poi,absent
40 king st west toronto,2400,1,2400,poi,absent
40 king west toronto,2400,1,2400,poi,absent
40 king street west toronto,2400,1,2400,poi,absent
receptionist at desk,2400,1,2400,atwork,absent
desk chair near me,2400,1,2400,staples,absent
office supply shop near me,2400,1,2400,staples,absent
printable stickers staples,2400,1,2400,staples,absent
power bank portable charger,2400,1,2400,staples,absent
track office furniture,1900,1,1900,theofficeshop,absent
keilhauer,1900,1,1900,theofficeshop,absent
office table,1900,1,1900,sourceofficefurniture,absent
desk staplers,1900,1,1900,staples,absent
office chair floor mat,1900,1,1900,staples,absent
portable ssd,1900,1,1900,staples,absent
staples chairs,1900,1,1900,staples,absent
staples desks,1900,1,1900,staples,absent
office chair mat,1900,1,1900,staples,absent
boardroom table,880,2,1760,"atwork,sourceofficefurniture",absent
drafting chair,880,2,1760,"sourceofficefurniture,staples",absent
krug,1600,1,1600,theofficeshop,absent
spec furniture,1600,1,1600,atwork,absent
electric standing desk,1600,1,1600,sourceofficefurniture,absent
office supply stores,1600,1,1600,grandandtoy,absent
office stationery stores,1600,1,1600,grandandtoy,absent
office products store,1600,1,1600,staples,absent
staples coupons printable,1600,1,1600,staples,absent
staples filing cabinet,1600,1,1600,staples,absent
steelcase canada,720,2,1440,"atwork,poi",absent
conference table,720,2,1440,"atwork,sourceofficefurniture",absent
poi business interiors,1300,1,1300,poi,absent
l desk,1300,1,1300,sourceofficefurniture,absent
stacking chairs,1300,1,1300,sourceofficefurniture,absent
logiflex,1300,1,1300,sourceofficefurniture,absent
stackable chairs,1300,1,1300,sourceofficefurniture,absent
chair mat for carpet,1300,1,1300,staples,absent
computer desk floor mat,1300,1,1300,staples,absent
locker shelf,1300,1,1300,staples,absent
locker shelves,1300,1,1300,staples,absent
office furniture stores,590,2,1180,"sourceofficefurniture,theofficeshop",absent
2nd hand office chair,590,2,1180,"atwork,theofficeshop",absent
used office desk and chair,590,2,1180,"atwork,theofficeshop",absent
office stock,1000,1,1000,theofficeshop,absent
lacasse,1000,1,1000,theofficeshop,absent
desk chair white,1000,1,1000,atwork,absent
desk chairs leather,1000,1,1000,atwork,absent
gardex,1000,1,1000,atwork,absent
2 drawer filing cabinet,1000,1,1000,sourceofficefurniture,absent
comfort chairs for office,1000,1,1000,sourceofficefurniture,absent
source furniture,1000,1,1000,sourceofficefurniture,absent
source office furniture edmonton,1000,1,1000,sourceofficefurniture,absent
source canada,1000,1,1000,sourceofficefurniture,absent
g and l furniture,1000,1,1000,grandandtoy,absent
filing cabinet lockable,1000,1,1000,staples,absent
office chair rug mat,1000,1,1000,staples,absent
staples gaming chair,1000,1,1000,staples,absent
dirtt,880,1,880,poi,absent
2nd hand office furniture,880,1,880,theofficeshop,absent
lovers at work,880,1,880,atwork,absent
lovers office furniture,880,1,880,atwork,absent
gremlins bicycle emporium,880,1,880,atwork,absent
l shaped office desk,880,1,880,sourceofficefurniture,absent
source office furniture calgary,880,1,880,sourceofficefurniture,absent
desktop organizer,880,1,880,grandandtoy,absent
desk chair that reclines,880,1,880,staples,absent
executive office chair,880,1,880,staples,absent
office chair that reclines,880,1,880,staples,absent
portable projector screen,880,1,880,staples,absent
staples tablets,880,1,880,staples,absent
tablet with keyboard,880,1,880,staples,absent
newmarket office furniture,390,2,780,"atwork,theofficeshop",absent
kingsett,720,1,720,poi,absent
40 king st w,720,1,720,poi,absent
amia,720,1,720,poi,absent
global contract,720,1,720,theofficeshop,absent
global contract canada,720,1,720,theofficeshop,absent
krug inc,720,1,720,theofficeshop,absent
humanscale chair,720,1,720,theofficeshop,absent
second hand office furniture near me,720,1,720,theofficeshop,absent
furniture store in markham ontario,720,1,720,theofficeshop,absent
office pod,720,1,720,atwork,absent
office desks canada,720,1,720,sourceofficefurniture,absent
source office furniture brampton,720,1,720,sourceofficefurniture,absent
executive chair,720,1,720,sourceofficefurniture,absent
office chairs calgary,720,1,720,sourceofficefurniture,absent
office furniture store near me,320,2,640,"atwork,sourceofficefurniture",absent
roserock place,590,1,590,poi,absent
steelcase series 1,590,1,590,poi,absent
steelcase gesture office chair,590,1,590,poi,absent
office furniture shop,590,1,590,theofficeshop,absent
globalcontract,590,1,590,theofficeshop,absent
at work office furniture,590,1,590,atwork,absent
office couch,590,1,590,atwork,absent
office chairs edmonton,590,1,590,sourceofficefurniture,absent
source office furniture markham,590,1,590,sourceofficefurniture,absent
task chair,590,1,590,sourceofficefurniture,absent
office furniture edmonton,590,1,590,sourceofficefurniture,absent
office depot canada,590,1,590,grandandtoy,absent
logitech mx vertical ergonomic mouse,590,1,590,grandandtoy,absent
printer table,590,1,590,grandandtoy,absent
steelcase leap v2 canada,260,2,520,"atwork,poi",absent
audio visual technology,480,1,480,poi,absent
surgically clean air,480,1,480,poi,absent
global total office,480,1,480,theofficeshop,absent
office furniture toronto,480,1,480,theofficeshop,absent
iof furniture,480,1,480,theofficeshop,absent
used office furniture toronto,480,1,480,theofficeshop,absent
corner desk with storage,480,1,480,atwork,absent
desk chairs big and tall,480,1,480,atwork,absent
big and tall office chairs,480,1,480,sourceofficefurniture,absent
desk chairs vancouver,480,1,480,sourceofficefurniture,absent
office chairs vancouver,480,1,480,sourceofficefurniture,absent
office chairs vancouver bc,480,1,480,sourceofficefurniture,absent
office dividers,480,1,480,sourceofficefurniture,absent
source furniture vancouver,480,1,480,sourceofficefurniture,absent
source office furniture vancouver,480,1,480,sourceofficefurniture,absent
office organizer,480,1,480,grandandtoy,absent
grand furniture,480,1,480,grandandtoy,absent
grand's furniture,480,1,480,grandandtoy,absent
the office shop,390,1,390,theofficeshop,absent
hon ignition 2,390,1,390,atwork,absent
ignition 2.0 hon,390,1,390,atwork,absent
fire safe file cabinet,390,1,390,atwork,39
fireproof file cabinet,390,1,390,atwork,58
fireproof file cabinet safe,390,1,390,atwork,absent
fire resistant file cabinet,390,1,390,atwork,32
corner office desk,390,1,390,sourceofficefurniture,absent
cubicle office partition,390,1,390,sourceofficefurniture,absent
desks sets,390,1,390,sourceofficefurniture,absent
folding chairs steel,390,1,390,sourceofficefurniture,absent
lateral filing cabinet,390,1,390,sourceofficefurniture,absent
office desk for sale,390,1,390,sourceofficefurniture,absent
office partitions,390,1,390,sourceofficefurniture,46
source office,390,1,390,sourceofficefurniture,absent
source office furniture saskatoon,390,1,390,sourceofficefurniture,absent
logitech ergo k860 ergonomic keyboard,390,1,390,grandandtoy,absent
office furniture london ontario,110,3,330,"atwork,poi,theofficeshop",absent
steelcase series 2,320,1,320,poi,absent
office furniture gta,320,1,320,theofficeshop,absent
global office furniture,320,1,320,theofficeshop,absent
ki furniture,320,1,320,theofficeshop,absent
at work furniture,320,1,320,atwork,absent
blair's atwork office furniture,320,1,320,atwork,absent
at work office interiors,320,1,320,atwork,absent
atwork office interiors,320,1,320,atwork,absent
corner desk canada,320,1,320,sourceofficefurniture,absent
office credenza,320,1,320,sourceofficefurniture,absent
office furniture canada,320,1,320,sourceofficefurniture,absent
source office furniture kelowna,320,1,320,sourceofficefurniture,absent
source office furniture regina,320,1,320,sourceofficefurniture,absent
office stores canada,320,1,320,grandandtoy,absent
office supplies canada,320,1,320,grandandtoy,absent
id holder retractable,320,1,320,grandandtoy,absent
office depot and max,320,1,320,grandandtoy,absent
office and shop furniture,140,2,280,"grandandtoy,theofficeshop",absent
solutions business interiors,260,1,260,poi,absent
relocation company,260,1,260,poi,absent
steelcase chairs canada,260,1,260,poi,absent
steelcase karman,260,1,260,poi,absent
office furniture ottawa,260,1,260,theofficeshop,absent
workspace 48,260,1,260,theofficeshop,absent
3h furniture,260,1,260,theofficeshop,absent
office store,260,1,260,theofficeshop,absent
inbox booths,260,1,260,atwork,absent
audio visual solution,210,1,210,poi,absent
leap chair,210,1,210,poi,absent
audiovisual solutions,210,1,210,poi,absent
steelcase gesture chair,210,1,210,poi,absent
concept3 business interiors,210,1,210,poi,absent
keilhauer furniture,210,1,210,theofficeshop,absent
office furniture mississauga,210,1,210,theofficeshop,absent
used office furniture mississauga,210,1,210,theofficeshop,absent
office phone booth,210,1,210,atwork,absent
small reception counters,210,1,210,atwork,absent
work pod,210,1,210,atwork,absent
icon office environments,210,1,210,atwork,absent
office supplies calgary,210,1,210,grandandtoy,absent
stationery office supplies,210,1,210,grandandtoy,absent
brant office supply,210,1,210,grandandtoy,absent
querney's office plus,210,1,210,grandandtoy,absent
office furniture for lease,90,2,180,"atwork,theofficeshop",absent
office relocation service,170,1,170,poi,absent
3389 steeles ave e north york on m2h 3s8,170,1,170,poi,absent
office relocation company,170,1,170,poi,absent
steelcase gesture canada,170,1,170,poi,absent
steelcase leap v2 with headrest,170,1,170,poi,absent
jade air purifier,170,1,170,poi,absent
commercial furniture,170,1,170,poi,absent
steelcase canada ltd,170,1,170,poi,absent
steelcase canada limited,170,1,170,poi,absent
office & shop furniture,170,1,170,theofficeshop,absent
office and shop furniture toronto,170,1,170,theofficeshop,absent
global dealer centre,170,1,170,theofficeshop,absent
office furniture warehouse,170,1,170,theofficeshop,absent
lacasse furniture,170,1,170,theofficeshop,absent
cubicle desk,170,1,170,atwork,absent
meeting pod,170,1,170,atwork,absent
office cubicle desks,170,1,170,atwork,absent
reception desk for sale,170,1,170,atwork,absent
belair office products,170,1,170,atwork,absent
meeting table,170,1,170,atwork,absent
reception desk modern,170,1,170,atwork,absent
office supplies toronto,170,1,170,grandandtoy,absent
office supplies edmonton,170,1,170,grandandtoy,absent
office supplies winnipeg,170,1,170,grandandtoy,absent
clear desk mat,170,1,170,grandandtoy,absent
clear desk pad,170,1,170,grandandtoy,absent
obusforme chair,170,1,170,grandandtoy,absent
business interiors,140,1,140,poi,21
steelcase store,140,1,140,poi,absent
modular office furniture,140,1,140,poi,54
ergonomic furniture for home office,140,1,140,poi,absent
finastra mississauga,140,1,140,poi,absent
dirtt walls,140,1,140,poi,absent
finastra canada,140,1,140,poi,absent
aviva markham office,140,1,140,poi,absent
office furniture markham,140,1,140,theofficeshop,absent
codan canada,140,1,140,theofficeshop,absent
canadian commercial furniture,140,1,140,theofficeshop,absent
the furniture guys office furniture store in toronto,140,1,140,theofficeshop,absent
office pods canada,140,1,140,atwork,absent
office desk reception,140,1,140,atwork,absent
office reception counters,140,1,140,atwork,absent
reception table,140,1,140,atwork,absent
office supplies vancouver,140,1,140,grandandtoy,absent
office supplies regina,140,1,140,grandandtoy,absent
office whiteboards,140,1,140,grandandtoy,absent
lenovo thinkcentre m93p desktop,140,1,140,grandandtoy,absent
office furniture regina sk,140,1,140,grandandtoy,absent
steelcase leap plus,110,1,110,poi,absent
jade 2.0 air purifier,110,1,110,poi,absent
steelcase amia canada,110,1,110,poi,absent
gesture chair,110,1,110,poi,absent
dirt walls,110,1,110,poi,absent
office furniture and desks,110,1,110,theofficeshop,absent
used office furniture burlington,110,1,110,theofficeshop,absent
used office furniture burlington ontario,110,1,110,theofficeshop,absent
jeff's atwork office furniture,110,1,110,atwork,absent
office cubicles canada,110,1,110,atwork,absent
cubicles canada,110,1,110,atwork,absent
office supplies hamilton ontario,110,1,110,grandandtoy,absent
office supplies hamilton,110,1,110,grandandtoy,absent
foldable table grey,110,1,110,grandandtoy,absent
vancouver office depot,110,1,110,grandandtoy,absent
poi furniture,90,1,90,poi,absent
kingsett capital toronto office,90,1,90,poi,absent
furniture for education,90,1,90,poi,absent
cpl mississauga,90,1,90,poi,absent
surgically clean air purifier,90,1,90,poi,absent
surgically clean air jade,90,1,90,poi,absent
office lockers,90,1,90,poi,absent
evolution office,90,1,90,poi,absent
inspired business interiors inc,90,1,90,poi,absent
poi source,90,1,90,poi,absent
office rent furniture,90,1,90,theofficeshop,absent
the office shop inc,90,1,90,theofficeshop,absent
keilhauer office chair,90,1,90,theofficeshop,absent
office furniture installation,90,1,90,theofficeshop,absent
office furniture vaughan ontario,90,1,90,theofficeshop,absent
vaughan office furniture,90,1,90,theofficeshop,absent
office chairs london ontario,90,1,90,theofficeshop,absent
office furniture rentals,90,1,90,theofficeshop,absent
used office furniture brampton,90,1,90,theofficeshop,absent
keilhauer desk chairs,90,1,90,theofficeshop,absent
imt modular partitions,90,1,90,theofficeshop,absent
breakroom furniture,90,1,90,atwork,absent
modern office cubicles,90,1,90,atwork,absent
reception desk salon,90,1,90,atwork,absent
used office furniture hamilton,90,1,90,atwork,absent
white reception desk,90,1,90,atwork,absent
home and office supplies,90,1,90,grandandtoy,absent
home office products,90,1,90,grandandtoy,absent
index dividers insertable tabs,90,1,90,grandandtoy,absent
office depot saskatoon,90,1,90,grandandtoy,absent
office supply deals,90,1,90,grandandtoy,absent
cubicle accessories,90,1,90,grandandtoy,absent
steelcase leap headrest,70,1,70,poi,absent
steelcase leap canada,70,1,70,poi,absent
av solutions toronto,70,1,70,poi,absent
workplace consultant,70,1,70,poi,absent
toronto office furniture inc,70,1,70,theofficeshop,absent
used office furniture dealers,70,1,70,theofficeshop,absent
used office furniture markham,70,1,70,theofficeshop,absent
half lockers,70,1,70,atwork,absent
icon q2,70,1,70,atwork,absent
office supplies company,70,1,70,grandandtoy,absent
office supplies halifax,70,1,70,grandandtoy,absent
office supplies co,70,1,70,grandandtoy,absent
desktop file holder,70,1,70,grandandtoy,absent
office supplies montreal,70,1,70,grandandtoy,absent
office supply kelowna,70,1,70,grandandtoy,absent
rocelco desk riser,70,1,70,grandandtoy,absent
athena standing desk,70,1,70,grandandtoy,absent
office supplies moncton,70,1,70,grandandtoy,absent
retractable badge clip,70,1,70,grandandtoy,absent
cubicle hooks,70,1,70,grandandtoy,absent
sit-stand desktop,70,1,70,grandandtoy,absent
furniture supply,70,1,70,grandandtoy,absent
sit-stand desktop riser,70,1,70,grandandtoy,absent
logitech ergo k860 wireless ergonomic keyboard,70,1,70,grandandtoy,absent
limberlost place george brown,50,1,50,poi,absent
personal desk,50,1,50,poi,absent
used office furniture oakville,50,1,50,theofficeshop,absent
office supply companies canada,50,1,50,grandandtoy,absent
canadian office supply companies,50,1,50,grandandtoy,absent
office supply store canada,50,1,50,grandandtoy,absent
