keyword,position,domain,title,url
best office chair canada,1,officechairscanada.com,I Tested the Best Ergonomic Office Chairs in Canada (2025),https://officechairscanada.com/best-ergonomic-office-chairs-canada-tested-2025/?srsltid=AfmBOopsR5K-vaMa_A-sKjtrmm9ZM-rd
best office chair canada,2,www.nytimes.com,"The 5 Best Office Chairs, According to Our Testing",https://www.nytimes.com/wirecutter/reviews/best-office-chair/
best office chair canada,3,www.btod.com,Best Office Chairs For Long Hours and Back Pain Relief 2026,https://www.btod.com/blog/best-office-chair-reviews/?srsltid=AfmBOorBKXJnpyHI5D1gCH7M1y-0BFmNaDbvHuPvYyRi_PytRgEDXd-k
best office chair canada,4,www.branchfurniture.ca,Office Ergonomic Chairs,https://www.branchfurniture.ca/products/ergonomic-chair?srsltid=AfmBOorbG1wKDq7BIDAqsuCprBl95X6Z6A13GXgqGYkiXxpdnUv0Ctou
best office chair canada,5,www.staples.ca,Shop Office Chairs | Upgrade Your Workspace,https://www.staples.ca/collections/office-chairs-65
best office chair canada,6,www.techradar.com,Best office chairs 2026: Comfort & support for every budget,https://www.techradar.com/best/best-office-chairs
best office chair canada,7,www.reddit.com,Any canadian alternative for quality office chair,https://www.reddit.com/r/BuyCanadian/comments/1mgrl3k/any_canadian_alternative_for_quality_office_chair/
best office chair canada,8,www.ugoburo.ca,Top Ergonomic Office Chairs in Canada | Expert Selection,https://www.ugoburo.ca/en/office-chair/ergonomic-chair.html?srsltid=AfmBOorq5-pWtooezltXEmJFRD3lv_NPCQylo9of_hsbAgx4GxWI
best office chair canada,9,www.aosom.ca,10 Best Computer Chairs in Canada for Home Office and ...,https://www.aosom.ca/blog-best-computer-chairs-in-canada.html?srsltid=AfmBOorD19AQUX-ZKugWjJt-LUlTU_2MjH1blKcEDOBuYi_fKY
best office chair canada,10,www.youtube.com,We Picked the Best Office Chair For Every Price (2025 Update),https://www.youtube.com/watch?v=F0PqBCgyq6A
best office chairs,1,www.btod.com,What Are The Best Amazon Office Chairs Right Now?,https://www.btod.com/blog/amazon-office-chairs-now/?srsltid=AfmBOopBEmuDwxVgF7Cskbb2utEIPLf6tvaRV7i1x-K-qqWpuLcdWMn8
best office chairs,2,www.reddit.com,Good ergonomic/office chair recommendations?,https://www.reddit.com/r/BuyItForLife/comments/1q5ckhd/good_ergonomicoffice_chair_recommendations/
best office chairs,3,www.nytimes.com,"The 5 Best Office Chairs, According to Our Testing",https://www.nytimes.com/wirecutter/reviews/best-office-chair/
best office chairs,4,store.hermanmiller.com,"Ergonomic Office Chairs, Desk Chairs & Task Chairs",https://store.hermanmiller.com/office-chairs-ergonomic-chairs?lang=en_CA
best office chairs,5,www.techradar.com,Best office chairs 2026: Comfort & support for every budget,https://www.techradar.com/best/best-office-chairs
best office chairs,6,www.youtube.com,I've Tested 150+ Chairs. These are the Best at Every Price.,https://www.youtube.com/watch?v=i7Pu2UG7u78
best office chairs,7,www.amazon.ca,The most popular items in Home Office Desk Chairs,https://www.amazon.ca/Best-Sellers-Home-Office-Desk-Chairs/zgbs/kitchen/6646895011
best office chairs,8,www.staples.ca,Shop Ergonomic Office Chairs | Built for Comfort,https://www.staples.ca/collections/ergonomic-chairs-6879
best office chairs,9,www.wired.com,15 Best Office Chairs of 2026— I've Tested 65 to Pick Them,https://www.wired.com/gallery/best-office-chairs/
best office chairs,10,www.reddit.com,Office Chairs,https://www.reddit.com/r/OfficeChairs/
best office chairs for long hours,1,www.btod.com,Best Office Chairs For Long Hours and Back Pain Relief 2026,https://www.btod.com/blog/best-office-chair-reviews/?srsltid=AfmBOopiues7tgE0sR69wxYMe6mW3lxBBIp151s4uNBHrGWk3Ku60FC3
best office chairs for long hours,2,officechairscanada.com,I Tested the Best Ergonomic Office Chairs in Canada (2025),https://officechairscanada.com/best-ergonomic-office-chairs-canada-tested-2025/?srsltid=AfmBOooCKhy6R9Dt6j_N6_wcHTa4POn5
best office chairs for long hours,3,www.reddit.com,What's the best office chair for long hours of wfh? Which ...,https://www.reddit.com/r/remotework/comments/1jdz9k9/whats_the_best_office_chair_for_long_hours_of_wfh/
best office chairs for long hours,4,www.techradar.com,Best office chairs 2026: Comfort & support for every budget,https://www.techradar.com/best/best-office-chairs
best office chairs for long hours,5,boulies.com,What is the Best Office Chair for Long Hours of Sitting,https://boulies.com/blogs/tips-and-guides/what-is-the-best-office-chair-for-long-hours-of-sitting?srsltid=AfmBOopWJjnju6
best office chairs for long hours,6,www.staples.ca,Shop Ergonomic Office Chairs | Built for Comfort,https://www.staples.ca/collections/ergonomic-chairs-6879
best office chairs for long hours,7,www.amazon.ca,Best Office Chairs For Long Hours,https://www.amazon.ca/best-office-chairs-long-hours/s?k=best+office+chairs+for+long+hours
best office chairs for long hours,8,www.wired.com,15 Best Office Chairs of 2026— I've Tested 65 to Pick Them,https://www.wired.com/gallery/best-office-chairs/
best office chairs for long hours,9,www.nytimes.com,"The 5 Best Office Chairs, According to Our Testing",https://www.nytimes.com/wirecutter/reviews/best-office-chair/
best office chairs for long hours,10,www.facebook.com,What are the best ergonomic office chairs for long duration ...,https://www.facebook.com/groups/askparisontario/posts/2172082013297187/
best standing desk canada,1,www.reddit.com,Best standing desk for Canada? : r/StandingDesk,https://www.reddit.com/r/StandingDesk/comments/17dfclr/best_standing_desk_for_canada/
best standing desk canada,2,www.flexispot.ca,Standing Desk - Height Adjustable Desks - FlexiSpot Canada,https://www.flexispot.ca/category/height-adjustable-standing-desks?srsltid=AfmBOooRvOAHFAXm9P_IPGKoLkQgCwuu-qHPU5guITpmd
best standing desk canada,3,www.progressivedesk.ca,Progressive Desk,https://www.progressivedesk.ca/?srsltid=AfmBOorWFF-ClLFSsc8mCYoAZMS8JqKECGQCLs9V8QfgXIXQVHjYmg0y
best standing desk canada,4,desky.ca,Height Adjustable Standing Desks,https://desky.ca/collections/standing-desks?srsltid=AfmBOoriBoD2C7UA3JPOyQJkXCFEbbcXn4gxabTYBHYI7BIiP3oPj5P3
best standing desk canada,5,www.workwhilewalking.com,Top Canadian Standing Desk | Experts Review,https://www.workwhilewalking.com/top-canadian-standing-desks
best standing desk canada,6,www.nytimes.com,The 3 Best Standing Desks in 2026 | Reviews by Wirecutter,https://www.nytimes.com/wirecutter/reviews/best-standing-desk/
best standing desk canada,7,www.autonomous.ai,The Standing Desks Worth Buying in Canada 2026,https://www.autonomous.ai/ourblog/best-standing-desk-reviews-in-canada
best standing desk canada,8,www.bestbuy.ca,Standing Desks,https://www.bestbuy.ca/en-ca/collection/standing-desks/74086
best standing desk canada,9,www.ugoburo.ca,Best Standing Desk Canada - Sit Stand Ergonomic Desk,https://www.ugoburo.ca/en/office-desk-furniture/sit-standing-desk-up.html?srsltid=AfmBOorb_Tg7zKGoypLuPi3y4S5vuyTzhTFRsE
best standing desk canada,10,www.shoppingtrends.ca,Our Guide to the Best Standing Desks in Canada in 2026 (And ...,https://www.shoppingtrends.ca/home/best-standing-desks-canada.html
best ergonomic office chair canada,1,officechairscanada.com,I Tested the Best Ergonomic Office Chairs in Canada (2025),https://officechairscanada.com/best-ergonomic-office-chairs-canada-tested-2025/?srsltid=AfmBOoqaAauAorsu-Xvy8nv1rHpoY0Sh
best ergonomic office chair canada,2,desky.ca,Ergonomic Office Chairs,https://desky.ca/collections/ergonomic-chairs?srsltid=AfmBOoqjSaWgpjhftMR_hfqPhIR5DlS7zPUmToAUKHTUv6-Cxk2KqlTZ
best ergonomic office chair canada,3,www.nytimes.com,"The 5 Best Office Chairs, According to Our Testing",https://www.nytimes.com/wirecutter/reviews/best-office-chair/
best ergonomic office chair canada,4,www.reddit.com,Any canadian alternative for quality office chair,https://www.reddit.com/r/BuyCanadian/comments/1mgrl3k/any_canadian_alternative_for_quality_office_chair/
best ergonomic office chair canada,5,www.ugoburo.ca,Top Ergonomic Office Chairs in Canada | Expert Selection,https://www.ugoburo.ca/en/office-chair/ergonomic-chair.html?srsltid=AfmBOorHF_nNQfQRP14-ld6lsjt815QNOokM4KyStQGwrcLVoZoo
best ergonomic office chair canada,6,www.techradar.com,Best office chairs 2026: Comfort & support for every budget,https://www.techradar.com/best/best-office-chairs
best ergonomic office chair canada,7,store.hermanmiller.com,"Ergonomic Office Chairs, Desk Chairs & Task Chairs",https://store.hermanmiller.com/office-chairs-ergonomic-chairs?lang=en_CA
best ergonomic office chair canada,8,www.btod.com,Best Office Chairs For Long Hours and Back Pain Relief 2026,https://www.btod.com/blog/best-office-chair-reviews/?srsltid=AfmBOordOwh9Mv2kohS8sDEHP3czLOd1ZSWS4-Scdm6h8juU2SUP9mym
best ergonomic office chair canada,9,www.youtube.com,I've Tested 150+ Chairs. These are the Best at Every Price.,https://www.youtube.com/watch?v=i7Pu2UG7u78
best ergonomic office chair canada,10,officeseating.ca,Ergonomic Office & Task Chairs Canada | Office Seating,https://officeseating.ca/ergonomic-office-chairs?srsltid=AfmBOoqGUNnfxNig9VNf094ZnGoYCEzGaabHrA3fO9Ufy4gFBi7ZWCOZ
canadian made office chairs,1,www.ugoburo.ca,Commercial Office Chairs Made in Canada,https://www.ugoburo.ca/en/office-chair.html?srsltid=AfmBOoqc5D_2A5v7iOpGzI7rvyzunAeEtlbE41yY5q4ak5QJ54DoOyzt
canadian made office chairs,2,www.reddit.com,Office chairs made in Canada? : r/BuyCanadian,https://www.reddit.com/r/BuyCanadian/comments/1iv3a16/office_chairs_made_in_canada/
canadian made office chairs,3,officeseating.ca,Office Chairs Canada | Fast Delivery and Free Shipping,https://officeseating.ca/?srsltid=AfmBOorJRQVt5Hl7pNB881WVOdoEpVw31ziZr3bSWhlknDgTtLdQPvaO
canadian made office chairs,4,madeinca.ca,Canadian Made Office Furniture,https://madeinca.ca/category/furniture/officefurniture/
canadian made office chairs,5,officechairscanada.com,I Tested the Best Ergonomic Office Chairs in Canada (2025),https://officechairscanada.com/best-ergonomic-office-chairs-canada-tested-2025/?srsltid=AfmBOorQO5cakh1Jbw3gfnza-BBf3TXh
canadian made office chairs,6,www.branchfurniture.ca,Canada Office Furniture | Branch,https://www.branchfurniture.ca/?srsltid=AfmBOoqCwMlOBud6LCf9jXkGTAduuI3p0C0SJ_YmlWW5UjUkmsyE9Qsy
canadian made office chairs,7,simplova.ca,"Avro™ Task Chair | Ergonomic Seating, Canadian Made",https://simplova.ca/products/avro?srsltid=AfmBOooA22w3Ce5QakIF7yzh7piB3IXWUGBhFjcR1vbqB0vMqtpxD6dH
canadian made office chairs,8,www.degaspe.ca,Solid Wood Office Furniture - Made in Canada,https://www.degaspe.ca/en/residential/homeoffice.html?srsltid=AfmBOoqlqJAfTf54mwOC_yoGsRfYrt3js3H6i_FLmHKvuDTbuAOS67kw
canadian made office chairs,9,desky.ca,Ergonomic Office Chairs,https://desky.ca/collections/ergonomic-chairs?srsltid=AfmBOorxXNMS6qDma-9arbZJwIJfNWxteOPQ9IPEm5aQhl7kubDWHzb3
canadian made office chairs,10,chairlines.com,Proudly Canadian – Chairlines,https://chairlines.com/pages/proudly-canadian?srsltid=AfmBOooHbcvwHWpC9OBFe1uUuQB7TJkZcX88Zf92bGjMuCXgBAwvb91g
office pods canada,1,officepod.ca,Office Pods by Getawayer Canada Inc.,https://officepod.ca/
office pods canada,2,www.officeinteriors.ca,"Office Pods, Booths & Modular Meeting Rooms",https://www.officeinteriors.ca/architectural-interiors/office-pods
office pods canada,3,wallenium.ca,Best Office Phone Booths & Office Pods Canada 2026,https://wallenium.ca/
office pods canada,4,atwork.ca,Office Phone Booth - Office Pods - Zoom Room,https://atwork.ca/product-category/office-phone-booth-pod/?srsltid=AfmBOorQR9wFobg3vmnAv19rPmIaBiZFvUq5FjA-TOc9f8fUhYmo2
office pods canada,5,albertaofficefurniture.ca,Kubebooth Soundproof Office Pods,https://albertaofficefurniture.ca/soundproof-pods/
office pods canada,6,www.branchfurniture.ca,Quad Booth | Soundproof Meeting Pod for Small Teams,https://www.branchfurniture.ca/products/quad-booth?srsltid=AfmBOoocD3xieqfIfyElkmx8eNWzuh33yY0nYJVXAV0LDrj8RkDU2J8m
office pods canada,7,www.kubebooth.com,Kubebooth: Luxury Soundproof Office Pods & Phone Booths,https://www.kubebooth.com/
office pods canada,8,mikmaqofficefurniture.ca,Category 4 – Phone Booths + Work Pods,https://mikmaqofficefurniture.ca/product-category/federal-government/cat-4-phone-booths-pods/
office pods canada,9,workinbooth.ca,Two-Person Meeting Pod for Offices in Canada - WorkBooth,https://workinbooth.ca/two
office pods canada,10,www.distrimar.ca,Privacy Booths - Distrimar,https://www.distrimar.ca/en/products/privacy-booths/
heavy duty office chair,1,www.ugoburo.ca,Big & Tall Office Chair - Heavy Duty Chairs Canada,https://www.ugoburo.ca/en/office-chair/big-tall-chair-heavy-duty-canada.html?srsltid=AfmBOopqeFVG3S3ble4RPAYUGzW0Lh6KMYx
heavy duty office chair,2,www.amazon.ca,Office Chair High Weight Capacity,https://www.amazon.ca/office-chair-high-weight-capacity/s?k=office+chair+high+weight+capacity
heavy duty office chair,3,www.costco.ca,Office Chairs,https://www.costco.ca/office-chairs.html
heavy duty office chair,4,atwork.ca,Big & Tall Office Chairs,https://atwork.ca/product-category/office_chairs/big-tall/?srsltid=AfmBOorvY790p0egxVAywAnktK18MxgCz8elEmnfanmOEcxiulLaG
heavy duty office chair,5,www.youtube.com,Best Big and Tall Office Chair 600lb? Heavy Duty Executive ...,https://www.youtube.com/watch?v=M76kAx6aGJA
heavy duty office chair,6,www.huskyoffice.com,Heavy Duty Office Chairs | Built to Last,https://www.huskyoffice.com/heavy-duty-office-chairs?srsltid=AfmBOopwracA6iRyvzboJ5eDIoQ0Qm6FWSotXsoMEF8m2WqjjeicT324
heavy duty office chair,7,www.forbes.com,Best Big And Tall Office Chairs 2026,https://www.forbes.com/sites/forbes-personal-shopper/article/best-big-and-tall-office-chair/
heavy duty office chair,8,www.bestbuy.ca,Office Chairs for Heavy Weight,https://www.bestbuy.ca/en-ca/shop/home-living/office-chair-for-heavy-weight
heavy duty office chair,9,www.staples.ca,103 Results for: big tall office chair,https://www.staples.ca/search?query=big%20tall%20office%20chair
heavy duty office chair,10,www.staples.ca,103 Results for: big tall office chair,https://www.staples.ca/search?query=big%20tall%20office%20chair
best executive office chair,1,officechairscanada.com,I Tested the Best Ergonomic Office Chairs in Canada (2025),https://officechairscanada.com/best-ergonomic-office-chairs-canada-tested-2025/?srsltid=AfmBOopCDMhe1KO8Pe1gauIzFeHhhDdw
best executive office chair,2,www.nytimes.com,"The 5 Best Office Chairs, According to Our Testing",https://www.nytimes.com/wirecutter/reviews/best-office-chair/
best executive office chair,3,www.techradar.com,Best office chairs 2026: Comfort & support for every budget,https://www.techradar.com/best/best-office-chairs
best executive office chair,4,www.staples.ca,Executive Office Chairs | Comfortable and Stylish,https://www.staples.ca/collections/executive-manager-chairs-8922
best executive office chair,5,officeseating.ca,Executive Office Chairs Canada | Office Seating,https://officeseating.ca/executive-seating?srsltid=AfmBOoqCX1gUUtv2g-yA07kRt-v0KGqmuFsPcG9alaViwYYyRg7DrTTT
best executive office chair,6,www.btod.com,Best Office Chairs For Long Hours and Back Pain Relief 2026,https://www.btod.com/blog/best-office-chair-reviews/?srsltid=AfmBOop7XGBoaU1COinXqIAzvKATGRV5-F004e5ZDsQ3u_crULlRpXh-
best executive office chair,7,www.amazon.ca,Managerial & Executive Chairs,https://www.amazon.ca/Best-Sellers-Managerial-Chairs-Executive-Chairs/zgbs/kitchen/7239750011
best executive office chair,8,www.reddit.com,Good ergonomic/office chair recommendations?,https://www.reddit.com/r/BuyItForLife/comments/1q5ckhd/good_ergonomicoffice_chair_recommendations/
best executive office chair,9,www.bestbuy.com,Executive Chairs,https://www.bestbuy.com/site/desk-chairs/executive-chairs/pcmcat1625663605342.c?id=pcmcat1625663605342
best executive office chair,10,www.forbes.com,Best Office Chairs 2026 | Tested,https://www.forbes.com/sites/forbes-personal-shopper/article/best-office-chairs/
commercial office furniture,1,www.branchfurniture.ca,Workplace Office Furniture,https://www.branchfurniture.ca/collections/workplace?srsltid=AfmBOoqGMdRSDTPQ8lccLiXqpFG8dc2ZB250REQM5fh1kFpZ3Wyq-74d
commercial office furniture,2,www.staples.ca,Commercial Office Furniture - Desks & Cabinets,https://www.staples.ca/collections/commercial-office-furniture-71
commercial office furniture,3,officestock.com,"Officestock - Modern office furniture store, chairs, desks ...",https://officestock.com/en-ca?srsltid=AfmBOoqyXSuUjglapSvQnTDWk9M401L7FvtlgOO8WILF_lDN-TrQYgl3
commercial office furniture,4,atwork.ca,Office Furniture | Office Furniture Canada | atWork.ca • atWork ...,https://atwork.ca/?srsltid=AfmBOop8KHjs88Qr9g2jMyDV5OIlmPWD83BjN2R1zsPm4QoAfFq0th-D
commercial office furniture,5,www.officestogo.com,Office Furniture in Canada,https://www.officestogo.com/en-ca/
commercial office furniture,6,albertaofficefurniture.ca,Shop Office Furniture,https://albertaofficefurniture.ca/shop/
commercial office furniture,7,www.officeinteriors.ca,Office Furniture,https://www.officeinteriors.ca/office-furniture/
commercial office furniture,8,www.sourceofficefurniture.ca,Source Office Furniture - Canada's Leading Office Furnishings ...,https://www.sourceofficefurniture.ca/?srsltid=AfmBOopb_iqvF_IVSU1qD2uFAzZ5qLQBpIdW8M4Py6UAvzTc3EUhLC3Q
commercial office furniture,9,www.busfurn.com,"Business Furnishings: Office Furniture Saskatoon, Regina ...",https://www.busfurn.com/
commercial office furniture,10,www.ugoburo.ca,Office Desk - Business Work Desk Canada,https://www.ugoburo.ca/en/office-desk-furniture.html?srsltid=AfmBOoo4TCfUb2Z4s5KIT9XhBrg4gFLWYXQGX7wDVecdsS5Ht9aFEIvO
best filing cabinet,1,www.architecturaldigest.com,The Filing Cabinet Got a Glow-Up,https://www.architecturaldigest.com/story/best-filing-cabinets
best filing cabinet,2,www.bestbuy.ca,Filing Cabinets & Office Storage,https://www.bestbuy.ca/en-ca/category/filing-cabinets-office-storage/32470
best filing cabinet,3,www.thespruce.com,9 File Cabinets to Upgrade Your Home Office,https://www.thespruce.com/best-file-cabinets-6824845
best filing cabinet,4,www.ikea.com,Filing Cabinets & Storage Drawers,https://www.ikea.com/ca/en/cat/filing-cabinets-storage-drawers-10385/
best filing cabinet,5,www.reddit.com,"Good-looking, GTD-friendly file cabinets",https://www.reddit.com/r/gtd/comments/gqmtkq/goodlooking_gtdfriendly_file_cabinets/
best filing cabinet,6,mobilia.ca,Modern Filing Cabinets and Drawer Units For Home Offices,https://mobilia.ca/en/office/office-storage/filing-cabinets.html?srsltid=AfmBOorn3xlJKVBDNErqjkhpbkwSmtXjIdpIq_JIxjVuih5
best filing cabinet,7,www.amazon.com,Best Office File Cabinets,https://www.amazon.com/Best-Sellers-Office-File-Cabinets/zgbs/office-products/1069166
best filing cabinet,8,www.wayfair.ca,Filing Cabinets You'll Love,https://www.wayfair.ca/furniture/sb0/filing-cabinets-c251655.html
best filing cabinet,9,www.staples.ca,Choosing Office Filing Cabinets for Any Business,https://www.staples.ca/a/learn/choosing-office-filing-cabinets-for-any-business
best filing cabinet,10,www.containerstore.com,Shop Filing Cabinets at The Container Store,https://www.containerstore.com/s/office/filing-cabinets/12
best office furniture toronto,1,www.casalife.com,Modern Home Office Furniture | Toronto,https://www.casalife.com/office?srsltid=AfmBOorvrpM39q_-DC6sdaGlipCqVzGTJSeqoNFq-Ce7tUIzYwdNHID0
best office furniture toronto,2,www.barrysofficefurniture.com,"New and Used Office Furniture, Toronto GTA. North York ...",https://www.barrysofficefurniture.com/
best office furniture toronto,3,officestock.com,"Officestock - Modern office furniture store, chairs, desks ...",https://officestock.com/en-ca?srsltid=AfmBOooL0SbGqWJdwA6l9kGyTm_6-k7osvzDHnyOFawZ8CS4cg4ghIZI
best office furniture toronto,4,theofficeshop.ca,The Office Shop: #1 Office Furniture Store in Toronto & Markham,https://theofficeshop.ca/
best office furniture toronto,5,www.reddit.com,Where to buy high-end or good quality desk/office chair?,https://www.reddit.com/r/askTO/comments/13huhpa/where_to_buy_highend_or_good_quality_deskoffice/
best office furniture toronto,6,www.sourceofficefurniture.ca,Office Furniture Store in the Greater Toronto Area,https://www.sourceofficefurniture.ca/office-furniture-gta?srsltid=AfmBOoqZFpiOYlqX5Y0J83liHsl4xTR3ZBEuyZsqh3yGgcqplr2_nV
best office furniture toronto,7,www.ufficiofurniture.com,Ufficio Furniture: Used & New Office Furniture Store in ...,https://www.ufficiofurniture.com/
best office furniture toronto,8,www.branchfurniture.ca,Office Furniture That Works | Canada Office Furniture | Branch,https://www.branchfurniture.ca/?srsltid=AfmBOopPCJn6kOnlABzhpZZEDdtxqkVSd1gqAoCah1sVHzEND17tBWPf
best office furniture toronto,9,www.designlinesmagazine.com,5 Top Stores for Home Office Furniture,https://www.designlinesmagazine.com/5-top-stores-for-home-office-furniture/
best office furniture toronto,10,www.northern-interiors.ca,"Office Modern and Luxury Furniture in Toronto, Ontario - NIC",https://www.northern-interiors.ca/collections/office-furniture?srsltid=AfmBOopkfxqFMUDMEvDSEjg2aERirokJj01_xDerykJ7-mwi4
best big and tall office chair,1,www.reddit.com,Big and tall computer chair recommendations?,https://www.reddit.com/r/BuyItForLife/comments/zjje27/big_and_tall_computer_chair_recommendations/
best big and tall office chair,2,www.forbes.com,Best Big And Tall Office Chairs 2026,https://www.forbes.com/sites/forbes-personal-shopper/article/best-big-and-tall-office-chair/
best big and tall office chair,3,www.staples.ca,103 Results for: big tall office chair,https://www.staples.ca/search?query=big%20tall%20office%20chair
best big and tall office chair,4,www.ugoburo.ca,Big & Tall Office Chair - Heavy Duty Chairs Canada,https://www.ugoburo.ca/en/office-chair/big-tall-chair-heavy-duty-canada.html?srsltid=AfmBOoq5D1xO_T1Pj3VgClUoeA8Efj_vu-4
best big and tall office chair,5,www.techradar.com,Best office chairs 2026: Comfort & support for every budget,https://www.techradar.com/best/best-office-chairs
best big and tall office chair,6,www.officedepot.com,Big & Tall Chairs - Shop Online or Try In Store,https://www.officedepot.com/b/big-and-tall-chairs/N-593062
best big and tall office chair,7,officechairscanada.com,Big and Tall Executive Office Chair,https://officechairscanada.com/product/big-and-tall-executive-office-chair/?srsltid=AfmBOorrsFFoEFo-jKyAchBk1_LGN4pBOEEX
best big and tall office chair,8,www.btod.com,The 7 Best Big and Tall Chairs That ACTUALLY Fit in 2026,https://www.btod.com/blog/best-big-tall-office-chairs/?srsltid=AfmBOopRwX2Di1kNzZp54EgMcyul7ndPQAf2nnrEOzzkzHTf6dNoi_xE
best big and tall office chair,9,www.ign.com,The 5 Best Big and Tall Gaming Chairs in 2026,https://www.ign.com/articles/best-big-and-tall-gaming-chairs
best big and tall office chair,10,www.bestbuy.com,big and tall office chair,https://www.bestbuy.com/site/searchpage.jsp?id=pcat17071&st=big%20and%20tall%20office%20chair
cubicle vs open office,1,www.reddit.com,People who've worked in offices or cubicles vs. open ...,https://www.reddit.com/r/AskReddit/comments/383j6o/people_whove_worked_in_offices_or_cubicles_vs/
cubicle vs open office,2,www.deskbird.com,"Cubicles vs open office: pros, cons, and what works",https://www.deskbird.com/blog/cubicles-vs-open-office
cubicle vs open office,3,www.mindspace.me,Open Office vs Cubicle - Which is Best for Productivity?,https://www.mindspace.me/blog/open-office-vs-cubicle/
cubicle vs open office,4,www.servcorp.co.uk,The Pros and Cons of Open Plan Office vs. Cubicle,https://www.servcorp.co.uk/en/blog/business-networking/pros-and-cons-open-plan-office-vs-cubicle/
cubicle vs open office,5,www.versare.com,Open Offices vs. Cubicles: Pros and Cons,https://www.versare.com/blog/open-office-vs-cubicles/?srsltid=AfmBOorsUFQtMAb2dNxNWj3dypdNz2L26jDXFPXklfxhjmr-dAnZZ8Bc
cubicle vs open office,6,www.officechairsunlimited.com,Why choose an Open Office Plan over Cubicles?,https://www.officechairsunlimited.com/pages/open-office-vs-cubicle?srsltid=AfmBOorAi_OF86xOnwEVoRfqcakOvbry5l1DPRNdHGTHe
cubicle vs open office,7,www.rosiinc.com,Cubicle vs Open Office: Which is Best?,https://www.rosiinc.com/blog/cubicle-vs-open-office-which-is-best/
cubicle vs open office,8,sunlineoffice.com,Open Office vs Cubicle: Which Layout Works Best?,https://sunlineoffice.com/open-office-vs-cubicle/
cubicle vs open office,9,www.wallstreetoasis.com,Open offices vs. cubicles - Which one do you prefer?,https://www.wallstreetoasis.com/forum/off-topic/open-offices-vs-cubicles-which-one-do-you-prefer
cubicle vs open office,10,coworkingchicago.net,Cubicles vs. Open Office: Finding the Ideal Workspace,https://coworkingchicago.net/blog/cubicles-vs-open-office-which-one-is-right-for-you
herman miller vs steelcase,1,www.reddit.com,Herman Miller Aeron or Steelcase Leap V2? Help me ...,https://www.reddit.com/r/BuyItForLife/comments/sb5hv1/herman_miller_aeron_or_steelcase_leap_v2_help_me/
herman miller vs steelcase,2,www.btod.com,Aeron Chair VS. Leap v2: My Review After 3 Years Use,https://www.btod.com/blog/aeron-vs-leap-3-years-later/?srsltid=AfmBOorpIVvGoq4rgff4zOgZoCiRlRfV8tCmoLL9XpAwWZF6l21igt6S
herman miller vs steelcase,3,www.creativebloq.com,Herman Miller vs Steelcase,https://www.creativebloq.com/features/herman-miller-vs-steelcase
herman miller vs steelcase,4,arielle.com.au,Herman Miller Aeron vs Steelcase Leap: Ultimate Showdown,https://arielle.com.au/herman-miller-aeron-vs-steelcase-leap/
herman miller vs steelcase,5,www.zuowe.com,Herman Miller vs. Steelcase Chair: Which Chair is Right for ...,https://www.zuowe.com/herman-miller-vs-steelcase-chair/
herman miller vs steelcase,6,www.btod.com,Herman Miller Aeron VS. Steelcase Gesture Chair in 2026,https://www.btod.com/blog/aeron-chair-vs-gesture-chair/?srsltid=AfmBOoofaogTmxJzcuIEijp_jl61y4o-SaOtP6gfCFNbakdso_gC2ONs
herman miller vs steelcase,7,www.btod.com,Steelcase Leap vs. Herman Miller Embody Chair in 2026,https://www.btod.com/blog/steelcase-leap-vs-herman-miller-embody/?srsltid=AfmBOop9TRFjMd_378odFmGawtxJupjfDgytdyXPRkfA-L
herman miller vs steelcase,8,www.officelogixshop.com,Knoll vs. Herman Miller vs. Steelcase: Best Office Chair ...,https://www.officelogixshop.com/blogs/news/best-office-chair-brands?srsltid=AfmBOorWEgXtPucAu82f8SjXu3OTwW1OuIp2RU--XCbe
herman miller vs steelcase,9,www.youtube.com,WHICH IS BETTER: Herman Miller AERON vs Anthros vs ...,https://www.youtube.com/watch?v=med-2P9Ln28
herman miller vs steelcase,10,www.quora.com,Which makes better office chairs: Steelcase or Herman ...,https://www.quora.com/Which-makes-better-office-chairs-Steelcase-or-Herman-Miller
best conference table,1,www.custom-conference-tables.com,Boardroom Conference Tables | Paul Downs Cabinetmakers,https://www.custom-conference-tables.com/conference-tables/category/boardroom/
best conference table,2,simplova.ca,The Best Conference Table Options for Every Meeting Space,https://simplova.ca/blogs/work-life-balance/best-conference-table-options-for-teams-of-4-8-12-and-beyond?srsltid=AfmBOor
best conference table,3,www.degaspe.ca,Modern Boardroom and Conference Tables,https://www.degaspe.ca/en/commercial-furniture/tables/conference-tables.html
best conference table,4,www.ugoburo.ca,Conference / Meeting - Boardroom Table,https://www.ugoburo.ca/en/office-table/conference-table-meeting.html?srsltid=AfmBOoowywvZh6vqetXafSeIs-1s7Zm7djDK4ytxAcs
best conference table,5,www.officeanything.com,Best Selling Conference Tables For Sale,https://www.officeanything.com/conference-room/conference-tables/best-selling-conference-tables/
best conference table,6,www.pinterest.com,Metal Conference Table,https://www.pinterest.com/ideas/metal-conference-table/910484887177/
best conference table,7,www.sourceofficefurniture.ca,Conference & Boardroom Tables,https://www.sourceofficefurniture.ca/shop/conference-and-boardroom-tables?srsltid=AfmBOordqxABEMbVIAeGIT98jd-uT4-i1HeeF8
best conference table,8,alandesk.com,How to Choose the Perfect Conference Table for Your Office,https://alandesk.com/how-to-choose-the-perfect-conference-table-for-your-office/
best conference table,9,www.globalfurnituregroup.com,"Office Tables: Conference, Meeting, Lounge Tables | Global",https://www.globalfurnituregroup.com/en-ca/categories/desking-tables/tables
best conference table,10,www.globalindustrial.ca,Office Conference Tables For Any Space,https://www.globalindustrial.ca/c/office/tables/conference_tables?srsltid=AfmBOooAEegKATAHSDKDkIBLEyHFN2nw9ziDEyeKlUxskw
best boardroom table,1,atwork.ca,Boardroom & Conference Tables,https://atwork.ca/product-category/tables/boardroom-conference-tables/?srsltid=AfmBOopPaFySjURBY0ymjTERcugiAtN9Sf6mekgQ9
best boardroom table,2,e3officefurniture.ca,Boardroom and Conference Tables - e3 Office Furniture,https://e3officefurniture.ca/product-category/quick-ship-office-furniture/cafe-conference-training-room-tables/boardroom
best boardroom table,3,www.custom-conference-tables.com,Boardroom Conference Tables | Paul Downs Cabinetmakers,https://www.custom-conference-tables.com/conference-tables/category/boardroom/
best boardroom table,4,www.sourceofficefurniture.ca,Conference & Boardroom Tables,https://www.sourceofficefurniture.ca/shop/conference-and-boardroom-tables?srsltid=AfmBOorKnsuNwUVAfc88tqnBmNmycn_Jr6hBcu
best boardroom table,5,www.globalfurnituregroup.com,"Office Tables: Conference, Meeting, Lounge Tables | Global",https://www.globalfurnituregroup.com/en-ca/categories/desking-tables/tables
best boardroom table,6,simplova.ca,The Best Conference Table Options for Every Meeting Space,https://simplova.ca/blogs/work-life-balance/best-conference-table-options-for-teams-of-4-8-12-and-beyond?srsltid=AfmBOor
best boardroom table,7,www.pinterest.com,Boardroom Tables,https://www.pinterest.com/ideas/boardroom-tables/908772398577/
best boardroom table,8,madisonliquidators.com,A Guide to Choosing a Large Conference Table for the ...,https://madisonliquidators.com/blog/a-guide-to-choosing-a-large-conference-table-for-the-boardroom/?srsltid=AfmBOoqq1KXK
best boardroom table,9,www.officeanything.com,Best Selling Conference Tables For Sale,https://www.officeanything.com/conference-room/conference-tables/best-selling-conference-tables/
best boardroom table,10,ixaxaoffice.co.za,What are the Best Boardroom Tables for Collaboration?,https://ixaxaoffice.co.za/blogs/news/what-are-the-best-boardroom-tables-for-collaboration?srsltid=AfmBOoqbjVsDhIaVbpMKH5
best reception desk,1,www.sourceofficefurniture.ca,Shop Office Reception Desks,https://www.sourceofficefurniture.ca/shop/reception-and-waiting-area-furniture/reception-desks?srsltid=AfmBOopVZtSjR_gIF
best reception desk,2,www.pinterest.com,310 Best Reception desk ideas in 2026,https://www.pinterest.com/tendaikaranja/reception-desk/
best reception desk,3,atwork.ca,Reception Desks • atWork Office Furniture Canada,https://atwork.ca/product-category/reception_desks/?srsltid=AfmBOooIC2N22CZkWG49UOxnRsSzAqv2ICrdUXwK2QHqnG_UKN66gk4I
best reception desk,4,www.reddit.com,Looking for Advice on Choosing a Reception Desk for My ...,https://www.reddit.com/r/BuyItForLife/comments/1js7awa/looking_for_advice_on_choosing_a_reception_desk/
best reception desk,5,www.northern-interiors.ca,Modern Custom Design Manufactured Reception Desks,https://www.northern-interiors.ca/collections/reception-desks?srsltid=AfmBOooRg3BZjcoLfhGRTZmwZn2p_aizWpsPw04iOmvRrpdKhH
best reception desk,6,learningcentre.officeinteriors.ca,Reception Desk 101: Your Ultimate Guide to Choosing the ...,https://learningcentre.officeinteriors.ca/blog/reception-desk-101
best reception desk,7,www.amazon.com,Best Reception Room Tables,https://www.amazon.com/Best-Sellers-Reception-Room-Tables/zgbs/office-products/490919011
best reception desk,8,solutionsm3.com,Reception Desks & Counters Canada,https://solutionsm3.com/en-ca/collections/reception-desks-counters?srsltid=AfmBOoqfKLgdFrwYLkiekiG7T3DrdmyT8FldFYVB40nGX
best reception desk,9,www.youtube.com,50 Office Reception Desk Design Ideas 2025|Modern ...,https://www.youtube.com/watch?v=Y8NlN0c0IB4
best reception desk,10,www.auraadesign.co.uk,Top 10 Modern Reception Desks,https://www.auraadesign.co.uk/blog/top-10-modern-reception-desks/
office chairs canada,1,store-ca.haworth.com,Office Chairs,https://store-ca.haworth.com/collections/office-chairs?srsltid=AfmBOoo_9lC47JcQax_I24eB4PMT_ynaUWc81Fuk26WP12G8X6D9r7Bn
office chairs canada,2,www.ikea.com,Desk Chairs & Computer Chairs - Affordable Office Chairs,https://www.ikea.com/ca/en/cat/desk-chairs-20652/
office chairs canada,3,www.costco.ca,Office Chairs,https://www.costco.ca/office-chairs.html
office chairs canada,4,officechairscanada.com,I Tested the Best Ergonomic Office Chairs in Canada (2025),https://officechairscanada.com/best-ergonomic-office-chairs-canada-tested-2025/?srsltid=AfmBOoreIqMCDsg2n4nxElnqaPxmGIO0
office chairs canada,5,www.reddit.com,Office chairs made in Canada? : r/BuyCanadian,https://www.reddit.com/r/BuyCanadian/comments/1iv3a16/office_chairs_made_in_canada/
office chairs canada,6,officeseating.ca,Office Chairs Canada | Fast Delivery and Free Shipping,https://officeseating.ca/?srsltid=AfmBOoqL0V1eRCXTt4FjXnmg_O-vNn-MDu0Ff0QSL4dHy11f_ZjoeYlV
office chairs canada,7,www.youtube.com,We Picked the Best Office Chair For Every Price (2025 Update),https://www.youtube.com/watch?v=F0PqBCgyq6A
office chairs canada,8,www.branchfurniture.ca,Office Ergonomic Chairs,https://www.branchfurniture.ca/products/ergonomic-chair?srsltid=AfmBOorZo07lCqSYmXK7mYkjbIHv_ehy9BXt9bBTmSfW3zfrvgeaif-b
office chairs canada,9,desky.ca,Ergonomic Office Chairs,https://desky.ca/collections/ergonomic-chairs?srsltid=AfmBOop_bfAgFfbec3u51zMs5mvrYGMFQrUHcdkMSlZJi-LJ_cKpfeG6
office chairs canada,10,www.sourceofficefurniture.ca,Office Chairs & Seating,https://www.sourceofficefurniture.ca/shop/office-chairs-and-seating?srsltid=AfmBOor_BuNUF5pI8B34qJqKbCczm8UiBdJjPoyu9g25
best budget office chair,1,www.btod.com,Amazon's Finest Office Chair Picks Below $300 in 2026,https://www.btod.com/blog/amazons-finest-chair-picks-300/?srsltid=AfmBOoqSqYl50ig8Mcu3IlhAXQVxE8N2cIjmClUMm1YCO9a1CXXUx5
best budget office chair,2,www.reddit.com,Any Recommendations for a Super Comfortable ...,https://www.reddit.com/r/pcmasterrace/comments/1m6xde5/any_recommendations_for_a_super_comfortable/
best budget office chair,3,www.techradar.com,Best office chairs 2026: Comfort & support for every budget,https://www.techradar.com/best/best-office-chairs
best budget office chair,4,www.nytimes.com,"The 5 Best Office Chairs, According to Our Testing",https://www.nytimes.com/wirecutter/reviews/best-office-chair/
best budget office chair,5,officechairscanada.com,I Tested the Best Ergonomic Office Chairs in Canada (2025),https://officechairscanada.com/best-ergonomic-office-chairs-canada-tested-2025/?srsltid=AfmBOop4AHsgvWqyyaxICn02S2oZC9eg
best budget office chair,6,www.wired.com,15 Best Office Chairs of 2026— I've Tested 65 to Pick Them,https://www.wired.com/gallery/best-office-chairs/
best budget office chair,7,www.creativebloq.com,I don't often rate all budget office chairs,https://www.creativebloq.com/news/can-budget-chairs-be-ergonomic
best budget office chair,8,www.bestbuy.ca,Office Chairs,https://www.bestbuy.ca/en-ca/category/office-chairs/32469
best budget office chair,9,www.youtube.com,We Picked the Best Office Chair For Every Price (2025 Update),https://www.youtube.com/watch?v=F0PqBCgyq6A
best budget office chair,10,www.thespruce.com,"The 6 Best Office Chairs, Tested for Every Budget and ...",https://www.thespruce.com/best-office-chairs-4066081
