keyword,question
best office chair canada,What is the best office chair for sitting long hours?
best office chair canada,What are the highest quality office chairs?
best office chair canada,Which is the best brand for office chairs?
best office chair canada,Which chair is best for long sitting hours?
best office chair canada,What chairs do chiropractors recommend at an office?
best office chair canada,What chair does Elon Musk sit in?
best office chair canada,What chairs do chiropractors recommend at an office?
best office chair canada,What chair does Elon Musk sit in?
best office chair canada,What chairs do chiropractors recommend at an office?
best office chair canada,What chair does Elon Musk sit in?
best ergonomic office chair canada,What is the best ergonomic office chair for long hours?
best ergonomic office chair canada,What is the best office chair to buy in Canada?
best ergonomic office chair canada,What chairs do chiropractors recommend at an office?
best ergonomic office chair canada,What is the best chair for long hours of sitting for work?
best ergonomic office chair canada,What chairs do chiropractors recommend at an office?
best ergonomic office chair canada,What chair does Elon Musk use?
canadian made office chairs,What is the best office chair to buy in Canada?
canadian made office chairs,What brands of furniture are made in Canada?
canadian made office chairs,Is ergoCentric a Canadian company?
canadian made office chairs,Is Herman Miller made in the USA?
canadian made office chairs,What office chairs are made in Canada?
canadian made office chairs,Is SecretLab a Canadian company?
best filing cabinet,What are the best quality filing cabinets?
best filing cabinet,Does anyone use filing cabinets anymore?
best filing cabinet,What is the best material for a filing cabinet?
best filing cabinet,What is the best cabinet brand?
best filing cabinet,What brand cabinet is best?
best filing cabinet,Does anyone use filing cabinets anymore?
cubicle vs open office,Are cubicles better than open office?
cubicle vs open office,Why don't companies use cubicles anymore?
cubicle vs open office,What is the difference between a cubicle and an office?
cubicle vs open office,What are the disadvantages of using cubicles?
cubicle vs open office,Has OpenOffice been discontinued?
cubicle vs open office,What is the most efficient office layout?
herman miller vs steelcase,Is Steelcase as good as Herman Miller?
herman miller vs steelcase,What office chair does Mark Zuckerberg use?
herman miller vs steelcase,Is Herman Miller high end furniture?
herman miller vs steelcase,What's the best equivalent to Herman Miller chair?
herman miller vs steelcase,What chair does Elon Musk use?
herman miller vs steelcase,Why is Steelcase so expensive?
best reception desk,What are the latest reception desk trends?
best reception desk,What is the best material for a reception desk?
best reception desk,What is the best shape for a reception desk?
best reception desk,What is the difference between reception desk and receptionist desk?
best reception desk,What is the 3-5-7 rule in decorating?
best reception desk,What is the best shape for a reception desk?
